awayAbbrev,homeAbbrev,est,id
NJD,BUF,2024 October 04 13:00:00,2024020001
BUF,NJD,2024 October 05 10:00:00,2024020002
STL,SEA,2024 October 08 16:30:00,2024020003
BOS,FLA,2024 October 08 19:00:00,2024020004
CHI,UTA,2024 October 08 22:00:00,2024020005
TOR,MTL,2024 October 09 19:00:00,2024020006
NYR,PIT,2024 October 09 19:30:00,2024020007
WPG,EDM,2024 October 09 22:00:00,2024020008
CGY,VAN,2024 October 09 22:00:00,2024020009
COL,VGK,2024 October 09 22:00:00,2024020010
MTL,BOS,2024 October 10 19:00:00,2024020011
LAK,BUF,2024 October 10 19:00:00,2024020012
FLA,OTT,2024 October 10 19:00:00,2024020013
PIT,DET,2024 October 10 20:00:00,2024020014
TOR,NJD,2024 October 10 19:00:00,2024020015
UTA,NYI,2024 October 10 19:30:00,2024020016
DAL,NSH,2024 October 10 20:00:00,2024020017
CBJ,MIN,2024 October 10 20:00:00,2024020018
STL,SJS,2024 October 10 22:30:00,2024020019
TBL,CAR,2024 October 11 19:00:00,2024020020
CHI,WPG,2024 October 11 20:00:00,2024020021
PHI,VAN,2024 October 11 22:00:00,2024020022
STL,VGK,2024 October 11 22:00:00,2024020023
LAK,BOS,2024 October 12 13:00:00,2024020024
FLA,BUF,2024 October 12 19:00:00,2024020025
PIT,TOR,2024 October 12 19:00:00,2024020026
OTT,MTL,2024 October 12 19:00:00,2024020027
NSH,DET,2024 October 12 19:00:00,2024020028
CAR,TBL,2025 January 07 19:00:00,2024020029
UTA,NYR,2024 October 12 19:00:00,2024020030
NJD,WSH,2024 October 12 19:00:00,2024020031
NYI,DAL,2024 October 12 20:00:00,2024020032
SEA,MIN,2024 October 12 20:00:00,2024020033
CBJ,COL,2024 October 12 21:00:00,2024020034
PHI,CGY,2024 October 12 22:00:00,2024020035
CHI,EDM,2024 October 12 22:00:00,2024020036
ANA,SJS,2024 October 12 22:00:00,2024020037
MIN,WPG,2024 October 13 18:00:00,2024020038
SEA,DAL,2024 October 13 20:00:00,2024020039
CGY,EDM,2024 October 13 20:00:00,2024020040
ANA,VGK,2024 October 13 22:00:00,2024020041
FLA,BOS,2024 October 14 13:00:00,2024020042
LAK,OTT,2024 October 14 13:00:00,2024020043
UTA,NJD,2024 October 14 13:00:00,2024020044
DET,NYR,2024 October 14 19:00:00,2024020045
PIT,MTL,2024 October 14 19:30:00,2024020046
NYI,COL,2024 October 14 21:00:00,2024020047
VAN,TBL,2024 October 15 19:00:00,2024020048
VGK,WSH,2024 October 15 19:00:00,2024020049
NJD,CAR,2024 October 15 19:00:00,2024020050
FLA,CBJ,2024 October 15 19:00:00,2024020051
MIN,STL,2024 October 15 19:30:00,2024020052
SEA,NSH,2024 October 15 20:00:00,2024020053
SJS,DAL,2024 October 15 20:00:00,2024020054
CHI,CGY,2024 October 15 21:00:00,2024020055
PHI,EDM,2024 October 15 22:00:00,2024020056
BUF,PIT,2024 October 16 19:00:00,2024020057
LAK,TOR,2024 October 16 19:30:00,2024020058
BOS,COL,2024 October 16 21:30:00,2024020059
UTA,ANA,2024 October 16 22:00:00,2024020060
LAK,MTL,2024 October 17 19:00:00,2024020061
NJD,OTT,2024 October 17 19:00:00,2024020062
NYR,DET,2024 October 17 19:30:00,2024020063
VGK,TBL,2024 October 17 19:00:00,2024020064
VAN,FLA,2024 October 17 19:00:00,2024020065
DAL,WSH,2024 October 17 19:00:00,2024020066
BUF,CBJ,2024 October 17 19:00:00,2024020067
NYI,STL,2024 October 17 20:00:00,2024020068
EDM,NSH,2024 October 17 20:00:00,2024020069
SJS,CHI,2024 October 17 20:30:00,2024020070
PHI,SEA,2024 October 17 22:00:00,2024020071
CAR,PIT,2024 October 18 19:00:00,2024020072
SJS,WPG,2024 October 18 20:00:00,2024020073
ANA,COL,2024 October 18 21:00:00,2024020074
TBL,OTT,2024 October 19 13:00:00,2024020075
DET,NSH,2024 October 19 14:00:00,2024020076
EDM,DAL,2024 October 19 16:00:00,2024020077
VGK,FLA,2024 October 19 18:00:00,2024020078
NYR,TOR,2024 October 19 19:00:00,2024020079
WSH,NJD,2024 October 19 19:00:00,2024020080
MTL,NYI,2024 October 19 19:00:00,2024020081
VAN,PHI,2024 October 19 19:00:00,2024020082
MIN,CBJ,2024 October 19 19:00:00,2024020083
CAR,STL,2024 October 19 19:00:00,2024020084
BUF,CHI,2024 October 19 20:00:00,2024020085
BOS,UTA,2024 October 19 21:00:00,2024020086
CGY,SEA,2024 October 19 22:00:00,2024020087
PIT,WPG,2024 October 20 15:00:00,2024020088
COL,SJS,2024 October 20 20:00:00,2024020089
LAK,ANA,2024 October 20 20:00:00,2024020090
TBL,TOR,2024 October 21 19:30:00,2024020091
WSH,PHI,2024 October 22 18:00:00,2024020092
MIN,FLA,2024 October 22 18:30:00,2024020093
TBL,NJD,2024 October 22 18:45:00,2024020094
DAL,BUF,2024 October 22 19:00:00,2024020095
NYR,MTL,2024 October 22 19:15:00,2024020096
TOR,CBJ,2024 October 22 19:30:00,2024020097
DET,NYI,2024 October 22 19:45:00,2024020098
WPG,STL,2024 October 22 20:00:00,2024020099
VAN,CHI,2024 October 22 20:15:00,2024020100
BOS,NSH,2024 October 22 20:45:00,2024020101
PIT,CGY,2024 October 22 21:30:00,2024020102
CAR,EDM,2024 October 22 21:00:00,2024020103
OTT,UTA,2024 October 22 21:15:00,2024020104
SJS,ANA,2024 October 22 22:15:00,2024020105
COL,SEA,2024 October 22 20:30:00,2024020106
LAK,VGK,2024 October 22 23:00:00,2024020107
PHI,WSH,2024 October 23 19:30:00,2024020108
DAL,BOS,2024 October 24 19:00:00,2024020109
STL,TOR,2024 October 24 19:00:00,2024020110
NJD,DET,2024 October 24 19:00:00,2024020111
MIN,TBL,2024 October 24 19:00:00,2024020112
FLA,NYR,2024 October 24 19:00:00,2024020113
CAR,CGY,2024 October 24 21:00:00,2024020114
COL,UTA,2024 October 24 21:00:00,2024020115
WPG,SEA,2024 October 24 22:00:00,2024020116
SJS,LAK,2024 October 24 22:30:00,2024020117
OTT,VGK,2024 October 25 18:00:00,2024020118
NYI,NJD,2024 October 25 19:00:00,2024020119
NSH,CHI,2024 October 25 20:30:00,2024020120
PIT,EDM,2024 October 25 21:00:00,2024020121
DET,BUF,2024 October 26 13:00:00,2024020122
MIN,PHI,2024 October 26 13:00:00,2024020123
UTA,LAK,2024 October 26 16:00:00,2024020124
TOR,BOS,2024 October 26 19:00:00,2024020125
STL,MTL,2024 October 26 19:00:00,2024020126
WSH,TBL,2024 October 26 19:00:00,2024020127
ANA,NYR,2024 October 26 19:00:00,2024020128
WPG,CGY,2024 October 26 19:00:00,2024020129
FLA,NYI,2024 October 26 19:30:00,2024020130
CBJ,NSH,2024 October 26 20:00:00,2024020131
CHI,DAL,2024 October 26 20:00:00,2024020132
PIT,VAN,2024 October 26 22:00:00,2024020133
SJS,VGK,2024 October 26 22:00:00,2024020134
CAR,SEA,2024 October 26 22:00:00,2024020135
EDM,DET,2024 October 27 18:00:00,2024020136
ANA,NJD,2024 October 27 19:00:00,2024020137
MTL,PHI,2024 October 27 19:00:00,2024020138
OTT,COL,2024 October 27 21:00:00,2024020139
FLA,BUF,2024 October 28 19:00:00,2024020140
NSH,TBL,2024 October 28 19:30:00,2024020141
EDM,CBJ,2024 October 28 19:00:00,2024020142
TOR,WPG,2024 October 28 19:30:00,2024020143
CHI,COL,2024 October 28 21:00:00,2024020144
SJS,UTA,2024 October 28 21:00:00,2024020145
CAR,VAN,2024 October 28 22:00:00,2024020146
CGY,VGK,2024 October 28 22:00:00,2024020147
PHI,BOS,2024 October 29 19:00:00,2024020148
SEA,MTL,2024 October 29 19:00:00,2024020149
STL,OTT,2024 October 29 19:00:00,2024020150
NYR,WSH,2024 October 29 19:30:00,2024020151
ANA,NYI,2024 October 29 19:00:00,2024020152
MIN,PIT,2024 October 29 19:00:00,2024020153
LAK,SJS,2024 October 29 22:00:00,2024020154
NYI,CBJ,2024 October 30 19:00:00,2024020155
WPG,DET,2024 October 30 19:30:00,2024020156
TBL,COL,2024 October 30 21:00:00,2024020157
CGY,UTA,2024 October 30 21:30:00,2024020158
NJD,VAN,2024 October 30 22:30:00,2024020159
VGK,LAK,2024 October 30 22:00:00,2024020160
SEA,TOR,2024 October 31 19:00:00,2024020161
STL,PHI,2024 October 31 19:00:00,2024020162
ANA,PIT,2024 October 31 19:00:00,2024020163
MTL,WSH,2024 October 31 19:00:00,2024020164
BOS,CAR,2024 October 31 19:00:00,2024020165
EDM,NSH,2024 October 31 20:00:00,2024020166
CHI,SJS,2024 October 31 22:30:00,2024020167
FLA,DAL,2024 November 01 14:00:00,2024020168
NYI,BUF,2024 November 01 19:00:00,2024020169
OTT,NYR,2024 November 01 19:00:00,2024020170
WPG,CBJ,2024 November 01 19:00:00,2024020171
TBL,MIN,2024 November 01 20:00:00,2024020172
NJD,CGY,2024 November 01 21:00:00,2024020173
DAL,FLA,2024 November 02 12:00:00,2024020174
BOS,PHI,2024 November 02 13:00:00,2024020175
CHI,LAK,2024 November 02 16:00:00,2024020176
CBJ,WSH,2024 November 02 17:00:00,2024020177
SEA,OTT,2024 November 02 19:00:00,2024020178
BUF,DET,2024 November 02 19:00:00,2024020179
MTL,PIT,2024 November 02 19:00:00,2024020180
TOR,STL,2024 November 02 19:00:00,2024020181
COL,NSH,2024 November 02 20:00:00,2024020182
UTA,VGK,2024 November 02 22:00:00,2024020183
VAN,SJS,2024 November 02 22:00:00,2024020184
NYI,NYR,2024 November 03 13:00:00,2024020185
TBL,WPG,2024 November 03 15:00:00,2024020186
SEA,BOS,2024 November 03 17:00:00,2024020187
WSH,CAR,2024 November 03 17:00:00,2024020188
TOR,MIN,2024 November 03 18:00:00,2024020189
EDM,CGY,2024 November 03 20:00:00,2024020190
CHI,ANA,2024 November 03 20:00:00,2024020191
LAK,NSH,2024 November 04 20:00:00,2024020192
NJD,EDM,2024 November 04 20:30:00,2024020193
OTT,BUF,2024 November 05 19:00:00,2024020194
BOS,TOR,2024 November 05 19:00:00,2024020195
CGY,MTL,2024 November 05 19:00:00,2024020196
PHI,CAR,2024 November 05 19:00:00,2024020197
PIT,NYI,2024 November 05 19:30:00,2024020198
TBL,STL,2024 November 05 20:00:00,2024020199
LAK,MIN,2024 November 05 20:00:00,2024020200
UTA,WPG,2024 November 05 20:00:00,2024020201
SEA,COL,2024 November 05 21:00:00,2024020202
VAN,ANA,2024 November 05 22:00:00,2024020203
CBJ,SJS,2024 November 05 22:30:00,2024020204
NSH,WSH,2024 November 06 19:00:00,2024020205
DET,CHI,2024 November 06 20:00:00,2024020206
VGK,EDM,2024 November 06 20:30:00,2024020207
CGY,BOS,2024 November 07 19:00:00,2024020208
NYI,OTT,2024 November 07 19:00:00,2024020209
PHI,TBL,2024 November 07 19:30:00,2024020210
NSH,FLA,2024 November 07 19:00:00,2024020211
MTL,NJD,2024 November 07 19:00:00,2024020212
BUF,NYR,2024 November 07 19:00:00,2024020213
PIT,CAR,2024 November 07 19:00:00,2024020214
UTA,STL,2024 November 07 20:00:00,2024020215
CHI,DAL,2024 November 07 20:00:00,2024020216
COL,WPG,2024 November 07 20:00:00,2024020217
VAN,LAK,2024 November 07 22:30:00,2024020218
MIN,SJS,2024 November 07 22:30:00,2024020219
DET,TOR,2024 November 08 19:00:00,2024020220
PIT,WSH,2024 November 08 19:30:00,2024020221
MIN,ANA,2024 November 08 22:00:00,2024020222
VGK,SEA,2024 November 08 22:00:00,2024020223
CGY,BUF,2024 November 09 13:00:00,2024020224
PHI,FLA,2024 November 09 18:00:00,2024020225
OTT,BOS,2024 November 09 19:00:00,2024020226
MTL,TOR,2024 November 09 19:00:00,2024020227
NYR,DET,2024 November 09 19:00:00,2024020228
WSH,STL,2024 November 09 19:00:00,2024020229
DAL,WPG,2024 November 09 15:00:00,2024020230
NJD,NYI,2024 November 09 19:30:00,2024020231
UTA,NSH,2024 November 09 20:00:00,2024020232
CAR,COL,2024 November 09 21:00:00,2024020233
CBJ,LAK,2024 November 09 21:00:00,2024020234
EDM,VAN,2024 November 09 22:00:00,2024020235
SJS,NJD,2024 November 10 19:00:00,2024020236
MIN,CHI,2024 November 10 19:00:00,2024020237
CBJ,ANA,2024 November 10 20:00:00,2024020238
MTL,BUF,2024 November 11 12:30:00,2024020239
SJS,PHI,2024 November 11 19:00:00,2024020240
DAL,PIT,2024 November 11 19:00:00,2024020241
LAK,CGY,2024 November 11 20:30:00,2024020242
NSH,COL,2024 November 11 21:00:00,2024020243
CAR,VGK,2024 November 11 22:00:00,2024020244
OTT,TOR,2024 November 12 19:00:00,2024020245
NJD,FLA,2024 November 12 19:30:00,2024020246
WPG,NYR,2024 November 12 19:00:00,2024020247
BOS,STL,2024 November 12 20:00:00,2024020248
NYI,EDM,2024 November 12 21:00:00,2024020249
CGY,VAN,2024 November 12 22:00:00,2024020250
CBJ,SEA,2024 November 12 22:00:00,2024020251
DET,PIT,2024 November 13 19:30:00,2024020252
TOR,WSH,2024 November 13 19:30:00,2024020253
CAR,UTA,2024 November 13 21:00:00,2024020254
LAK,COL,2024 November 13 22:00:00,2024020255
VGK,ANA,2024 November 13 22:00:00,2024020256
STL,BUF,2024 November 14 19:30:00,2024020257
PHI,OTT,2024 November 14 19:00:00,2024020258
WPG,TBL,2024 November 14 19:00:00,2024020259
NJD,FLA,2024 November 14 19:00:00,2024020260
SJS,NYR,2024 November 14 19:00:00,2024020261
BOS,DAL,2024 November 14 20:00:00,2024020262
MTL,MIN,2024 November 14 20:00:00,2024020263
NSH,EDM,2024 November 14 21:00:00,2024020264
NYI,VAN,2024 November 14 22:00:00,2024020265
CHI,SEA,2024 November 14 22:00:00,2024020266
PIT,CBJ,2024 November 15 19:00:00,2024020267
WSH,COL,2024 November 15 21:00:00,2024020268
NSH,CGY,2024 November 15 21:00:00,2024020269
VGK,UTA,2024 November 15 21:00:00,2024020270
DET,ANA,2024 November 15 22:00:00,2024020271
STL,BOS,2024 November 16 13:00:00,2024020272
NYI,SEA,2024 November 16 16:00:00,2024020273
EDM,TOR,2024 November 16 19:00:00,2024020274
CBJ,MTL,2024 November 16 19:00:00,2024020275
NJD,TBL,2024 November 16 19:00:00,2024020276
WPG,FLA,2024 November 16 19:00:00,2024020277
BUF,PHI,2024 November 16 19:00:00,2024020278
SJS,PIT,2024 November 16 19:00:00,2024020279
OTT,CAR,2024 November 16 19:00:00,2024020280
DAL,MIN,2024 November 16 20:00:00,2024020281
DET,LAK,2024 November 16 20:00:00,2024020282
CHI,VAN,2024 November 16 22:00:00,2024020283
STL,CAR,2024 November 17 17:00:00,2024020284
NSH,VAN,2024 November 17 22:00:00,2024020285
WSH,VGK,2024 November 17 20:00:00,2024020286
NYR,SEA,2024 November 17 21:00:00,2024020287
CBJ,BOS,2024 November 18 19:00:00,2024020288
COL,PHI,2024 November 18 19:00:00,2024020289
EDM,MTL,2024 November 18 19:30:00,2024020290
ANA,DAL,2024 November 18 20:00:00,2024020291
WSH,UTA,2024 November 18 21:00:00,2024020292
DET,SJS,2024 November 18 22:30:00,2024020293
EDM,OTT,2024 November 19 19:00:00,2024020294
TBL,PIT,2024 November 19 19:00:00,2024020295
MIN,STL,2024 November 19 20:00:00,2024020296
FLA,WPG,2024 November 19 20:00:00,2024020297
ANA,CHI,2024 November 19 20:30:00,2024020298
NYI,CGY,2024 November 19 21:00:00,2024020299
NYR,VAN,2024 November 19 22:00:00,2024020300
VGK,TOR,2024 November 20 19:30:00,2024020301
CAR,PHI,2024 November 20 19:30:00,2024020302
SJS,DAL,2024 November 20 20:00:00,2024020303
NSH,SEA,2024 November 20 22:00:00,2024020304
BUF,LAK,2024 November 20 22:30:00,2024020305
UTA,BOS,2024 November 21 19:00:00,2024020306
VGK,OTT,2024 November 21 19:00:00,2024020307
NYI,DET,2024 November 21 19:00:00,2024020308
CAR,NJD,2024 November 21 19:00:00,2024020309
COL,WSH,2024 November 21 19:00:00,2024020310
TBL,CBJ,2024 November 21 19:00:00,2024020311
SJS,STL,2024 November 21 20:00:00,2024020312
FLA,CHI,2024 November 21 20:30:00,2024020313
NYR,CGY,2024 November 21 21:00:00,2024020314
MIN,EDM,2024 November 21 21:00:00,2024020315
WPG,PIT,2024 November 22 19:00:00,2024020316
BUF,ANA,2024 November 22 22:00:00,2024020317
CHI,PHI,2024 November 23 13:00:00,2024020318
MIN,CGY,2024 November 23 16:00:00,2024020319
SEA,LAK,2024 November 23 16:00:00,2024020320
COL,FLA,2024 November 23 18:00:00,2024020321
VGK,MTL,2024 November 23 19:00:00,2024020322
VAN,OTT,2024 November 23 19:00:00,2024020323
BOS,DET,2024 November 23 19:00:00,2024020324
DAL,TBL,2024 November 23 19:00:00,2024020325
UTA,PIT,2024 November 23 19:00:00,2024020326
NJD,WSH,2024 November 23 19:00:00,2024020327
CAR,CBJ,2024 November 23 19:00:00,2024020328
WPG,NSH,2024 November 23 19:00:00,2024020329
STL,NYI,2024 November 23 19:30:00,2024020330
BUF,SJS,2024 November 23 20:00:00,2024020331
NYR,EDM,2024 November 23 22:00:00,2024020332
UTA,TOR,2024 November 24 19:00:00,2024020333
COL,TBL,2024 November 25 19:00:00,2024020334
WSH,FLA,2024 November 25 19:00:00,2024020335
NSH,NJD,2024 November 25 19:00:00,2024020336
STL,NYR,2024 November 25 19:00:00,2024020337
VGK,PHI,2024 November 25 19:00:00,2024020338
DAL,CAR,2024 November 25 19:00:00,2024020339
CGY,OTT,2024 November 25 19:30:00,2024020340
DET,NYI,2024 November 25 19:30:00,2024020341
WPG,MIN,2024 November 25 20:00:00,2024020342
SEA,ANA,2024 November 25 22:00:00,2024020343
LAK,SJS,2024 November 25 22:30:00,2024020344
VAN,BOS,2024 November 26 19:00:00,2024020345
UTA,MTL,2024 November 26 19:00:00,2024020346
MIN,BUF,2024 November 27 19:00:00,2024020347
STL,NJD,2024 November 27 19:00:00,2024020348
NYR,CAR,2024 November 27 19:00:00,2024020349
CGY,DET,2024 November 27 19:30:00,2024020350
WSH,TBL,2024 November 27 19:30:00,2024020351
TOR,FLA,2024 November 27 19:30:00,2024020352
BOS,NYI,2024 November 27 19:30:00,2024020353
VAN,PIT,2024 November 27 19:30:00,2024020354
MTL,CBJ,2024 November 27 19:30:00,2024020355
PHI,NSH,2024 November 27 20:00:00,2024020356
DAL,CHI,2024 November 27 20:30:00,2024020357
VGK,COL,2024 November 27 22:00:00,2024020358
WPG,LAK,2024 November 27 22:00:00,2024020359
ANA,SEA,2024 November 27 22:00:00,2024020360
OTT,SJS,2024 November 27 22:30:00,2024020361
NYR,PHI,2024 November 29 13:00:00,2024020362
CHI,MIN,2024 November 29 14:00:00,2024020363
VAN,BUF,2024 November 29 15:00:00,2024020364
NJD,DET,2024 November 29 15:00:00,2024020365
NYI,WSH,2024 November 29 15:00:00,2024020366
FLA,CAR,2024 November 29 15:00:00,2024020367
CGY,CBJ,2024 November 29 15:00:00,2024020368
TBL,NSH,2024 November 29 15:00:00,2024020369
LAK,ANA,2024 November 29 15:30:00,2024020370
SEA,SJS,2024 November 29 15:30:00,2024020371
PIT,BOS,2024 November 29 18:30:00,2024020372
COL,DAL,2024 November 29 21:00:00,2024020373
WPG,VGK,2024 November 29 20:30:00,2024020374
EDM,UTA,2024 November 29 21:00:00,2024020375
MTL,NYR,2024 November 30 13:00:00,2024020376
CAR,FLA,2024 November 30 16:00:00,2024020377
TOR,TBL,2024 November 30 19:00:00,2024020378
WSH,NJD,2024 November 30 19:00:00,2024020379
CGY,PIT,2024 November 30 19:00:00,2024020380
PHI,STL,2024 November 30 19:00:00,2024020381
OTT,LAK,2024 November 30 19:00:00,2024020382
BUF,NYI,2024 November 30 19:30:00,2024020383
NSH,MIN,2024 November 30 20:00:00,2024020384
EDM,COL,2024 November 30 22:00:00,2024020385
UTA,VGK,2024 November 30 22:00:00,2024020386
SJS,SEA,2024 November 30 22:00:00,2024020387
VAN,DET,2024 December 01 12:30:00,2024020388
MTL,BOS,2024 December 01 15:00:00,2024020389
CBJ,CHI,2024 December 01 15:00:00,2024020390
WPG,DAL,2024 December 01 16:30:00,2024020391
OTT,ANA,2024 December 01 20:00:00,2024020392
NJD,NYR,2024 December 02 19:00:00,2024020393
CHI,TOR,2024 December 02 19:30:00,2024020394
DAL,UTA,2024 December 02 21:00:00,2024020395
DET,BOS,2024 December 03 19:00:00,2024020396
COL,BUF,2024 December 03 19:00:00,2024020397
NYI,MTL,2024 December 03 19:00:00,2024020398
FLA,PIT,2024 December 03 19:00:00,2024020399
SJS,WSH,2024 December 03 19:00:00,2024020400
SEA,CAR,2024 December 03 19:00:00,2024020401
VAN,MIN,2024 December 03 20:00:00,2024020402
STL,WPG,2024 December 03 20:00:00,2024020403
CBJ,CGY,2024 December 03 21:00:00,2024020404
EDM,VGK,2024 December 03 22:00:00,2024020405
NSH,TOR,2024 December 04 19:30:00,2024020406
BOS,CHI,2024 December 04 19:30:00,2024020407
VGK,ANA,2024 December 04 22:00:00,2024020408
DAL,LAK,2024 December 04 22:00:00,2024020409
WPG,BUF,2024 December 05 19:00:00,2024020410
NSH,MTL,2024 December 05 19:00:00,2024020411
DET,OTT,2024 December 05 19:00:00,2024020412
SJS,TBL,2024 December 05 19:00:00,2024020413
FLA,PHI,2024 December 05 19:00:00,2024020414
COL,CAR,2024 December 05 19:00:00,2024020415
SEA,NYI,2024 December 05 19:30:00,2024020416
STL,CGY,2024 December 05 21:00:00,2024020417
CBJ,EDM,2024 December 05 21:00:00,2024020418
WSH,TOR,2024 December 06 19:00:00,2024020419
SEA,NJD,2024 December 06 19:00:00,2024020420
PIT,NYR,2024 December 06 19:30:00,2024020421
CBJ,VAN,2024 December 06 22:00:00,2024020422
DAL,VGK,2024 December 06 22:00:00,2024020423
MIN,ANA,2024 December 06 22:00:00,2024020424
PHI,BOS,2024 December 07 13:00:00,2024020425
UTA,BUF,2024 December 07 13:00:00,2024020426
WPG,CHI,2024 December 07 16:00:00,2024020427
CAR,NYI,2024 December 07 17:00:00,2024020428
SJS,FLA,2024 December 07 18:00:00,2024020429
WSH,MTL,2024 December 07 19:00:00,2024020430
NSH,OTT,2024 December 07 19:00:00,2024020431
COL,DET,2024 December 07 19:00:00,2024020432
TOR,PIT,2024 December 07 19:00:00,2024020433
MIN,LAK,2024 December 07 20:00:00,2024020434
STL,EDM,2024 December 07 22:00:00,2024020435
SEA,NYR,2024 December 08 13:00:00,2024020436
TBL,VAN,2024 December 08 16:00:00,2024020437
NYI,OTT,2024 December 08 17:00:00,2024020438
CBJ,WPG,2024 December 08 18:00:00,2024020439
COL,NJD,2024 December 08 19:00:00,2024020440
UTA,PHI,2024 December 08 19:30:00,2024020441
CGY,DAL,2024 December 08 20:00:00,2024020442
DET,BUF,2024 December 09 19:00:00,2024020443
CHI,NYR,2024 December 09 19:00:00,2024020444
ANA,MTL,2024 December 09 19:30:00,2024020445
TOR,NJD,2024 December 10 19:00:00,2024020446
COL,PIT,2024 December 10 19:00:00,2024020447
SJS,CAR,2024 December 10 19:00:00,2024020448
PHI,CBJ,2024 December 10 19:00:00,2024020449
LAK,NYI,2024 December 10 19:30:00,2024020450
CGY,NSH,2024 December 10 20:00:00,2024020451
BOS,WPG,2024 December 10 20:00:00,2024020452
TBL,EDM,2024 December 10 21:00:00,2024020453
MIN,UTA,2024 December 10 21:30:00,2024020454
STL,VAN,2024 December 10 22:00:00,2024020455
FLA,SEA,2024 December 10 22:00:00,2024020456
NYR,BUF,2024 December 11 19:00:00,2024020457
ANA,OTT,2024 December 11 19:30:00,2024020458
ANA,TOR,2024 December 12 19:00:00,2024020459
PIT,MTL,2024 December 12 19:00:00,2024020460
LAK,NJD,2024 December 12 19:00:00,2024020461
DET,PHI,2024 December 12 19:00:00,2024020462
WSH,CBJ,2024 December 12 19:00:00,2024020463
CHI,NYI,2024 December 12 19:30:00,2024020464
SJS,STL,2024 December 12 20:00:00,2024020465
NSH,DAL,2024 December 12 20:00:00,2024020466
EDM,MIN,2024 December 12 20:30:00,2024020467
VGK,WPG,2024 December 12 20:00:00,2024020468
UTA,COL,2024 December 12 21:00:00,2024020469
TBL,CGY,2024 December 12 21:00:00,2024020470
FLA,VAN,2024 December 12 22:00:00,2024020471
BOS,SEA,2024 December 12 22:00:00,2024020472
OTT,CAR,2024 December 13 19:00:00,2024020473
CHI,NJD,2024 December 14 13:00:00,2024020474
LAK,NYR,2024 December 14 13:00:00,2024020475
PHI,MIN,2024 December 14 14:00:00,2024020476
VGK,EDM,2024 December 14 16:00:00,2024020477
PIT,OTT,2024 December 14 19:00:00,2024020478
TOR,DET,2024 December 14 19:00:00,2024020479
BUF,WSH,2024 December 14 19:00:00,2024020480
ANA,CBJ,2024 December 14 19:00:00,2024020481
MTL,WPG,2024 December 14 19:00:00,2024020482
STL,DAL,2024 December 14 20:00:00,2024020483
NSH,COL,2024 December 14 21:00:00,2024020484
FLA,CGY,2024 December 14 22:00:00,2024020485
BOS,VAN,2024 December 14 22:00:00,2024020486
UTA,SJS,2024 December 14 22:00:00,2024020487
TBL,SEA,2024 December 14 22:00:00,2024020488
NYI,CHI,2024 December 15 15:00:00,2024020489
BUF,TOR,2024 December 15 17:00:00,2024020490
CBJ,CAR,2024 December 15 17:00:00,2024020491
NYR,STL,2024 December 15 18:00:00,2024020492
VGK,MIN,2024 December 15 18:00:00,2024020493
WSH,DAL,2024 December 16 20:00:00,2024020494
FLA,EDM,2024 December 16 20:30:00,2024020495
COL,VAN,2024 December 16 22:30:00,2024020496
BUF,MTL,2024 December 17 19:00:00,2024020497
CBJ,TBL,2024 December 17 19:00:00,2024020498
LAK,PIT,2024 December 17 19:00:00,2024020499
NYI,CAR,2024 December 17 19:30:00,2024020500
NJD,STL,2024 December 17 20:00:00,2024020501
NYR,NSH,2024 December 17 20:00:00,2024020502
WSH,CHI,2024 December 17 20:30:00,2024020503
BOS,CGY,2024 December 17 21:00:00,2024020504
OTT,SEA,2024 December 17 22:00:00,2024020505
WPG,SJS,2024 December 17 22:30:00,2024020506
PHI,DET,2024 December 18 19:00:00,2024020507
TOR,DAL,2024 December 18 19:30:00,2024020508
FLA,MIN,2024 December 18 21:30:00,2024020509
VAN,UTA,2024 December 18 22:00:00,2024020510
WPG,ANA,2024 December 18 22:00:00,2024020511
STL,TBL,2024 December 19 19:00:00,2024020512
LAK,PHI,2024 December 19 19:30:00,2024020513
NJD,CBJ,2024 December 19 19:00:00,2024020514
PIT,NSH,2024 December 19 20:00:00,2024020515
SEA,CHI,2024 December 19 20:30:00,2024020516
OTT,CGY,2024 December 19 21:00:00,2024020517
BOS,EDM,2024 December 19 21:00:00,2024020518
VAN,VGK,2024 December 19 22:00:00,2024020519
COL,SJS,2024 December 19 22:30:00,2024020520
TOR,BUF,2024 December 20 19:00:00,2024020521
MTL,DET,2024 December 20 19:00:00,2024020522
STL,FLA,2024 December 20 19:00:00,2024020523
CAR,WSH,2024 December 20 19:00:00,2024020524
NYR,DAL,2024 December 20 20:00:00,2024020525
UTA,MIN,2024 December 20 20:00:00,2024020526
COL,ANA,2024 December 20 22:00:00,2024020527
LAK,NSH,2024 December 21 13:30:00,2024020528
CHI,CGY,2024 December 21 16:00:00,2024020529
SJS,EDM,2024 December 21 16:00:00,2024020530
BUF,BOS,2024 December 21 19:00:00,2024020531
NYI,TOR,2024 December 21 19:00:00,2024020532
DET,MTL,2024 December 21 19:00:00,2024020533
PIT,NJD,2024 December 21 19:00:00,2024020534
CBJ,PHI,2024 December 21 19:00:00,2024020535
MIN,WPG,2024 December 21 19:00:00,2024020536
OTT,VAN,2024 December 21 22:00:00,2024020537
SEA,VGK,2024 December 21 22:00:00,2024020538
CAR,NYR,2024 December 22 12:30:00,2024020539
FLA,TBL,2024 December 22 17:00:00,2024020540
LAK,WSH,2024 December 22 17:00:00,2024020541
ANA,UTA,2024 December 22 17:00:00,2024020542
SEA,COL,2024 December 22 20:00:00,2024020543
OTT,EDM,2024 December 22 20:00:00,2024020544
NYR,NJD,2024 December 23 13:00:00,2024020545
WPG,TOR,2024 December 23 14:00:00,2024020546
WSH,BOS,2024 December 23 19:00:00,2024020547
STL,DET,2024 December 23 19:00:00,2024020548
TBL,FLA,2024 December 23 19:00:00,2024020549
PHI,PIT,2024 December 23 19:00:00,2024020550
MTL,CBJ,2024 December 23 19:00:00,2024020551
BUF,NYI,2024 December 23 19:30:00,2024020552
CAR,NSH,2024 December 23 20:00:00,2024020553
CHI,MIN,2024 December 23 20:00:00,2024020554
SJS,VAN,2024 December 23 21:00:00,2024020555
DAL,UTA,2024 December 23 21:00:00,2024020556
ANA,VGK,2024 December 23 22:00:00,2024020557
CHI,BUF,2024 December 27 19:00:00,2024020558
TOR,DET,2024 December 27 19:00:00,2024020559
CAR,NJD,2024 December 27 19:00:00,2024020560
BOS,CBJ,2024 December 27 19:00:00,2024020561
NSH,STL,2024 December 27 20:00:00,2024020562
MIN,DAL,2024 December 27 20:00:00,2024020563
COL,UTA,2024 December 27 21:30:00,2024020564
VGK,SJS,2024 December 27 22:30:00,2024020565
MTL,FLA,2024 December 28 13:00:00,2024020566
SEA,VAN,2024 December 28 16:00:00,2024020567
PHI,ANA,2024 December 28 16:00:00,2024020568
EDM,LAK,2024 December 28 16:00:00,2024020569
CBJ,BOS,2024 December 28 19:00:00,2024020570
WSH,TOR,2024 December 28 19:00:00,2024020571
NYR,TBL,2024 December 28 19:00:00,2024020572
NJD,CAR,2024 December 28 19:00:00,2024020573
OTT,WPG,2024 December 28 19:00:00,2024020574
PIT,NYI,2024 December 28 19:30:00,2024020575
CGY,SJS,2024 December 28 22:00:00,2024020576
DAL,CHI,2024 December 29 20:30:00,2024020577
EDM,ANA,2024 December 29 16:00:00,2024020578
WSH,DET,2024 December 29 17:00:00,2024020579
MTL,TBL,2024 December 29 17:00:00,2024020580
NYI,PIT,2024 December 29 17:30:00,2024020581
BUF,STL,2024 December 29 15:00:00,2024020582
OTT,MIN,2024 December 29 20:00:00,2024020583
CGY,VGK,2024 December 29 20:00:00,2024020584
PHI,LAK,2024 December 29 21:00:00,2024020585
NYR,FLA,2024 December 30 19:00:00,2024020586
NSH,WPG,2024 December 30 19:30:00,2024020587
UTA,SEA,2024 December 30 20:00:00,2024020588
BOS,WSH,2024 December 31 12:30:00,2024020589
NYI,TOR,2024 December 31 13:00:00,2024020590
MTL,VGK,2024 December 31 15:00:00,2024020591
STL,CHI,2024 December 31 17:00:00,2024020592
PIT,DET,2024 December 31 20:00:00,2024020593
CAR,CBJ,2024 December 31 20:00:00,2024020594
BUF,DAL,2024 December 31 20:00:00,2024020595
NSH,MIN,2024 December 31 20:00:00,2024020596
WPG,COL,2024 December 31 20:00:00,2024020597
NJD,ANA,2024 December 31 20:00:00,2024020598
PHI,SJS,2024 December 31 20:00:00,2024020599
VAN,CGY,2024 December 31 21:00:00,2024020600
UTA,EDM,2024 December 31 21:00:00,2024020601
NJD,LAK,2025 January 01 18:00:00,2024020602
CAR,FLA,2025 January 02 19:00:00,2024020603
BOS,NYR,2025 January 02 19:00:00,2024020604
MIN,WSH,2025 January 02 19:00:00,2024020605
DET,CBJ,2025 January 02 19:00:00,2024020606
TOR,NYI,2025 January 02 19:30:00,2024020607
OTT,DAL,2025 January 02 20:00:00,2024020608
ANA,WPG,2025 January 02 20:00:00,2024020609
BUF,COL,2025 January 02 21:00:00,2024020610
UTA,CGY,2025 January 02 21:00:00,2024020611
PHI,VGK,2025 January 02 22:00:00,2024020612
VAN,SEA,2025 January 02 22:00:00,2024020613
TBL,SJS,2025 January 02 22:30:00,2024020614
PIT,FLA,2025 January 03 19:00:00,2024020615
MTL,CHI,2025 January 03 20:00:00,2024020616
OTT,STL,2025 January 03 20:00:00,2024020617
ANA,EDM,2025 January 03 21:00:00,2024020618
NSH,VAN,2025 January 03 22:00:00,2024020619
NYR,WSH,2025 January 04 12:00:00,2024020620
DET,WPG,2025 January 04 19:00:00,2024020621
NJD,SJS,2025 January 04 16:00:00,2024020622
BOS,TOR,2025 January 04 19:00:00,2024020623
MIN,CAR,2025 January 04 19:00:00,2024020624
STL,CBJ,2025 January 04 19:00:00,2024020625
MTL,COL,2025 January 04 19:00:00,2024020626
NSH,CGY,2025 January 04 22:00:00,2024020627
UTA,DAL,2025 January 04 20:00:00,2024020628
TBL,LAK,2025 January 04 21:00:00,2024020629
BUF,VGK,2025 January 04 22:00:00,2024020630
EDM,SEA,2025 January 04 22:00:00,2024020631
NYR,CHI,2025 January 05 15:00:00,2024020632
NYI,BOS,2025 January 05 18:00:00,2024020633
PIT,CAR,2025 January 05 18:00:00,2024020634
PHI,TOR,2025 January 05 19:00:00,2024020635
TBL,ANA,2025 January 05 20:00:00,2024020636
WSH,BUF,2025 January 06 19:00:00,2024020637
VAN,MTL,2025 January 06 19:30:00,2024020638
FLA,COL,2025 January 06 21:00:00,2024020639
NJD,SEA,2025 January 06 22:00:00,2024020640
EDM,BOS,2025 January 07 19:00:00,2024020641
OTT,DET,2025 January 07 19:00:00,2024020642
DAL,NYR,2025 January 07 19:00:00,2024020643
TOR,PHI,2025 January 07 19:30:00,2024020644
CBJ,PIT,2025 January 07 19:00:00,2024020645
STL,MIN,2025 January 07 20:00:00,2024020646
NSH,WPG,2025 January 07 20:00:00,2024020647
CGY,ANA,2025 January 07 22:00:00,2024020648
VGK,SJS,2025 January 07 22:30:00,2024020649
VAN,WSH,2025 January 08 19:30:00,2024020650
COL,CHI,2025 January 08 19:30:00,2024020651
FLA,UTA,2025 January 08 22:00:00,2024020652
CGY,LAK,2025 April 17 21:30:00,2024020653
BUF,OTT,2025 January 09 19:00:00,2024020654
BOS,TBL,2025 January 09 19:00:00,2024020655
NJD,NYR,2025 January 09 19:00:00,2024020656
DAL,PHI,2025 January 09 19:00:00,2024020657
EDM,PIT,2025 January 09 19:00:00,2024020658
TOR,CAR,2025 January 09 19:30:00,2024020659
SEA,CBJ,2025 January 09 19:00:00,2024020660
ANA,STL,2025 January 09 20:00:00,2024020661
COL,MIN,2025 January 09 20:00:00,2024020662
NYI,VGK,2025 January 09 22:00:00,2024020663
CHI,DET,2025 January 10 19:00:00,2024020664
MTL,WSH,2025 January 10 19:00:00,2024020665
VAN,CAR,2025 January 10 19:00:00,2024020666
LAK,WPG,2025 January 10 20:00:00,2024020667
SJS,UTA,2025 January 10 21:00:00,2024020668
BOS,FLA,2025 January 11 13:00:00,2024020669
SEA,BUF,2025 January 11 16:00:00,2024020670
OTT,PIT,2025 January 11 16:00:00,2024020671
VAN,TOR,2025 January 11 19:00:00,2024020672
DAL,MTL,2025 January 11 19:00:00,2024020673
TBL,NJD,2025 January 11 19:00:00,2024020674
ANA,PHI,2025 January 11 19:00:00,2024020675
EDM,CHI,2025 January 11 19:00:00,2024020676
CBJ,STL,2025 January 11 19:00:00,2024020677
COL,WPG,2025 January 11 19:00:00,2024020678
WSH,NSH,2025 January 11 20:00:00,2024020679
NYI,UTA,2025 January 11 21:00:00,2024020680
LAK,CGY,2025 January 11 22:00:00,2024020681
NYR,VGK,2025 January 11 22:00:00,2024020682
MIN,SJS,2025 January 11 22:00:00,2024020683
SEA,DET,2025 January 12 15:00:00,2024020684
DAL,OTT,2025 January 12 17:00:00,2024020685
TBL,PIT,2025 January 12 17:00:00,2024020686
ANA,CAR,2025 January 12 17:00:00,2024020687
MIN,VGK,2025 January 12 20:00:00,2024020688
FLA,PHI,2025 January 13 19:00:00,2024020689
CGY,CHI,2025 January 13 19:30:00,2024020690
LAK,EDM,2025 January 13 21:30:00,2024020691
TBL,BOS,2025 January 14 19:00:00,2024020692
DAL,TOR,2025 January 14 19:00:00,2024020693
SJS,DET,2025 January 14 19:00:00,2024020694
FLA,NJD,2025 January 14 19:30:00,2024020695
SEA,PIT,2025 January 14 19:00:00,2024020696
ANA,WSH,2025 January 14 19:00:00,2024020697
PHI,CBJ,2025 January 14 19:00:00,2024020698
OTT,NYI,2025 January 14 19:30:00,2024020699
CGY,STL,2025 January 14 20:00:00,2024020700
VGK,NSH,2025 January 14 20:00:00,2024020701
VAN,WPG,2025 January 14 20:00:00,2024020702
NYR,COL,2025 January 14 21:00:00,2024020703
MTL,UTA,2025 January 14 21:00:00,2024020704
CAR,BUF,2025 January 15 18:00:00,2024020705
EDM,MIN,2025 January 15 20:30:00,2024020706
NJD,TOR,2025 January 16 19:00:00,2024020707
WSH,OTT,2025 January 16 19:00:00,2024020708
ANA,TBL,2025 January 16 19:00:00,2024020709
DET,FLA,2025 January 16 19:00:00,2024020710
SJS,CBJ,2025 January 16 19:00:00,2024020711
PHI,NYI,2025 January 16 19:30:00,2024020712
CGY,STL,2025 January 16 20:00:00,2024020713
CHI,NSH,2025 January 16 20:00:00,2024020714
MTL,DAL,2025 January 16 20:00:00,2024020715
SEA,WPG,2025 January 16 20:00:00,2024020716
NYR,UTA,2025 January 16 21:00:00,2024020717
EDM,COL,2025 January 16 21:30:00,2024020718
LAK,VAN,2025 January 16 22:00:00,2024020719
PIT,BUF,2025 January 17 19:00:00,2024020720
VGK,CAR,2025 January 17 19:00:00,2024020721
PHI,NJD,2025 January 18 12:30:00,2024020722
BOS,OTT,2025 January 18 15:00:00,2024020723
DAL,COL,2025 January 18 16:00:00,2024020724
ANA,FLA,2025 January 18 18:00:00,2024020725
TOR,MTL,2025 January 18 19:00:00,2024020726
DET,TBL,2025 January 18 19:00:00,2024020727
CBJ,NYR,2025 January 18 19:00:00,2024020728
PIT,WSH,2025 January 18 19:00:00,2024020729
CGY,WPG,2025 January 18 19:00:00,2024020730
SJS,NYI,2025 January 18 19:30:00,2024020731
VGK,CHI,2025 January 18 20:00:00,2024020732
MIN,NSH,2025 January 18 20:00:00,2024020733
STL,UTA,2025 January 18 21:00:00,2024020734
EDM,VAN,2025 January 18 22:00:00,2024020735
LAK,SEA,2025 January 18 22:00:00,2024020736
OTT,NJD,2025 January 19 13:00:00,2024020737
NYR,MTL,2025 January 19 19:00:00,2024020738
DET,DAL,2025 January 19 20:00:00,2024020739
SJS,BOS,2025 January 20 13:00:00,2024020740
MIN,COL,2025 January 20 15:00:00,2024020741
BUF,SEA,2025 January 20 16:00:00,2024020742
STL,VGK,2025 January 20 18:00:00,2024020743
TBL,TOR,2025 January 20 19:30:00,2024020744
CBJ,NYI,2025 January 20 19:30:00,2024020745
CAR,CHI,2025 January 20 20:30:00,2024020746
WPG,UTA,2025 January 20 21:30:00,2024020747
PIT,LAK,2025 January 20 22:30:00,2024020748
TBL,MTL,2025 January 21 19:00:00,2024020749
OTT,NYR,2025 January 21 19:00:00,2024020750
DET,PHI,2025 January 21 19:00:00,2024020751
SJS,NSH,2025 January 21 20:00:00,2024020752
CAR,DAL,2025 January 21 20:00:00,2024020753
WSH,EDM,2025 January 21 21:00:00,2024020754
BUF,VAN,2025 January 21 22:00:00,2024020755
FLA,ANA,2025 January 21 22:00:00,2024020756
CBJ,TOR,2025 January 22 19:30:00,2024020757
BOS,NJD,2025 January 22 19:00:00,2024020758
WPG,COL,2025 January 22 21:30:00,2024020759
FLA,LAK,2025 January 22 22:00:00,2024020760
OTT,BOS,2025 January 23 19:00:00,2024020761
MTL,DET,2025 January 23 19:00:00,2024020762
PHI,NYR,2025 January 23 19:00:00,2024020763
CBJ,CAR,2025 January 23 19:00:00,2024020764
VGK,STL,2025 January 23 20:00:00,2024020765
UTA,MIN,2025 January 23 20:00:00,2024020766
BUF,CGY,2025 January 23 21:00:00,2024020767
VAN,EDM,2025 January 23 21:00:00,2024020768
PIT,ANA,2025 January 23 22:00:00,2024020769
WSH,SEA,2025 January 23 22:00:00,2024020770
NSH,SJS,2025 January 23 22:30:00,2024020771
PHI,NYI,2025 January 24 19:30:00,2024020772
TBL,CHI,2025 January 24 20:00:00,2024020773
VGK,DAL,2025 January 24 19:30:00,2024020774
UTA,WPG,2025 January 24 20:00:00,2024020775
COL,BOS,2025 January 25 13:00:00,2024020776
BUF,EDM,2025 January 25 16:00:00,2024020777
PIT,SEA,2025 January 25 16:00:00,2024020778
NJD,MTL,2025 January 25 19:00:00,2024020779
TOR,OTT,2025 January 25 19:00:00,2024020780
TBL,DET,2025 January 25 19:00:00,2024020781
LAK,CBJ,2025 January 25 19:00:00,2024020782
DAL,STL,2025 January 25 19:00:00,2024020783
CGY,MIN,2025 January 25 19:00:00,2024020784
CAR,NYI,2025 January 25 19:30:00,2024020785
WSH,VAN,2025 January 25 22:00:00,2024020786
NSH,ANA,2025 January 25 22:00:00,2024020787
FLA,SJS,2025 January 25 22:00:00,2024020788
COL,NYR,2025 January 26 13:00:00,2024020789
UTA,OTT,2025 January 26 17:00:00,2024020790
CGY,WPG,2025 January 26 18:00:00,2024020791
MIN,CHI,2025 January 26 19:00:00,2024020792
FLA,VGK,2025 January 26 20:00:00,2024020793
LAK,DET,2025 January 27 19:00:00,2024020794
NJD,PHI,2025 January 27 19:00:00,2024020795
VAN,STL,2025 January 27 19:30:00,2024020796
SEA,EDM,2025 January 27 21:30:00,2024020797
PIT,SJS,2025 January 27 22:30:00,2024020798
BOS,BUF,2025 January 28 19:00:00,2024020799
WPG,MTL,2025 January 28 19:00:00,2024020800
CHI,TBL,2025 January 28 19:00:00,2024020801
CAR,NYR,2025 January 28 19:00:00,2024020802
COL,NYI,2025 January 28 19:30:00,2024020803
WSH,CGY,2025 January 28 21:00:00,2024020804
DAL,VGK,2025 January 28 22:00:00,2024020805
ANA,SEA,2025 January 28 22:00:00,2024020806
MIN,TOR,2025 January 29 19:00:00,2024020807
LAK,FLA,2025 January 29 19:00:00,2024020808
PHI,NJD,2025 January 29 19:00:00,2024020809
VAN,NSH,2025 January 29 21:00:00,2024020810
PIT,UTA,2025 January 29 21:30:00,2024020811
WPG,BOS,2025 January 30 19:00:00,2024020812
MIN,MTL,2025 January 30 19:00:00,2024020813
WSH,OTT,2025 January 30 19:00:00,2024020814
LAK,TBL,2025 January 30 19:00:00,2024020815
NYI,PHI,2025 January 30 19:30:00,2024020816
CHI,CAR,2025 January 30 19:00:00,2024020817
ANA,CGY,2025 January 30 21:00:00,2024020818
DET,EDM,2025 January 30 21:00:00,2024020819
CBJ,VGK,2025 January 30 22:00:00,2024020820
SJS,SEA,2025 January 30 22:30:00,2024020821
NSH,BUF,2025 January 31 19:00:00,2024020822
VAN,DAL,2025 January 31 20:00:00,2024020823
STL,COL,2025 January 31 21:00:00,2024020824
CBJ,UTA,2025 January 31 21:00:00,2024020825
CHI,FLA,2025 February 01 13:00:00,2024020826
NYR,BOS,2025 February 01 15:30:00,2024020827
MIN,OTT,2025 February 01 19:00:00,2024020828
NYI,TBL,2025 February 01 19:00:00,2024020829
NSH,PIT,2025 February 01 19:00:00,2024020830
WPG,WSH,2025 February 01 19:00:00,2024020831
LAK,CAR,2025 February 01 19:00:00,2024020832
TOR,EDM,2025 February 01 19:00:00,2024020833
DET,CGY,2025 February 01 22:00:00,2024020834
NJD,BUF,2025 February 02 13:00:00,2024020835
PHI,COL,2025 February 02 15:00:00,2024020836
MTL,ANA,2025 February 02 16:00:00,2024020837
NYI,FLA,2025 February 02 18:00:00,2024020838
VGK,NYR,2025 February 02 18:00:00,2024020839
CBJ,DAL,2025 February 02 18:00:00,2024020840
STL,UTA,2025 February 02 19:00:00,2024020841
DET,VAN,2025 February 02 20:00:00,2024020842
CGY,SEA,2025 February 02 21:00:00,2024020843
OTT,NSH,2025 February 03 19:30:00,2024020844
MIN,BOS,2025 February 04 19:00:00,2024020845
CBJ,BUF,2025 February 04 19:00:00,2024020846
OTT,TBL,2025 February 04 19:00:00,2024020847
NJD,PIT,2025 February 04 19:00:00,2024020848
FLA,WSH,2025 February 04 19:00:00,2024020849
VGK,NYI,2025 February 04 19:30:00,2024020850
EDM,STL,2025 February 04 20:00:00,2024020851
CAR,WPG,2025 February 04 20:00:00,2024020852
TOR,CGY,2025 February 04 21:00:00,2024020853
PHI,UTA,2025 February 04 21:00:00,2024020854
COL,VAN,2025 February 04 22:00:00,2024020855
DAL,ANA,2025 February 04 22:30:00,2024020856
DET,SEA,2025 February 04 22:00:00,2024020857
MTL,SJS,2025 February 04 22:30:00,2024020858
BOS,NYR,2025 February 05 19:00:00,2024020859
EDM,CHI,2025 February 05 21:30:00,2024020860
MTL,LAK,2025 February 05 22:30:00,2024020861
OTT,TBL,2025 February 06 19:00:00,2024020862
VGK,NJD,2025 February 06 19:00:00,2024020863
WSH,PHI,2025 February 06 19:00:00,2024020864
UTA,CBJ,2025 February 06 19:00:00,2024020865
FLA,STL,2025 February 06 20:00:00,2024020866
CAR,MIN,2025 February 06 19:30:00,2024020867
COL,CGY,2025 February 06 21:00:00,2024020868
TOR,SEA,2025 February 06 22:00:00,2024020869
VAN,SJS,2025 February 06 22:30:00,2024020870
PIT,NYR,2025 February 07 19:00:00,2024020871
NYI,WPG,2025 February 07 20:00:00,2024020872
NSH,CHI,2025 February 07 20:30:00,2024020873
COL,EDM,2025 February 07 21:00:00,2024020874
DAL,LAK,2025 February 07 22:30:00,2024020875
NJD,MTL,2025 February 08 13:00:00,2024020876
TBL,DET,2025 February 08 13:00:00,2024020877
UTA,CAR,2025 February 08 13:00:00,2024020878
VGK,BOS,2025 February 08 15:30:00,2024020879
OTT,FLA,2025 February 08 19:00:00,2024020880
PIT,PHI,2025 February 08 19:00:00,2024020881
NYR,CBJ,2025 February 08 19:00:00,2024020882
CHI,STL,2025 February 08 19:00:00,2024020883
TOR,VAN,2025 February 08 19:00:00,2024020884
BUF,NSH,2025 February 08 20:00:00,2024020885
NYI,MIN,2025 February 08 20:00:00,2024020886
SEA,CGY,2025 February 08 22:00:00,2024020887
ANA,LAK,2025 February 08 22:30:00,2024020888
DAL,SJS,2025 February 08 22:00:00,2024020889
UTA,WSH,2025 February 09 12:30:00,2024020890
TBL,MTL,2025 February 09 13:00:00,2024020891
EDM,PHI,2025 February 22 13:00:00,2024020892
WSH,PIT,2025 February 22 15:00:00,2024020893
MIN,DET,2025 February 22 12:30:00,2024020894
NYR,BUF,2025 February 22 17:30:00,2024020895
SEA,FLA,2025 February 22 18:00:00,2024020896
DAL,NJD,2025 February 22 18:00:00,2024020897
COL,NSH,2025 February 22 18:00:00,2024020898
ANA,BOS,2025 February 22 19:00:00,2024020899
CAR,TOR,2025 February 22 19:00:00,2024020900
MTL,OTT,2025 February 22 19:00:00,2024020901
CHI,CBJ,2025 February 22 19:00:00,2024020902
WPG,STL,2025 February 22 19:00:00,2024020903
UTA,LAK,2025 February 22 21:00:00,2024020904
VAN,VGK,2025 February 22 22:00:00,2024020905
EDM,WSH,2025 February 23 13:00:00,2024020906
NYR,PIT,2025 February 23 15:30:00,2024020907
ANA,DET,2025 February 23 18:00:00,2024020908
SEA,TBL,2025 February 23 18:00:00,2024020909
COL,STL,2025 February 23 18:00:00,2024020910
NJD,NSH,2025 February 23 18:00:00,2024020911
TOR,CHI,2025 February 23 19:00:00,2024020912
DAL,NYI,2025 February 23 19:30:00,2024020913
SJS,CGY,2025 February 23 20:00:00,2024020914
VAN,UTA,2025 February 23 20:00:00,2024020915
SJS,WPG,2025 February 24 19:30:00,2024020916
VGK,LAK,2025 February 24 22:30:00,2024020917
TOR,BOS,2025 February 25 19:00:00,2024020918
ANA,BUF,2025 February 25 19:00:00,2024020919
CAR,MTL,2025 February 25 19:00:00,2024020920
EDM,TBL,2025 February 25 19:30:00,2024020921
PIT,PHI,2025 February 25 19:00:00,2024020922
CGY,WSH,2025 February 25 19:00:00,2024020923
DAL,CBJ,2025 February 25 19:00:00,2024020924
NYR,NYI,2025 February 25 19:30:00,2024020925
SEA,STL,2025 February 25 20:00:00,2024020926
FLA,NSH,2025 February 25 20:00:00,2024020927
DET,MIN,2025 February 25 20:00:00,2024020928
CHI,UTA,2025 February 25 21:00:00,2024020929
WPG,OTT,2025 February 26 19:00:00,2024020930
NJD,COL,2025 February 26 21:30:00,2024020931
VAN,LAK,2025 February 26 22:00:00,2024020932
NYI,BOS,2025 February 27 19:00:00,2024020933
SJS,MTL,2025 February 27 19:00:00,2024020934
CBJ,DET,2025 February 27 19:00:00,2024020935
CGY,TBL,2025 February 27 19:00:00,2024020936
EDM,FLA,2025 February 27 19:00:00,2024020937
PHI,PIT,2025 February 27 19:30:00,2024020938
STL,WSH,2025 February 27 19:00:00,2024020939
BUF,CAR,2025 February 27 19:00:00,2024020940
WPG,NSH,2025 February 27 20:00:00,2024020941
MIN,UTA,2025 February 27 21:00:00,2024020942
CHI,VGK,2025 February 27 22:00:00,2024020943
VAN,ANA,2025 February 27 22:00:00,2024020944
TOR,NYR,2025 February 28 19:00:00,2024020945
LAK,DAL,2025 February 28 20:00:00,2024020946
MIN,COL,2025 February 28 21:00:00,2024020947
DET,CBJ,2025 March 01 18:00:00,2024020948
NSH,NYI,2025 March 01 12:30:00,2024020949
TBL,WSH,2025 March 01 12:30:00,2024020950
CGY,FLA,2025 March 01 15:00:00,2024020951
BOS,PIT,2025 March 01 15:00:00,2024020952
MTL,BUF,2025 March 01 19:00:00,2024020953
SJS,OTT,2025 March 01 19:00:00,2024020954
EDM,CAR,2025 March 01 19:00:00,2024020955
PHI,WPG,2025 March 01 19:00:00,2024020956
LAK,STL,2025 March 01 20:00:00,2024020957
NJD,UTA,2025 March 01 21:00:00,2024020958
CHI,ANA,2025 March 01 22:00:00,2024020959
VAN,SEA,2025 March 01 22:00:00,2024020960
TOR,PIT,2025 March 02 13:00:00,2024020961
BOS,MIN,2025 March 02 15:30:00,2024020962
CGY,CAR,2025 March 02 17:00:00,2024020963
STL,DAL,2025 March 02 18:00:00,2024020964
NSH,NYR,2025 March 02 19:00:00,2024020965
NJD,VGK,2025 March 02 20:00:00,2024020966
OTT,WSH,2025 March 03 18:30:00,2024020967
BUF,MTL,2025 March 03 19:00:00,2024020968
TBL,FLA,2025 March 03 19:00:00,2024020969
NYI,NYR,2025 March 03 19:00:00,2024020970
SJS,TOR,2025 March 03 19:30:00,2024020971
LAK,CHI,2025 March 03 20:30:00,2024020972
NSH,BOS,2025 March 04 19:00:00,2024020973
SJS,BUF,2025 March 04 19:00:00,2024020974
CAR,DET,2025 March 04 19:00:00,2024020975
CBJ,TBL,2025 March 04 19:00:00,2024020976
CGY,PHI,2025 March 04 19:00:00,2024020977
WPG,NYI,2025 March 04 19:30:00,2024020978
NJD,DAL,2025 March 04 20:00:00,2024020979
PIT,COL,2025 March 04 21:00:00,2024020980
ANA,EDM,2025 March 04 21:00:00,2024020981
MIN,SEA,2025 March 04 22:00:00,2024020982
WSH,NYR,2025 March 05 19:30:00,2024020983
OTT,CHI,2025 March 05 19:30:00,2024020984
TOR,VGK,2025 March 05 22:00:00,2024020985
ANA,VAN,2025 March 05 22:30:00,2024020986
STL,LAK,2025 March 05 22:30:00,2024020987
UTA,DET,2025 March 06 19:00:00,2024020988
BUF,TBL,2025 March 06 19:00:00,2024020989
CBJ,FLA,2025 March 06 19:00:00,2024020990
WPG,PHI,2025 March 06 19:00:00,2024020991
BOS,CAR,2025 March 06 19:00:00,2024020992
SEA,NSH,2025 March 06 20:00:00,2024020993
CGY,DAL,2025 March 06 20:00:00,2024020994
MTL,EDM,2025 March 06 21:00:00,2024020995
SJS,COL,2025 March 06 21:30:00,2024020996
WPG,NJD,2025 March 07 19:00:00,2024020997
DET,WSH,2025 March 07 19:00:00,2024020998
UTA,CHI,2025 March 07 20:30:00,2024020999
MIN,VAN,2025 March 07 22:00:00,2024021000
PIT,VGK,2025 March 07 22:00:00,2024021001
STL,ANA,2025 March 07 22:00:00,2024021002
NYR,OTT,2025 March 08 12:30:00,2024021003
SEA,PHI,2025 March 08 12:30:00,2024021004
BOS,TBL,2025 March 08 15:00:00,2024021005
BUF,FLA,2025 March 08 18:00:00,2024021006
TOR,COL,2025 March 08 19:00:00,2024021007
MTL,CGY,2025 March 08 19:00:00,2024021008
CHI,NSH,2025 March 08 20:00:00,2024021009
STL,LAK,2025 March 08 20:00:00,2024021010
DAL,EDM,2025 March 08 22:00:00,2024021011
NYI,SJS,2025 March 08 22:00:00,2024021012
NJD,PHI,2025 March 09 13:00:00,2024021013
SEA,WSH,2025 March 09 15:30:00,2024021014
PIT,MIN,2025 March 09 15:30:00,2024021015
WPG,CAR,2025 March 09 17:00:00,2024021016
CBJ,NYR,2025 March 09 18:00:00,2024021017
LAK,VGK,2025 March 09 20:00:00,2024021018
DAL,VAN,2025 March 09 21:00:00,2024021019
NYI,ANA,2025 March 09 21:00:00,2024021020
EDM,BUF,2025 March 10 19:00:00,2024021021
DET,OTT,2025 March 10 19:30:00,2024021022
CHI,COL,2025 March 10 21:00:00,2024021023
TOR,UTA,2025 March 10 22:00:00,2024021024
FLA,BOS,2025 March 11 19:00:00,2024021025
CBJ,NJD,2025 March 11 19:00:00,2024021026
OTT,PHI,2025 March 11 19:00:00,2024021027
VGK,PIT,2025 March 11 19:00:00,2024021028
TBL,CAR,2025 March 11 19:30:00,2024021029
COL,MIN,2025 March 11 20:00:00,2024021030
NYR,WPG,2025 March 11 20:00:00,2024021031
MTL,VAN,2025 March 11 22:00:00,2024021032
WSH,ANA,2025 March 11 22:00:00,2024021033
NYI,LAK,2025 March 11 22:30:00,2024021034
NSH,SJS,2025 March 11 22:30:00,2024021035
BUF,DET,2025 March 12 19:30:00,2024021036
VAN,CGY,2025 March 12 21:00:00,2024021037
ANA,UTA,2025 March 12 22:00:00,2024021038
MTL,SEA,2025 March 12 22:30:00,2024021039
FLA,TOR,2025 March 13 19:00:00,2024021040
BOS,OTT,2025 March 13 19:00:00,2024021041
EDM,NJD,2025 March 13 19:30:00,2024021042
TBL,PHI,2025 March 13 19:00:00,2024021043
STL,PIT,2025 March 13 19:00:00,2024021044
VGK,CBJ,2025 March 13 19:00:00,2024021045
NYR,MIN,2025 March 13 20:00:00,2024021046
WSH,LAK,2025 March 13 22:30:00,2024021047
CHI,SJS,2025 March 13 22:30:00,2024021048
DET,CAR,2025 March 14 19:00:00,2024021049
EDM,NYI,2025 March 14 19:30:00,2024021050
DAL,WPG,2025 March 14 20:00:00,2024021051
COL,CGY,2025 March 14 21:00:00,2024021052
NSH,ANA,2025 March 14 22:00:00,2024021053
UTA,SEA,2025 March 14 22:00:00,2024021054
VGK,BUF,2025 March 15 12:30:00,2024021055
NJD,PIT,2025 March 15 15:00:00,2024021056
WSH,SJS,2025 March 15 17:00:00,2024021057
TBL,BOS,2025 March 15 19:00:00,2024021058
OTT,TOR,2025 March 15 19:00:00,2024021059
FLA,MTL,2025 March 15 19:00:00,2024021060
CAR,PHI,2025 March 15 19:00:00,2024021061
NYR,CBJ,2025 March 15 19:00:00,2024021062
STL,MIN,2025 March 15 20:00:00,2024021063
NSH,LAK,2025 March 15 20:00:00,2024021064
CHI,VAN,2025 March 15 22:00:00,2024021065
VGK,DET,2025 March 16 13:00:00,2024021066
DAL,COL,2025 March 16 15:30:00,2024021067
ANA,STL,2025 March 16 20:00:00,2024021068
EDM,NYR,2025 March 16 19:00:00,2024021069
FLA,NYI,2025 March 16 19:30:00,2024021070
UTA,VAN,2025 March 16 20:00:00,2024021071
WPG,SEA,2025 March 16 21:00:00,2024021072
BUF,BOS,2025 March 17 19:00:00,2024021073
PHI,TBL,2025 March 17 19:00:00,2024021074
NJD,CBJ,2025 March 17 19:00:00,2024021075
CGY,TOR,2025 March 17 19:30:00,2024021076
LAK,MIN,2025 March 17 20:00:00,2024021077
OTT,MTL,2025 March 18 19:00:00,2024021078
CGY,NYR,2025 March 18 19:00:00,2024021079
NYI,PIT,2025 March 18 19:00:00,2024021080
DET,WSH,2025 March 18 19:00:00,2024021081
STL,NSH,2025 March 18 20:00:00,2024021082
ANA,DAL,2025 March 18 20:00:00,2024021083
SEA,CHI,2025 March 18 20:30:00,2024021084
UTA,EDM,2025 March 18 21:00:00,2024021085
WPG,VAN,2025 March 18 22:00:00,2024021086
COL,TOR,2025 March 19 19:00:00,2024021087
SEA,MIN,2025 March 19 21:30:00,2024021088
COL,OTT,2025 March 20 19:00:00,2024021089
CGY,NJD,2025 March 20 19:00:00,2024021090
TOR,NYR,2025 March 20 19:00:00,2024021091
PHI,WSH,2025 March 20 19:00:00,2024021092
FLA,CBJ,2025 March 20 19:00:00,2024021093
MTL,NYI,2025 March 20 19:30:00,2024021094
VAN,STL,2025 March 20 19:30:00,2024021095
ANA,NSH,2025 March 20 20:00:00,2024021096
TBL,DAL,2025 March 20 20:00:00,2024021097
LAK,CHI,2025 March 20 20:30:00,2024021098
WPG,EDM,2025 March 20 21:00:00,2024021099
BUF,UTA,2025 March 20 21:00:00,2024021100
BOS,VGK,2025 March 20 22:00:00,2024021101
CAR,SJS,2025 March 20 22:30:00,2024021102
CBJ,PIT,2025 March 21 19:00:00,2024021103
VAN,NYR,2025 March 22 13:00:00,2024021104
PHI,DAL,2025 March 22 14:00:00,2024021105
BUF,MIN,2025 March 22 14:00:00,2024021106
CHI,STL,2025 March 22 15:00:00,2024021107
CGY,NYI,2025 March 22 16:00:00,2024021108
CAR,LAK,2025 March 22 16:00:00,2024021109
FLA,WSH,2025 March 22 17:00:00,2024021110
TBL,UTA,2025 March 22 17:00:00,2024021111
COL,MTL,2025 March 22 19:00:00,2024021112
OTT,NJD,2025 March 22 19:00:00,2024021113
TOR,NSH,2025 March 22 19:00:00,2024021114
DET,VGK,2025 March 22 20:00:00,2024021115
SEA,EDM,2025 March 22 22:00:00,2024021116
BOS,SJS,2025 March 22 22:30:00,2024021117
PHI,CHI,2025 March 23 15:00:00,2024021118
BUF,WPG,2025 March 23 15:00:00,2024021119
PIT,FLA,2025 March 23 18:00:00,2024021120
NSH,STL,2025 March 23 18:00:00,2024021121
TBL,VGK,2025 March 23 20:00:00,2024021122
CAR,ANA,2025 March 23 20:00:00,2024021123
BOS,LAK,2025 March 23 21:00:00,2024021124
VAN,NJD,2025 March 24 19:30:00,2024021125
CBJ,NYI,2025 March 24 19:30:00,2024021126
MIN,DAL,2025 March 24 20:00:00,2024021127
DET,UTA,2025 March 24 21:00:00,2024021128
OTT,BUF,2025 March 25 19:00:00,2024021129
PHI,TOR,2025 March 25 19:00:00,2024021130
PIT,TBL,2025 March 25 19:00:00,2024021131
NSH,CAR,2025 March 25 19:00:00,2024021132
MTL,STL,2025 March 25 20:00:00,2024021133
VGK,MIN,2025 March 25 20:00:00,2024021134
WSH,WPG,2025 March 25 20:00:00,2024021135
DET,COL,2025 March 25 21:00:00,2024021136
SEA,CGY,2025 March 25 21:00:00,2024021137
NYR,LAK,2025 March 25 22:30:00,2024021138
VAN,NYI,2025 March 26 19:30:00,2024021139
NJD,CHI,2025 March 26 19:30:00,2024021140
DAL,EDM,2025 March 26 22:00:00,2024021141
BOS,ANA,2025 March 26 22:00:00,2024021142
PIT,BUF,2025 March 27 19:00:00,2024021143
OTT,DET,2025 March 27 19:00:00,2024021144
UTA,TBL,2025 March 27 19:00:00,2024021145
MTL,PHI,2025 March 27 19:00:00,2024021146
STL,NSH,2025 March 27 20:00:00,2024021147
WSH,MIN,2025 March 27 19:30:00,2024021148
LAK,COL,2025 March 27 22:00:00,2024021149
DAL,CGY,2025 March 27 21:00:00,2024021150
EDM,SEA,2025 March 27 22:00:00,2024021151
TOR,SJS,2025 March 27 22:30:00,2024021152
UTA,FLA,2025 March 28 19:00:00,2024021153
MTL,CAR,2025 March 28 19:00:00,2024021154
VAN,CBJ,2025 March 28 19:00:00,2024021155
NJD,WPG,2025 March 28 20:00:00,2024021156
VGK,CHI,2025 March 28 20:30:00,2024021157
NYR,ANA,2025 March 28 22:00:00,2024021158
BUF,PHI,2025 March 29 13:00:00,2024021159
NYI,TBL,2025 March 29 14:00:00,2024021160
STL,COL,2025 March 29 16:30:00,2024021161
NJD,MIN,2025 March 29 18:00:00,2024021162
VGK,NSH,2025 March 29 18:30:00,2024021163
CBJ,OTT,2025 March 29 19:00:00,2024021164
TOR,LAK,2025 March 29 19:00:00,2024021165
BOS,DET,2025 March 29 20:00:00,2024021166
CGY,EDM,2025 March 29 22:00:00,2024021167
NYR,SJS,2025 March 29 22:30:00,2024021168
DAL,SEA,2025 March 29 22:30:00,2024021169
MTL,FLA,2025 March 30 13:00:00,2024021170
BUF,WSH,2025 March 30 15:00:00,2024021171
VAN,WPG,2025 March 30 15:00:00,2024021172
UTA,CHI,2025 March 30 16:00:00,2024021173
OTT,PIT,2025 March 30 17:00:00,2024021174
NYI,CAR,2025 March 30 17:00:00,2024021175
TOR,ANA,2025 March 30 20:00:00,2024021176
SJS,LAK,2025 March 30 22:00:00,2024021177
MIN,NJD,2025 March 31 19:00:00,2024021178
NSH,PHI,2025 March 31 19:00:00,2024021179
CGY,COL,2025 March 31 20:30:00,2024021180
DAL,SEA,2025 March 31 22:00:00,2024021181
WSH,BOS,2025 April 01 19:00:00,2024021182
FLA,MTL,2025 April 01 19:00:00,2024021183
BUF,OTT,2025 April 01 19:00:00,2024021184
NSH,CBJ,2025 April 01 19:00:00,2024021185
TBL,NYI,2025 April 01 19:30:00,2024021186
DET,STL,2025 April 01 20:00:00,2024021187
CGY,UTA,2025 April 01 21:00:00,2024021188
EDM,VGK,2025 April 01 22:00:00,2024021189
SJS,ANA,2025 April 01 22:00:00,2024021190
WPG,LAK,2025 April 01 22:30:00,2024021191
MIN,NYR,2025 April 02 19:00:00,2024021192
WSH,CAR,2025 April 02 19:00:00,2024021193
FLA,TOR,2025 April 02 19:30:00,2024021194
COL,CHI,2025 April 02 21:30:00,2024021195
SEA,VAN,2025 April 02 22:30:00,2024021196
BOS,MTL,2025 April 03 19:00:00,2024021197
TBL,OTT,2025 April 03 19:00:00,2024021198
COL,CBJ,2025 April 03 19:30:00,2024021199
PIT,STL,2025 April 03 20:00:00,2024021200
NSH,DAL,2025 April 03 20:00:00,2024021201
LAK,UTA,2025 April 03 21:00:00,2024021202
ANA,CGY,2025 April 03 21:30:00,2024021203
WPG,VGK,2025 April 03 22:00:00,2024021204
EDM,SJS,2025 April 03 22:30:00,2024021205
CAR,DET,2025 April 04 19:00:00,2024021206
CHI,WSH,2025 April 04 19:00:00,2024021207
MIN,NYI,2025 April 04 19:30:00,2024021208
NYR,NJD,2025 April 05 12:30:00,2024021209
FLA,OTT,2025 April 05 14:00:00,2024021210
PIT,DAL,2025 April 05 15:00:00,2024021211
ANA,VAN,2025 April 05 16:00:00,2024021212
EDM,LAK,2025 April 05 16:00:00,2024021213
CAR,BOS,2025 April 05 19:00:00,2024021214
TBL,BUF,2025 April 05 19:00:00,2024021215
CBJ,TOR,2025 April 05 19:00:00,2024021216
PHI,MTL,2025 April 05 19:00:00,2024021217
COL,STL,2025 April 05 19:00:00,2024021218
WPG,UTA,2025 April 05 19:00:00,2024021219
VGK,CGY,2025 April 05 22:00:00,2024021220
SEA,SJS,2025 April 05 22:00:00,2024021221
WSH,NYI,2025 April 06 12:30:00,2024021222
DAL,MIN,2025 April 06 15:00:00,2024021223
CBJ,OTT,2025 April 06 17:00:00,2024021224
FLA,DET,2025 April 06 17:30:00,2024021225
BOS,BUF,2025 April 06 18:00:00,2024021226
PIT,CHI,2025 April 06 18:00:00,2024021227
MTL,NSH,2025 April 06 19:00:00,2024021228
VGK,VAN,2025 April 06 22:00:00,2024021229
TBL,NYR,2025 April 07 19:00:00,2024021230
STL,WPG,2025 April 07 19:30:00,2024021231
EDM,ANA,2025 April 07 22:30:00,2024021232
SEA,LAK,2025 April 07 22:30:00,2024021233
CGY,SJS,2025 April 07 22:30:00,2024021234
CAR,BUF,2025 April 08 19:00:00,2024021235
DET,MTL,2025 April 08 19:00:00,2024021236
TOR,FLA,2025 April 08 19:00:00,2024021237
BOS,NJD,2025 April 08 19:00:00,2024021238
OTT,CBJ,2025 April 08 19:00:00,2024021239
CHI,PIT,2025 April 08 19:00:00,2024021240
NYI,NSH,2025 April 08 20:00:00,2024021241
VAN,DAL,2025 April 08 20:00:00,2024021242
SEA,UTA,2025 April 08 21:00:00,2024021243
VGK,COL,2025 April 08 21:30:00,2024021244
TOR,TBL,2025 April 09 19:00:00,2024021245
PHI,NYR,2025 April 09 19:30:00,2024021246
SJS,MIN,2025 April 09 20:00:00,2024021247
STL,EDM,2025 April 09 22:00:00,2024021248
CGY,ANA,2025 April 09 22:00:00,2024021249
CHI,BOS,2025 April 10 19:00:00,2024021250
DET,FLA,2025 April 10 19:00:00,2024021251
CAR,WSH,2025 April 10 19:30:00,2024021252
BUF,CBJ,2025 April 10 19:00:00,2024021253
NYR,NYI,2025 April 10 19:30:00,2024021254
WPG,DAL,2025 April 10 20:00:00,2024021255
VAN,COL,2025 April 10 21:00:00,2024021256
NSH,UTA,2025 April 10 21:00:00,2024021257
SEA,VGK,2025 April 10 22:00:00,2024021258
ANA,LAK,2025 April 10 22:00:00,2024021259
MTL,OTT,2025 April 11 19:00:00,2024021260
DET,TBL,2025 April 11 19:00:00,2024021261
PIT,NJD,2025 April 11 19:00:00,2024021262
SJS,EDM,2025 April 11 21:30:00,2024021263
MIN,CGY,2025 April 11 22:00:00,2024021264
NYI,PHI,2025 April 12 12:30:00,2024021265
NYR,CAR,2025 April 12 15:00:00,2024021266
COL,LAK,2025 April 12 16:00:00,2024021267
BUF,FLA,2025 April 12 18:00:00,2024021268
MTL,TOR,2025 April 12 19:00:00,2024021269
WSH,CBJ,2025 April 12 12:30:00,2024021270
WPG,CHI,2025 April 12 19:00:00,2024021271
UTA,DAL,2025 April 12 20:00:00,2024021272
MIN,VAN,2025 April 12 22:00:00,2024021273
NSH,VGK,2025 April 12 22:00:00,2024021274
STL,SEA,2025 April 12 22:00:00,2024021275
PHI,OTT,2025 April 13 13:00:00,2024021276
NYI,NJD,2025 April 13 13:00:00,2024021277
BOS,PIT,2025 April 13 15:30:00,2024021278
TOR,CAR,2025 April 13 17:00:00,2024021279
BUF,TBL,2025 April 13 18:00:00,2024021280
CBJ,WSH,2025 April 13 18:00:00,2024021281
EDM,WPG,2025 April 13 19:00:00,2024021282
SJS,CGY,2025 April 13 20:00:00,2024021283
COL,ANA,2025 April 13 22:00:00,2024021284
CHI,MTL,2025 April 14 19:00:00,2024021285
DAL,DET,2025 April 14 19:00:00,2024021286
NYR,FLA,2025 April 14 19:00:00,2024021287
UTA,NSH,2025 April 14 20:00:00,2024021288
LAK,EDM,2025 April 14 22:00:00,2024021289
SJS,VAN,2025 April 14 22:00:00,2024021290
NJD,BOS,2025 April 15 19:00:00,2024021291
TOR,BUF,2025 April 15 19:00:00,2024021292
CHI,OTT,2025 April 15 19:00:00,2024021293
FLA,TBL,2025 April 15 19:30:00,2024021294
CBJ,PHI,2025 April 15 19:00:00,2024021295
WSH,NYI,2025 April 15 19:30:00,2024021296
UTA,STL,2025 April 15 20:00:00,2024021297
ANA,MIN,2025 April 15 20:00:00,2024021298
VGK,CGY,2025 April 15 21:00:00,2024021299
LAK,SEA,2025 April 15 22:30:00,2024021300
CAR,MTL,2025 April 16 19:00:00,2024021301
ANA,WPG,2025 April 16 19:00:00,2024021302
DET,NJD,2025 April 16 19:30:00,2024021303
DAL,NSH,2025 April 16 20:00:00,2024021304
VGK,VAN,2025 April 16 22:00:00,2024021305
EDM,SJS,2025 April 16 22:30:00,2024021306
PHI,BUF,2025 April 17 19:00:00,2024021307
DET,TOR,2025 April 17 19:00:00,2024021308
CAR,OTT,2025 April 17 19:00:00,2024021309
TBL,NYR,2025 April 17 19:00:00,2024021310
WSH,PIT,2025 April 17 19:00:00,2024021311
NYI,CBJ,2025 April 17 19:00:00,2024021312
OTT,TOR,2025 April 20 19:00:00,2024030111
OTT,TOR,2025 April 22 19:30:00,2024030112
TOR,OTT,2025 April 24 19:00:00,2024030113
TOR,OTT,2025 April 26 19:00:00,2024030114
OTT,TOR,2025 April 29 12:00:00,2024030115
TOR,OTT,2025 May 01 12:00:00,2024030116
OTT,TOR,2025 May 03 12:00:00,2024030117
FLA,TBL,2025 April 22 20:30:00,2024030121
FLA,TBL,2025 April 24 18:30:00,2024030122
TBL,FLA,2025 April 26 13:00:00,2024030123
TBL,FLA,2025 April 28 19:00:00,2024030124
FLA,TBL,2025 April 30 12:00:00,2024030125
TBL,FLA,2025 May 02 12:00:00,2024030126
FLA,TBL,2025 May 04 12:00:00,2024030127
MTL,WSH,2025 April 21 19:00:00,2024030131
MTL,WSH,2025 April 23 19:00:00,2024030132
WSH,MTL,2025 April 25 19:00:00,2024030133
WSH,MTL,2025 April 27 18:30:00,2024030134
MTL,WSH,2025 April 30 12:00:00,2024030135
WSH,MTL,2025 May 02 12:00:00,2024030136
MTL,WSH,2025 May 04 12:00:00,2024030137
NJD,CAR,2025 April 20 15:00:00,2024030141
NJD,CAR,2025 April 22 18:00:00,2024030142
CAR,NJD,2025 April 25 20:00:00,2024030143
CAR,NJD,2025 April 27 15:30:00,2024030144
NJD,CAR,2025 April 29 12:00:00,2024030145
CAR,NJD,2025 May 02 12:00:00,2024030146
NJD,CAR,2025 May 04 12:00:00,2024030147
STL,WPG,2025 April 19 18:00:00,2024030151
STL,WPG,2025 April 21 19:30:00,2024030152
WPG,STL,2025 April 24 21:30:00,2024030153
WPG,STL,2025 April 27 13:00:00,2024030154
STL,WPG,2025 April 30 12:00:00,2024030155
WPG,STL,2025 May 02 12:00:00,2024030156
STL,WPG,2025 May 04 12:00:00,2024030157
COL,DAL,2025 April 19 20:30:00,2024030161
COL,DAL,2025 April 21 21:30:00,2024030162
DAL,COL,2025 April 23 21:30:00,2024030163
DAL,COL,2025 April 26 21:30:00,2024030164
COL,DAL,2025 April 28 21:30:00,2024030165
DAL,COL,2025 May 01 12:00:00,2024030166
COL,DAL,2025 May 03 12:00:00,2024030167
MIN,VGK,2025 April 20 22:00:00,2024030171
MIN,VGK,2025 April 22 23:00:00,2024030172
VGK,MIN,2025 April 24 21:00:00,2024030173
VGK,MIN,2025 April 26 16:00:00,2024030174
MIN,VGK,2025 April 29 12:00:00,2024030175
VGK,MIN,2025 May 01 12:00:00,2024030176
MIN,VGK,2025 May 03 12:00:00,2024030177
EDM,LAK,2025 April 21 22:00:00,2024030181
EDM,LAK,2025 April 23 22:00:00,2024030182
LAK,EDM,2025 April 25 22:00:00,2024030183
LAK,EDM,2025 April 27 21:30:00,2024030184
EDM,LAK,2025 April 29 12:00:00,2024030185
LAK,EDM,2025 May 01 12:00:00,2024030186
EDM,LAK,2025 May 03 12:00:00,2024030187
