,playerId,season,name,team,position,situation,games_played,icetime,xGoals,goals,unblocked_shot_attempts,xRebounds,rebounds,xFreeze,freeze,xOnGoal,ongoal,xPlayStopped,playStopped,xPlayContinuedInZone,playContinuedInZone,xPlayContinuedOutsideZone,playContinuedOutsideZone,flurryAdjustedxGoals,lowDangerShots,mediumDangerShots,highDangerShots,lowDangerxGoals,mediumDangerxGoals,highDangerxGoals,lowDangerGoals,mediumDangerGoals,highDangerGoals,blocked_shot_attempts,penalityMinutes,penalties
0,8476999,2024,Linus Ullmark,OTT,G,other,23,3003.0,7.92,3.0,94.0,3.96,11.0,10.39,4.0,49.91,46.0,0.75,0.0,30.22,27.0,14.57,24.0,5.97,45.0,12.0,12.0,1.7,1.63,4.59,1.0,0.0,2.0,25.0,0.0,0.0
1,8476999,2024,Linus Ullmark,OTT,G,all,23,77056.0,60.16,51.0,1220.0,42.37,70.0,153.55,132.0,623.72,602.0,23.28,2.0,346.04,281.0,239.66,324.0,54.34,645.0,154.0,64.0,18.23,19.64,22.3,19.0,15.0,17.0,357.0,0.0,0.0
2,8476999,2024,Linus Ullmark,OTT,G,5on5,23,61631.0,39.44,38.0,960.0,30.71,51.0,124.23,102.0,481.43,464.0,18.5,2.0,263.49,210.0,194.73,264.0,37.76,522.0,109.0,38.0,14.49,13.92,11.04,18.0,10.0,10.0,291.0,0.0,0.0
3,8476999,2024,Linus Ullmark,OTT,G,4on5,23,5572.0,12.41,10.0,151.0,7.41,8.0,17.47,25.0,84.71,86.0,0.52,0.0,49.85,41.0,25.22,30.0,10.22,70.0,31.0,14.0,1.9,3.84,6.67,0.0,5.0,5.0,36.0,0.0,0.0
4,8476999,2024,Linus Ullmark,OTT,G,5on4,23,6850.0,0.15,0.0,12.0,0.2,0.0,1.17,1.0,5.95,4.0,3.33,0.0,1.89,3.0,4.44,4.0,0.15,8.0,0.0,0.0,0.15,0.0,0.0,0.0,0.0,0.0,4.0,0.0,0.0
5,8473503,2024,James Reimer,BUF,G,other,10,877.0,3.17,2.0,22.0,0.87,1.0,2.32,4.0,13.05,10.0,0.24,0.0,5.17,3.0,4.1,6.0,2.46,6.0,3.0,7.0,0.26,0.34,2.57,1.0,0.0,1.0,6.0,0.0,0.0
6,8473503,2024,James Reimer,BUF,G,all,10,31813.0,30.14,27.0,520.0,19.49,20.0,66.0,57.0,284.21,255.0,8.24,0.0,153.01,125.0,108.4,156.0,28.07,273.0,72.0,41.0,9.06,8.86,12.22,5.0,10.0,12.0,134.0,0.0,0.0
7,8473503,2024,James Reimer,BUF,G,5on5,10,26202.0,20.3,21.0,410.0,14.42,16.0,55.29,41.0,225.16,204.0,6.4,0.0,123.31,104.0,88.42,127.0,19.55,232.0,51.0,26.0,7.29,6.24,6.77,4.0,7.0,10.0,101.0,0.0,0.0
8,8473503,2024,James Reimer,BUF,G,4on5,10,2485.0,6.15,4.0,78.0,3.93,2.0,7.48,11.0,39.46,33.0,0.3,0.0,22.45,17.0,10.86,17.0,5.55,28.0,16.0,8.0,1.26,2.01,2.88,0.0,3.0,1.0,26.0,0.0,0.0
9,8473503,2024,James Reimer,BUF,G,5on4,10,2249.0,0.51,0.0,10.0,0.26,1.0,0.92,1.0,6.55,8.0,1.29,0.0,2.08,1.0,5.02,6.0,0.5,7.0,2.0,0.0,0.24,0.27,0.0,0.0,0.0,0.0,1.0,0.0,0.0
10,8475883,2024,Frederik Andersen,CAR,G,other,7,358.0,0.78,0.0,8.0,0.43,0.0,0.97,0.0,5.52,7.0,0.31,0.0,2.61,2.0,2.04,5.0,0.78,3.0,3.0,1.0,0.09,0.48,0.2,0.0,0.0,0.0,1.0,0.0,0.0
11,8475883,2024,Frederik Andersen,CAR,G,all,7,25405.0,19.78,13.0,330.0,12.87,20.0,42.1,24.0,183.84,170.0,9.59,2.0,96.02,83.0,70.34,107.0,18.26,171.0,53.0,23.0,5.18,6.74,7.86,4.0,5.0,4.0,83.0,0.0,0.0
12,8475883,2024,Frederik Andersen,CAR,G,5on5,7,20484.0,10.87,10.0,236.0,8.2,9.0,30.32,18.0,127.47,119.0,7.84,2.0,66.84,49.0,50.79,85.0,10.51,128.0,33.0,10.0,3.63,4.31,2.93,4.0,5.0,1.0,65.0,0.0,0.0
13,8475883,2024,Frederik Andersen,CAR,G,4on5,7,2392.0,7.73,3.0,76.0,3.96,11.0,9.53,6.0,44.0,37.0,0.19,0.0,24.4,30.0,12.86,10.0,6.57,33.0,15.0,12.0,1.26,1.74,4.73,0.0,0.0,3.0,16.0,0.0,0.0
14,8475883,2024,Frederik Andersen,CAR,G,5on4,7,2171.0,0.41,0.0,10.0,0.27,0.0,1.29,0.0,6.85,7.0,1.26,0.0,2.17,2.0,4.66,7.0,0.41,7.0,2.0,0.0,0.2,0.2,0.0,0.0,0.0,0.0,1.0,0.0,0.0
15,8475660,2024,Cam Talbot,DET,G,other,28,1934.0,7.37,4.0,75.0,3.08,5.0,7.24,13.0,38.09,35.0,0.77,0.0,21.95,21.0,8.99,7.0,6.37,18.0,20.0,12.0,0.72,2.2,4.45,1.0,2.0,1.0,25.0,0.0,0.0
16,8475660,2024,Cam Talbot,DET,G,all,28,91791.0,82.52,73.0,1611.0,56.34,88.0,206.67,180.0,844.45,779.0,23.24,1.0,454.63,406.0,324.46,403.0,77.33,855.0,195.0,103.0,23.33,23.9,35.3,26.0,18.0,29.0,458.0,0.0,0.0
17,8475660,2024,Cam Talbot,DET,G,5on5,28,77188.0,57.23,43.0,1312.0,43.69,71.0,176.23,151.0,689.24,633.0,18.58,1.0,368.25,335.0,275.31,342.0,54.17,723.0,156.0,65.0,19.81,19.22,18.21,21.0,15.0,7.0,368.0,0.0,0.0
18,8475660,2024,Cam Talbot,DET,G,4on5,28,6024.0,16.31,23.0,198.0,8.67,12.0,21.26,14.0,103.53,94.0,0.48,0.0,59.53,47.0,30.95,43.0,15.21,103.0,13.0,24.0,2.47,1.64,12.2,2.0,1.0,20.0,58.0,0.0,0.0
19,8475660,2024,Cam Talbot,DET,G,5on4,28,6645.0,1.46,3.0,24.0,0.83,0.0,1.78,2.0,12.66,16.0,3.39,0.0,4.56,2.0,8.92,11.0,1.43,11.0,5.0,2.0,0.33,0.69,0.43,2.0,0.0,1.0,6.0,0.0,0.0
20,8480280,2024,Jeremy Swayman,BOS,G,other,37,3668.0,7.58,9.0,121.0,4.65,7.0,12.89,11.0,62.61,56.0,1.3,2.0,35.87,26.0,21.54,31.0,7.07,57.0,18.0,10.0,2.44,2.03,3.11,3.0,2.0,4.0,36.0,0.0,0.0
21,8480280,2024,Jeremy Swayman,BOS,G,all,37,130690.0,104.38,110.0,2156.0,73.52,104.0,275.24,249.0,1120.32,1051.0,35.08,4.0,608.36,474.0,449.97,610.0,99.74,1157.0,281.0,112.0,32.79,34.79,36.8,47.0,35.0,28.0,606.0,0.0,0.0
22,8480280,2024,Jeremy Swayman,BOS,G,5on5,37,104818.0,67.56,67.0,1687.0,53.25,75.0,222.77,192.0,860.11,797.0,27.15,2.0,473.7,381.0,351.26,482.0,65.19,937.0,202.0,59.0,25.51,25.14,16.91,37.0,21.0,9.0,489.0,0.0,0.0
23,8480280,2024,Jeremy Swayman,BOS,G,4on5,37,10447.0,23.03,29.0,272.0,12.9,17.0,31.73,44.0,146.57,148.0,0.73,0.0,83.06,57.0,44.32,53.0,21.71,120.0,48.0,32.0,3.65,5.94,13.44,5.0,11.0,13.0,72.0,0.0,0.0
24,8480280,2024,Jeremy Swayman,BOS,G,5on4,37,11757.0,5.9,4.0,72.0,2.56,5.0,7.18,2.0,47.93,47.0,5.73,0.0,14.53,10.0,31.27,41.0,5.47,41.0,11.0,11.0,1.11,1.45,3.34,1.0,1.0,2.0,9.0,0.0,0.0
25,8478872,2024,Karel Vejmelka,UTA,G,other,30,2678.0,6.1,4.0,83.0,3.05,4.0,8.87,10.0,44.22,41.0,0.57,0.0,25.01,20.0,14.44,21.0,5.5,35.0,14.0,10.0,1.21,1.76,3.12,1.0,1.0,2.0,24.0,0.0,0.0
26,8478872,2024,Karel Vejmelka,UTA,G,all,30,104999.0,85.26,72.0,1700.0,57.44,80.0,215.44,169.0,882.89,817.0,30.16,5.0,468.78,416.0,339.35,456.0,81.94,855.0,257.0,84.0,25.91,31.81,27.54,23.0,21.0,28.0,504.0,0.0,0.0
27,8478872,2024,Karel Vejmelka,UTA,G,5on5,30,85490.0,56.95,47.0,1291.0,40.14,62.0,169.68,134.0,664.39,608.0,25.69,5.0,349.02,299.0,264.71,359.0,55.5,668.0,184.0,51.0,19.7,23.11,14.14,18.0,17.0,12.0,388.0,0.0,0.0
28,8478872,2024,Karel Vejmelka,UTA,G,4on5,30,8921.0,19.82,17.0,290.0,13.1,13.0,32.52,24.0,151.32,141.0,0.57,0.0,86.83,91.0,46.82,58.0,18.59,135.0,47.0,22.0,4.31,5.49,10.02,2.0,1.0,14.0,86.0,0.0,0.0
29,8478872,2024,Karel Vejmelka,UTA,G,5on4,30,7910.0,1.15,2.0,24.0,0.58,0.0,2.49,1.0,13.21,17.0,3.15,0.0,4.18,4.0,9.14,11.0,1.14,13.0,4.0,1.0,0.47,0.43,0.26,2.0,0.0,0.0,6.0,0.0,0.0
30,8479979,2024,Jake Oettinger,DAL,G,other,37,3143.0,7.01,6.0,100.0,3.9,6.0,9.06,6.0,48.37,39.0,1.17,1.0,29.88,27.0,13.42,20.0,6.19,32.0,24.0,9.0,1.29,3.03,2.69,1.0,4.0,1.0,35.0,0.0,0.0
31,8479979,2024,Jake Oettinger,DAL,G,all,37,129943.0,92.14,83.0,1990.0,68.86,93.0,261.13,217.0,1066.23,943.0,38.85,6.0,572.19,443.0,420.25,614.0,88.55,1089.0,266.0,95.0,31.75,31.57,28.82,33.0,31.0,19.0,540.0,0.0,0.0
32,8479979,2024,Jake Oettinger,DAL,G,5on5,37,106578.0,71.01,59.0,1636.0,52.85,74.0,220.55,181.0,868.9,758.0,30.72,3.0,460.94,353.0,349.84,517.0,68.74,903.0,211.0,70.0,26.72,24.75,19.55,25.0,24.0,10.0,452.0,0.0,0.0
33,8479979,2024,Jake Oettinger,DAL,G,4on5,37,9187.0,12.2,13.0,219.0,10.95,13.0,27.21,28.0,121.73,114.0,0.72,0.0,73.18,61.0,38.35,51.0,11.7,128.0,23.0,15.0,3.18,2.75,6.28,4.0,2.0,7.0,53.0,0.0,0.0
34,8479979,2024,Jake Oettinger,DAL,G,5on4,37,11035.0,1.85,4.0,34.0,1.09,0.0,4.17,2.0,26.3,31.0,6.23,2.0,7.9,2.0,18.23,26.0,1.84,25.0,8.0,1.0,0.5,1.05,0.3,2.0,1.0,1.0,0.0,0.0,0.0
35,8477968,2024,Alex Nedeljkovic,PIT,G,other,24,1833.0,4.61,8.0,58.0,2.33,5.0,5.53,5.0,29.14,28.0,0.53,1.0,16.07,13.0,9.44,8.0,4.36,20.0,13.0,6.0,0.85,1.9,1.85,1.0,5.0,2.0,19.0,0.0,0.0
36,8477968,2024,Alex Nedeljkovic,PIT,G,all,24,84611.0,71.35,74.0,1434.0,50.78,82.0,185.53,161.0,756.42,709.0,26.0,2.0,412.94,343.0,297.71,383.0,67.44,774.0,201.0,69.0,21.72,25.6,24.03,24.0,28.0,22.0,390.0,2.0,1.0
37,8477968,2024,Alex Nedeljkovic,PIT,G,5on5,24,69429.0,48.55,49.0,1133.0,37.54,63.0,150.98,122.0,586.01,550.0,20.75,1.0,320.22,264.0,233.54,312.0,46.5,617.0,152.0,42.0,17.33,19.1,12.12,19.0,21.0,9.0,322.0,2.0,1.0
38,8477968,2024,Alex Nedeljkovic,PIT,G,4on5,24,6888.0,15.71,15.0,201.0,9.47,11.0,24.4,30.0,112.93,105.0,0.46,0.0,66.62,61.0,35.25,38.0,14.2,110.0,25.0,20.0,2.71,3.2,9.81,3.0,1.0,11.0,46.0,0.0,0.0
39,8477968,2024,Alex Nedeljkovic,PIT,G,5on4,24,6461.0,1.91,1.0,35.0,1.18,3.0,4.04,4.0,24.79,24.0,4.03,0.0,8.04,3.0,17.99,23.0,1.82,26.0,7.0,1.0,0.77,0.9,0.25,1.0,0.0,0.0,1.0,0.0,0.0
40,8477967,2024,Thatcher Demko,VAN,G,other,13,1798.0,5.6,8.0,51.0,1.89,4.0,5.51,2.0,27.25,24.0,0.54,0.0,13.57,16.0,8.51,6.0,4.86,18.0,9.0,9.0,0.63,1.06,3.91,1.0,3.0,4.0,15.0,0.0,0.0
41,8477967,2024,Thatcher Demko,VAN,G,all,13,45098.0,37.11,41.0,708.0,24.33,40.0,88.72,75.0,368.0,333.0,10.66,0.0,195.16,158.0,146.38,189.0,34.79,366.0,92.0,46.0,10.02,11.54,15.55,13.0,15.0,13.0,204.0,0.0,0.0
42,8477967,2024,Thatcher Demko,VAN,G,5on5,13,36462.0,22.51,24.0,550.0,17.54,28.0,71.91,63.0,280.37,250.0,8.05,0.0,150.72,117.0,114.87,154.0,21.45,302.0,59.0,26.0,8.29,7.34,6.88,10.0,9.0,5.0,163.0,0.0,0.0
43,8477967,2024,Thatcher Demko,VAN,G,4on5,13,3640.0,7.45,7.0,86.0,4.17,6.0,9.1,9.0,46.36,42.0,0.22,0.0,25.98,23.0,13.82,17.0,6.96,35.0,18.0,9.0,0.71,2.46,4.28,1.0,2.0,4.0,24.0,0.0,0.0
44,8477967,2024,Thatcher Demko,VAN,G,5on4,13,3198.0,1.24,1.0,17.0,0.56,2.0,1.56,1.0,10.83,14.0,1.75,0.0,3.65,2.0,7.63,9.0,1.21,9.0,4.0,2.0,0.32,0.44,0.48,1.0,0.0,0.0,2.0,0.0,0.0
45,8478009,2024,Ilya Sorokin,NYI,G,other,35,3481.0,9.97,10.0,136.0,5.34,6.0,13.78,7.0,71.09,65.0,1.15,0.0,40.3,39.0,22.28,32.0,9.26,56.0,24.0,14.0,2.46,3.23,4.28,1.0,3.0,6.0,42.0,0.0,0.0
46,8478009,2024,Ilya Sorokin,NYI,G,all,35,120096.0,94.61,91.0,2007.0,70.44,107.0,253.84,176.0,1046.78,959.0,35.02,1.0,566.44,454.0,408.84,598.0,91.83,1090.0,239.0,100.0,31.03,30.82,32.75,29.0,34.0,28.0,578.0,2.0,1.0
47,8478009,2024,Ilya Sorokin,NYI,G,5on5,35,101653.0,67.6,59.0,1644.0,53.94,84.0,214.28,151.0,847.21,774.0,28.42,1.0,456.37,369.0,340.45,495.0,65.94,908.0,191.0,62.0,25.44,24.65,17.51,25.0,28.0,6.0,483.0,2.0,1.0
48,8478009,2024,Ilya Sorokin,NYI,G,4on5,35,7325.0,15.02,20.0,193.0,9.98,15.0,22.33,18.0,106.63,98.0,0.87,0.0,62.11,41.0,32.07,51.0,14.65,105.0,18.0,22.0,2.36,2.31,10.34,2.0,2.0,16.0,48.0,0.0,0.0
49,8478009,2024,Ilya Sorokin,NYI,G,5on4,35,7637.0,1.59,2.0,27.0,0.88,2.0,2.57,0.0,17.3,17.0,4.53,0.0,5.54,4.0,11.9,15.0,1.55,17.0,4.0,2.0,0.62,0.35,0.62,1.0,1.0,0.0,4.0,0.0,0.0
50,8478048,2024,Igor Shesterkin,NYR,G,other,36,3125.0,9.72,10.0,95.0,4.5,6.0,11.95,5.0,58.67,52.0,1.32,0.0,31.43,27.0,17.41,29.0,8.97,44.0,19.0,14.0,1.62,2.43,5.67,3.0,0.0,7.0,18.0,0.0,0.0
51,8478048,2024,Igor Shesterkin,NYR,G,all,36,123591.0,112.04,97.0,2173.0,80.55,122.0,281.68,201.0,1170.28,1068.0,35.83,3.0,623.67,473.0,443.34,685.0,106.22,1138.0,308.0,134.0,32.08,38.81,41.15,33.0,41.0,23.0,593.0,4.0,2.0
52,8478048,2024,Igor Shesterkin,NYR,G,5on5,36,99885.0,80.68,73.0,1731.0,58.32,88.0,227.02,162.0,910.95,835.0,27.83,3.0,482.88,348.0,355.89,563.0,77.45,906.0,239.0,90.0,25.53,30.22,24.93,28.0,35.0,10.0,496.0,4.0,2.0
53,8478048,2024,Igor Shesterkin,NYR,G,4on5,36,11551.0,19.67,12.0,311.0,16.79,27.0,39.72,33.0,179.18,161.0,1.24,0.0,102.88,95.0,55.02,72.0,17.86,166.0,46.0,28.0,4.26,5.69,9.71,1.0,5.0,6.0,71.0,0.0,0.0
54,8478048,2024,Igor Shesterkin,NYR,G,5on4,36,9030.0,1.97,2.0,36.0,0.94,1.0,2.98,1.0,21.48,20.0,5.44,0.0,6.47,3.0,15.02,21.0,1.94,22.0,4.0,2.0,0.67,0.47,0.83,1.0,1.0,0.0,8.0,0.0,0.0
55,8476945,2024,Connor Hellebuyck,WPG,G,other,40,3806.0,8.69,8.0,105.0,4.58,11.0,11.52,7.0,56.28,56.0,1.2,0.0,31.48,30.0,16.78,19.0,7.62,45.0,17.0,13.0,1.6,2.18,4.91,2.0,2.0,4.0,30.0,0.0,0.0
56,8476945,2024,Connor Hellebuyck,WPG,G,all,40,144279.0,109.21,80.0,2395.0,82.16,140.0,307.71,238.0,1226.44,1096.0,40.67,0.0,671.27,578.0,490.42,663.0,103.77,1309.0,276.0,118.0,34.75,35.02,39.44,32.0,20.0,28.0,692.0,0.0,0.0
57,8476945,2024,Connor Hellebuyck,WPG,G,5on5,40,121480.0,76.97,52.0,1936.0,61.32,99.0,253.83,203.0,976.53,863.0,33.68,0.0,538.85,475.0,401.57,533.0,74.12,1075.0,222.0,69.0,29.09,28.29,19.59,25.0,16.0,11.0,570.0,0.0,0.0
58,8476945,2024,Connor Hellebuyck,WPG,G,4on5,40,9766.0,20.86,19.0,303.0,14.66,26.0,36.63,25.0,160.49,141.0,0.64,0.0,89.77,68.0,48.43,78.0,19.42,154.0,29.0,33.0,3.25,3.47,14.14,5.0,2.0,12.0,87.0,0.0,0.0
59,8476945,2024,Connor Hellebuyck,WPG,G,5on4,40,9227.0,2.59,1.0,49.0,1.56,4.0,5.51,3.0,31.87,34.0,5.1,0.0,10.63,5.0,22.6,31.0,2.53,33.0,8.0,3.0,0.71,1.08,0.8,0.0,0.0,1.0,5.0,0.0,0.0
60,8475311,2024,Darcy Kuemper,LAK,G,other,27,2924.0,7.43,11.0,93.0,4.27,8.0,11.62,9.0,57.63,53.0,0.59,0.0,30.73,21.0,20.09,26.0,6.97,44.0,24.0,8.0,1.58,2.96,2.89,2.0,6.0,3.0,17.0,0.0,0.0
61,8475311,2024,Darcy Kuemper,LAK,G,all,27,96427.0,68.25,58.0,1508.0,52.67,71.0,192.02,151.0,785.87,719.0,26.58,3.0,428.43,338.0,308.24,455.0,65.61,819.0,191.0,66.0,23.55,24.43,20.27,25.0,20.0,13.0,432.0,0.0,0.0
62,8475311,2024,Darcy Kuemper,LAK,G,5on5,27,79324.0,45.57,37.0,1199.0,37.82,47.0,153.9,120.0,605.57,551.0,22.18,3.0,331.04,266.0,247.32,364.0,44.23,671.0,127.0,38.0,17.88,16.48,11.21,19.0,11.0,7.0,363.0,0.0,0.0
63,8475311,2024,Darcy Kuemper,LAK,G,4on5,27,8081.0,13.38,8.0,193.0,9.69,12.0,24.16,22.0,107.34,98.0,0.62,0.0,61.66,48.0,31.42,54.0,12.61,95.0,31.0,18.0,3.82,3.89,5.66,4.0,2.0,2.0,49.0,0.0,0.0
64,8475311,2024,Darcy Kuemper,LAK,G,5on4,27,6098.0,1.52,1.0,20.0,0.67,3.0,1.95,0.0,12.99,14.0,3.03,0.0,3.98,3.0,8.46,10.0,1.47,8.0,7.0,2.0,0.2,0.81,0.51,0.0,0.0,1.0,3.0,0.0,0.0
65,8482487,2024,Jakub Dobes,MTL,G,other,6,499.0,0.59,0.0,14.0,0.46,0.0,1.54,1.0,7.46,7.0,0.18,0.0,4.05,3.0,3.15,6.0,0.57,7.0,3.0,0.0,0.24,0.35,0.0,0.0,0.0,0.0,4.0,0.0,0.0
66,8482487,2024,Jakub Dobes,MTL,G,all,6,22390.0,20.76,12.0,410.0,12.62,18.0,50.95,46.0,203.15,179.0,5.9,1.0,107.91,80.0,79.91,123.0,18.8,200.0,56.0,23.0,5.95,7.06,7.75,2.0,6.0,4.0,131.0,0.0,0.0
67,8482487,2024,Jakub Dobes,MTL,G,5on5,6,19021.0,14.85,8.0,333.0,10.17,17.0,44.38,42.0,167.71,145.0,4.8,0.0,89.38,60.0,66.47,104.0,14.2,173.0,41.0,17.0,5.01,5.16,4.67,2.0,3.0,3.0,102.0,0.0,0.0
68,8482487,2024,Jakub Dobes,MTL,G,4on5,6,1487.0,4.43,3.0,47.0,1.52,1.0,3.66,3.0,19.95,17.0,0.1,0.0,10.91,12.0,5.91,8.0,3.2,15.0,6.0,6.0,0.55,0.8,3.08,0.0,2.0,1.0,20.0,0.0,0.0
69,8482487,2024,Jakub Dobes,MTL,G,5on4,6,1383.0,0.3,0.0,8.0,0.2,0.0,0.62,0.0,3.48,4.0,0.63,0.0,1.31,1.0,2.43,4.0,0.28,3.0,2.0,0.0,0.03,0.27,0.0,0.0,0.0,0.0,3.0,0.0,0.0
70,8476341,2024,Anton Forsberg,OTT,G,other,18,1893.0,3.87,4.0,37.0,1.42,2.0,4.06,4.0,20.11,20.0,0.57,0.0,11.63,9.0,5.3,8.0,3.68,14.0,8.0,5.0,0.54,1.11,2.22,1.0,3.0,0.0,10.0,0.0,0.0
71,8476341,2024,Anton Forsberg,OTT,G,all,18,60311.0,48.77,47.0,965.0,31.95,45.0,119.01,76.0,496.27,443.0,16.1,0.0,266.09,187.0,191.96,318.0,46.85,492.0,119.0,63.0,13.85,14.97,19.95,12.0,21.0,14.0,291.0,0.0,0.0
72,8476341,2024,Anton Forsberg,OTT,G,5on5,18,49643.0,32.65,32.0,786.0,24.06,37.0,99.63,62.0,395.82,348.0,13.2,0.0,213.01,144.0,158.63,266.0,31.71,412.0,90.0,39.0,11.38,11.41,9.86,10.0,15.0,7.0,245.0,0.0,0.0
73,8476341,2024,Anton Forsberg,OTT,G,4on5,18,4229.0,11.03,9.0,120.0,5.79,6.0,13.46,8.0,66.98,61.0,0.41,0.0,37.2,32.0,19.41,33.0,10.27,54.0,17.0,18.0,1.48,1.89,7.67,0.0,2.0,7.0,31.0,0.0,0.0
74,8476341,2024,Anton Forsberg,OTT,G,5on4,18,4546.0,0.84,1.0,18.0,0.55,0.0,1.37,1.0,10.99,11.0,1.9,0.0,3.28,1.0,7.68,11.0,0.83,11.0,2.0,1.0,0.39,0.24,0.21,1.0,0.0,0.0,4.0,0.0,0.0
75,8482657,2024,Sebastian Cossa,DET,G,other,1,120.0,0.08,0.0,1.0,0.06,0.0,0.13,0.0,0.87,0.0,0.15,0.0,0.36,0.0,0.35,1.0,0.08,1.0,0.0,0.0,0.08,0.0,0.0,0.0,0.0,0.0,0.0,0.0,0.0
76,8482657,2024,Sebastian Cossa,DET,G,all,1,2700.0,1.67,2.0,34.0,1.12,1.0,3.75,2.0,16.7,14.0,0.77,0.0,9.02,4.0,6.88,14.0,1.63,17.0,5.0,1.0,0.78,0.59,0.31,1.0,0.0,1.0,11.0,0.0,0.0
77,8482657,2024,Sebastian Cossa,DET,G,5on5,1,2167.0,1.3,2.0,27.0,0.87,1.0,3.03,2.0,12.93,12.0,0.51,0.0,7.15,4.0,5.2,9.0,1.27,14.0,3.0,1.0,0.6,0.39,0.31,1.0,0.0,1.0,9.0,0.0,0.0
78,8482657,2024,Sebastian Cossa,DET,G,4on5,1,240.0,0.28,0.0,5.0,0.15,0.0,0.39,0.0,2.11,1.0,0.02,0.0,1.25,0.0,0.86,3.0,0.28,1.0,2.0,0.0,0.08,0.2,0.0,0.0,0.0,0.0,2.0,0.0,0.0
79,8482657,2024,Sebastian Cossa,DET,G,5on4,1,173.0,0.02,0.0,1.0,0.03,0.0,0.19,0.0,0.79,1.0,0.09,0.0,0.26,0.0,0.48,1.0,0.01,1.0,0.0,0.0,0.02,0.0,0.0,0.0,0.0,0.0,0.0,0.0,0.0
80,8475839,2024,Louis Domingue,NYR,G,other,1,38.0,0.0,0.0,0.0,0.0,0.0,0.0,0.0,0.0,0.0,0.0,0.0,0.0,0.0,0.0,0.0,0.0,0.0,0.0,0.0,0.0,0.0,0.0,0.0,0.0,0.0,0.0,0.0,0.0
81,8475839,2024,Louis Domingue,NYR,G,all,1,3600.0,1.93,2.0,45.0,1.52,2.0,5.99,8.0,24.12,27.0,1.03,0.0,13.45,12.0,10.32,10.0,1.82,27.0,4.0,3.0,0.61,0.54,0.78,1.0,1.0,0.0,11.0,0.0,0.0
82,8475839,2024,Louis Domingue,NYR,G,5on5,1,3442.0,1.89,2.0,44.0,1.47,2.0,5.83,7.0,23.39,26.0,1.03,0.0,13.04,12.0,10.0,10.0,1.78,26.0,4.0,3.0,0.57,0.54,0.78,1.0,1.0,0.0,11.0,0.0,0.0
83,8475839,2024,Louis Domingue,NYR,G,4on5,1,120.0,0.04,0.0,1.0,0.05,0.0,0.16,1.0,0.73,1.0,0.0,0.0,0.41,0.0,0.32,0.0,0.04,1.0,0.0,0.0,0.04,0.0,0.0,0.0,0.0,0.0,0.0,0.0,0.0
84,8475839,2024,Louis Domingue,NYR,G,5on4,1,0.0,0.0,0.0,0.0,0.0,0.0,0.0,0.0,0.0,0.0,0.0,0.0,0.0,0.0,0.0,0.0,0.0,0.0,0.0,0.0,0.0,0.0,0.0,0.0,0.0,0.0,0.0,0.0,0.0
85,8480193,2024,Daniil Tarasov,CBJ,G,other,13,984.0,3.1,6.0,31.0,1.34,2.0,3.72,4.0,19.78,19.0,0.11,0.0,11.31,8.0,6.87,7.0,2.9,13.0,9.0,5.0,0.52,1.06,1.52,2.0,2.0,2.0,4.0,0.0,0.0
86,8480193,2024,Daniil Tarasov,CBJ,G,all,13,47040.0,42.02,50.0,774.0,28.32,53.0,99.26,61.0,416.84,387.0,12.91,0.0,228.17,169.0,159.13,237.0,40.23,389.0,140.0,42.0,11.68,17.8,12.54,17.0,25.0,8.0,203.0,0.0,0.0
87,8480193,2024,Daniil Tarasov,CBJ,G,5on5,13,39710.0,32.31,38.0,640.0,21.89,46.0,83.18,49.0,336.18,302.0,10.61,0.0,181.32,133.0,129.9,194.0,31.08,320.0,110.0,30.0,9.44,13.96,8.91,13.0,21.0,4.0,180.0,0.0,0.0
88,8480193,2024,Daniil Tarasov,CBJ,G,4on5,13,3027.0,5.54,6.0,86.0,4.54,5.0,10.68,8.0,49.95,53.0,0.49,0.0,31.64,25.0,15.86,25.0,5.18,47.0,17.0,6.0,1.43,2.26,1.85,2.0,2.0,2.0,16.0,0.0,0.0
89,8480193,2024,Daniil Tarasov,CBJ,G,5on4,13,3319.0,0.56,0.0,10.0,0.33,0.0,0.89,0.0,6.99,8.0,1.51,0.0,2.27,2.0,4.75,7.0,0.56,6.0,3.0,0.0,0.18,0.39,0.0,0.0,0.0,0.0,1.0,0.0,0.0
90,8482221,2024,Devon Levi,BUF,G,other,9,647.0,0.4,1.0,9.0,0.21,0.0,0.75,1.0,3.87,4.0,0.14,0.0,1.75,1.0,1.77,2.0,0.4,3.0,2.0,0.0,0.13,0.27,0.0,0.0,1.0,0.0,4.0,0.0,0.0
91,8482221,2024,Devon Levi,BUF,G,all,9,28838.0,24.97,33.0,452.0,17.98,34.0,62.89,48.0,254.57,258.0,8.47,0.0,138.27,100.0,99.16,136.0,23.97,265.0,57.0,30.0,7.94,7.39,9.63,12.0,12.0,9.0,100.0,0.0,0.0
92,8482221,2024,Devon Levi,BUF,G,5on5,9,23510.0,17.43,24.0,351.0,12.88,27.0,50.62,34.0,194.48,196.0,7.23,0.0,103.47,73.0,77.78,110.0,16.75,204.0,46.0,19.0,6.0,6.13,5.31,10.0,10.0,4.0,82.0,0.0,0.0
93,8482221,2024,Devon Levi,BUF,G,4on5,9,2583.0,6.72,8.0,84.0,4.56,7.0,10.68,12.0,50.77,51.0,0.16,0.0,30.92,26.0,15.52,17.0,6.4,52.0,7.0,11.0,1.63,0.76,4.33,2.0,1.0,5.0,14.0,0.0,0.0
94,8482221,2024,Devon Levi,BUF,G,5on4,9,2098.0,0.42,0.0,8.0,0.33,0.0,0.84,1.0,5.45,7.0,0.84,0.0,2.13,0.0,4.08,7.0,0.41,6.0,2.0,0.0,0.19,0.23,0.0,0.0,0.0,0.0,0.0,0.0,0.0
95,8484293,2024,Yaniv Perets,CAR,G,other,1,0.0,0.0,0.0,0.0,0.0,0.0,0.0,0.0,0.0,0.0,0.0,0.0,0.0,0.0,0.0,0.0,0.0,0.0,0.0,0.0,0.0,0.0,0.0,0.0,0.0,0.0,0.0,0.0,0.0
96,8484293,2024,Yaniv Perets,CAR,G,all,1,492.0,0.97,1.0,10.0,0.58,1.0,1.44,1.0,6.79,7.0,0.04,0.0,3.65,4.0,2.13,2.0,0.87,4.0,3.0,2.0,0.09,0.26,0.62,0.0,1.0,0.0,1.0,0.0,0.0
97,8484293,2024,Yaniv Perets,CAR,G,5on5,1,381.0,0.26,0.0,7.0,0.28,0.0,1.06,1.0,4.5,4.0,0.03,0.0,2.61,4.0,1.65,1.0,0.25,4.0,2.0,0.0,0.09,0.17,0.0,0.0,0.0,0.0,1.0,0.0,0.0
98,8484293,2024,Yaniv Perets,CAR,G,4on5,1,111.0,0.71,1.0,3.0,0.3,1.0,0.38,0.0,2.29,3.0,0.02,0.0,1.04,0.0,0.48,1.0,0.61,0.0,1.0,2.0,0.0,0.09,0.62,0.0,1.0,0.0,0.0,0.0,0.0
99,8484293,2024,Yaniv Perets,CAR,G,5on4,1,0.0,0.0,0.0,0.0,0.0,0.0,0.0,0.0,0.0,0.0,0.0,0.0,0.0,0.0,0.0,0.0,0.0,0.0,0.0,0.0,0.0,0.0,0.0,0.0,0.0,0.0,0.0,0.0,0.0
100,8480313,2024,Logan Thompson,WSH,G,other,28,3402.0,8.25,6.0,108.0,4.23,4.0,10.43,8.0,54.29,49.0,1.15,1.0,33.33,32.0,14.87,23.0,7.55,42.0,21.0,10.0,2.0,2.65,3.6,0.0,3.0,3.0,35.0,0.0,0.0
101,8480313,2024,Logan Thompson,WSH,G,all,28,100277.0,85.65,57.0,1746.0,59.3,102.0,218.16,181.0,889.05,783.0,29.23,3.0,474.27,372.0,340.48,495.0,80.43,874.0,231.0,103.0,25.41,28.79,31.45,23.0,20.0,14.0,538.0,0.0,0.0
102,8480313,2024,Logan Thompson,WSH,G,5on5,28,82789.0,64.91,39.0,1423.0,45.86,83.0,183.54,149.0,718.17,623.0,22.89,0.0,376.15,297.0,280.04,407.0,60.76,714.0,185.0,76.0,20.34,23.25,21.32,21.0,15.0,3.0,448.0,0.0,0.0
103,8480313,2024,Logan Thompson,WSH,G,4on5,28,7253.0,10.11,9.0,179.0,8.17,13.0,20.59,22.0,93.99,86.0,0.71,1.0,57.34,35.0,30.71,50.0,9.77,97.0,19.0,14.0,2.43,2.22,5.46,2.0,1.0,6.0,49.0,0.0,0.0
104,8480313,2024,Logan Thompson,WSH,G,5on4,28,6833.0,1.63,2.0,29.0,0.75,2.0,2.78,1.0,17.82,21.0,4.28,1.0,5.46,7.0,12.82,12.0,1.62,18.0,4.0,2.0,0.5,0.45,0.68,0.0,1.0,1.0,5.0,0.0,0.0
105,8474593,2024,Jacob Markstrom,NJD,G,other,36,3213.0,5.71,5.0,92.0,3.68,6.0,10.3,6.0,47.67,40.0,1.3,0.0,29.43,29.0,15.26,19.0,5.01,40.0,18.0,8.0,1.68,1.85,2.18,4.0,1.0,0.0,26.0,0.0,0.0
106,8474593,2024,Jacob Markstrom,NJD,G,all,36,127672.0,89.34,78.0,1981.0,67.68,89.0,253.39,196.0,1016.9,886.0,38.84,1.0,557.85,448.0,402.19,592.0,83.96,1065.0,251.0,89.0,30.73,30.66,27.95,43.0,25.0,10.0,576.0,0.0,0.0
107,8474593,2024,Jacob Markstrom,NJD,G,5on5,36,106041.0,62.48,58.0,1584.0,50.2,64.0,210.35,168.0,809.05,714.0,31.21,1.0,441.64,346.0,327.81,483.0,60.89,872.0,197.0,51.0,24.53,24.11,13.84,33.0,20.0,5.0,464.0,0.0,0.0
108,8474593,2024,Jacob Markstrom,NJD,G,4on5,36,9790.0,17.51,13.0,255.0,11.98,17.0,28.01,21.0,128.51,103.0,0.72,0.0,76.28,69.0,39.93,58.0,14.52,128.0,23.0,27.0,3.54,2.97,11.0,5.0,3.0,5.0,77.0,0.0,0.0
109,8474593,2024,Jacob Markstrom,NJD,G,5on4,36,8628.0,2.85,1.0,39.0,1.4,2.0,3.47,1.0,24.74,25.0,5.23,0.0,7.64,3.0,15.76,25.0,2.74,20.0,9.0,3.0,0.68,1.24,0.92,1.0,0.0,0.0,7.0,0.0,0.0
110,8478971,2024,Connor Ingram,UTA,G,other,18,1692.0,4.73,8.0,51.0,1.76,1.0,5.25,4.0,25.46,22.0,0.62,0.0,12.85,10.0,8.52,10.0,4.22,17.0,10.0,7.0,0.76,1.17,2.8,2.0,2.0,4.0,17.0,0.0,0.0
111,8478971,2024,Connor Ingram,UTA,G,all,18,60962.0,44.94,56.0,989.0,32.61,38.0,125.24,99.0,511.5,471.0,17.04,0.0,272.16,251.0,205.99,253.0,43.27,514.0,140.0,44.0,14.38,16.66,13.89,23.0,23.0,10.0,291.0,2.0,1.0
112,8478971,2024,Connor Ingram,UTA,G,5on5,18,50551.0,32.84,37.0,780.0,24.13,31.0,102.16,78.0,400.83,373.0,14.21,0.0,212.07,199.0,163.41,203.0,31.89,415.0,100.0,33.0,11.81,11.96,9.09,19.0,14.0,4.0,232.0,0.0,0.0
113,8478971,2024,Connor Ingram,UTA,G,4on5,18,4840.0,5.4,8.0,131.0,5.86,5.0,15.16,17.0,66.84,59.0,0.37,0.0,40.84,35.0,22.47,27.0,5.24,69.0,20.0,3.0,1.35,2.3,1.74,2.0,4.0,2.0,39.0,0.0,0.0
114,8478971,2024,Connor Ingram,UTA,G,5on4,18,3879.0,1.28,1.0,19.0,0.56,1.0,1.67,0.0,12.75,14.0,1.74,0.0,4.03,4.0,9.09,11.0,1.25,11.0,5.0,1.0,0.39,0.63,0.27,0.0,1.0,0.0,2.0,2.0,1.0
115,8477484,2024,Spencer Martin,CAR,G,other,9,802.0,2.02,1.0,15.0,0.76,2.0,1.73,3.0,9.39,7.0,0.3,0.0,4.7,5.0,2.39,1.0,1.72,2.0,5.0,5.0,0.11,0.55,1.36,0.0,0.0,1.0,3.0,0.0,0.0
116,8477484,2024,Spencer Martin,CAR,G,all,9,24959.0,18.46,27.0,354.0,14.31,19.0,47.35,35.0,200.91,175.0,7.37,0.0,110.26,81.0,78.63,114.0,17.72,196.0,57.0,23.0,5.5,6.73,6.24,11.0,7.0,9.0,78.0,0.0,0.0
117,8477484,2024,Spencer Martin,CAR,G,5on5,9,19543.0,13.86,19.0,273.0,10.12,12.0,38.16,26.0,155.63,134.0,5.5,0.0,85.22,60.0,61.37,97.0,13.47,154.0,45.0,15.0,4.49,5.37,4.0,8.0,5.0,6.0,59.0,0.0,0.0
118,8477484,2024,Spencer Martin,CAR,G,4on5,9,2103.0,1.71,5.0,49.0,3.08,4.0,6.22,5.0,27.88,26.0,0.09,0.0,17.6,13.0,9.34,12.0,1.69,31.0,7.0,1.0,0.61,0.81,0.29,2.0,2.0,1.0,10.0,0.0,0.0
119,8477484,2024,Spencer Martin,CAR,G,5on4,9,2511.0,0.81,2.0,14.0,0.3,1.0,1.12,1.0,7.26,7.0,1.44,0.0,2.37,2.0,5.14,4.0,0.79,8.0,0.0,2.0,0.22,0.0,0.58,1.0,0.0,1.0,4.0,0.0,0.0
120,8478406,2024,Mackenzie Blackwood,COL,G,other,36,2632.0,7.7,5.0,117.0,4.8,9.0,11.62,11.0,55.83,48.0,1.15,1.0,32.11,33.0,16.58,17.0,6.62,51.0,10.0,14.0,1.73,1.37,4.59,3.0,2.0,0.0,42.0,0.0,0.0
121,8478406,2024,Mackenzie Blackwood,COL,G,all,36,121857.0,99.44,90.0,2124.0,76.25,137.0,277.76,186.0,1124.03,1035.0,33.92,4.0,612.76,533.0,437.95,592.0,94.34,1164.0,273.0,105.0,33.78,34.28,31.38,51.0,23.0,16.0,582.0,0.0,0.0
122,8478406,2024,Mackenzie Blackwood,COL,G,5on5,36,100312.0,73.59,74.0,1707.0,56.68,107.0,228.59,151.0,891.34,813.0,27.12,2.0,482.39,407.0,355.05,484.0,70.74,947.0,207.0,72.0,27.23,26.31,20.05,44.0,19.0,11.0,481.0,0.0,0.0
123,8478406,2024,Mackenzie Blackwood,COL,G,4on5,36,8788.0,14.81,8.0,253.0,13.19,17.0,32.7,23.0,145.58,141.0,0.98,0.0,88.48,88.0,45.86,64.0,13.75,139.0,46.0,15.0,4.06,5.39,5.37,3.0,1.0,4.0,53.0,0.0,0.0
124,8478406,2024,Mackenzie Blackwood,COL,G,5on4,36,10125.0,3.25,3.0,46.0,1.53,4.0,4.74,1.0,30.57,32.0,4.52,1.0,9.46,5.0,20.03,26.0,3.13,27.0,9.0,4.0,0.77,1.12,1.36,1.0,1.0,1.0,6.0,0.0,0.0
125,8477424,2024,Juuse Saros,NSH,G,other,38,3511.0,5.28,9.0,82.0,2.95,0.0,8.29,5.0,42.41,40.0,1.76,0.0,23.35,17.0,15.83,26.0,5.22,31.0,20.0,6.0,1.17,2.45,1.65,1.0,3.0,5.0,25.0,0.0,0.0
126,8477424,2024,Juuse Saros,NSH,G,all,38,130967.0,101.88,104.0,2062.0,73.99,100.0,267.86,197.0,1098.04,1034.0,39.13,1.0,587.59,457.0,434.06,643.0,96.79,1100.0,297.0,105.0,31.91,36.21,33.77,43.0,33.0,28.0,560.0,2.0,1.0
127,8477424,2024,Juuse Saros,NSH,G,5on5,38,108132.0,72.94,81.0,1683.0,56.37,83.0,224.83,159.0,886.56,835.0,31.82,1.0,476.51,358.0,359.49,539.0,70.36,924.0,228.0,68.0,26.42,27.75,18.78,40.0,27.0,14.0,463.0,2.0,1.0
128,8477424,2024,Juuse Saros,NSH,G,4on5,38,9933.0,21.04,11.0,253.0,13.07,17.0,30.22,31.0,140.48,129.0,0.87,0.0,78.12,75.0,40.0,52.0,18.59,118.0,40.0,29.0,3.45,4.85,12.74,1.0,2.0,8.0,66.0,0.0,0.0
129,8477424,2024,Juuse Saros,NSH,G,5on4,38,9391.0,2.2,1.0,40.0,1.44,0.0,4.1,2.0,26.37,27.0,4.65,0.0,8.71,7.0,17.7,25.0,2.19,25.0,9.0,1.0,0.75,1.16,0.29,0.0,1.0,0.0,5.0,0.0,0.0
130,8474682,2024,Dustin Tokarski,CAR,G,other,6,698.0,0.86,0.0,15.0,0.41,1.0,1.57,3.0,7.29,7.0,0.23,0.0,3.78,1.0,3.16,5.0,0.79,9.0,0.0,1.0,0.34,0.0,0.52,0.0,0.0,0.0,5.0,0.0,0.0
131,8474682,2024,Dustin Tokarski,CAR,G,all,6,21499.0,11.75,13.0,300.0,9.93,12.0,36.65,34.0,150.96,132.0,7.02,1.0,81.77,54.0,61.89,94.0,11.37,160.0,38.0,9.0,4.05,4.75,2.94,7.0,5.0,1.0,93.0,0.0,0.0
132,8474682,2024,Dustin Tokarski,CAR,G,5on5,6,17234.0,9.0,12.0,242.0,7.67,8.0,29.41,26.0,117.84,99.0,5.57,0.0,64.05,41.0,47.92,75.0,8.88,125.0,32.0,5.0,3.33,4.09,1.57,7.0,4.0,1.0,80.0,0.0,0.0
133,8474682,2024,Dustin Tokarski,CAR,G,4on5,6,1755.0,1.01,1.0,34.0,1.52,1.0,4.65,5.0,19.24,19.0,0.23,0.0,11.87,12.0,6.32,7.0,0.98,21.0,4.0,1.0,0.33,0.44,0.24,0.0,1.0,0.0,8.0,0.0,0.0
134,8474682,2024,Dustin Tokarski,CAR,G,5on4,6,1812.0,0.87,0.0,9.0,0.33,2.0,1.01,0.0,6.59,7.0,0.98,1.0,2.07,0.0,4.49,7.0,0.72,5.0,2.0,2.0,0.04,0.22,0.61,0.0,0.0,0.0,0.0,0.0,0.0
135,8476412,2024,Jordan Binnington,STL,G,other,36,2270.0,3.57,6.0,68.0,2.49,1.0,6.44,4.0,35.62,27.0,0.51,0.0,20.75,14.0,13.63,23.0,3.5,33.0,14.0,1.0,1.47,1.81,0.3,2.0,4.0,0.0,20.0,0.0,0.0
136,8476412,2024,Jordan Binnington,STL,G,all,36,123469.0,100.02,99.0,2000.0,69.36,103.0,255.89,204.0,1045.53,959.0,30.93,1.0,561.91,445.0,407.8,578.0,94.01,1064.0,250.0,116.0,29.97,31.1,38.94,36.0,34.0,29.0,570.0,2.0,1.0
137,8476412,2024,Jordan Binnington,STL,G,5on5,36,105233.0,70.81,68.0,1659.0,54.27,81.0,219.82,180.0,859.75,791.0,25.96,0.0,463.36,367.0,341.86,482.0,68.33,907.0,193.0,79.0,25.14,24.0,21.66,31.0,27.0,10.0,480.0,0.0,0.0
138,8476412,2024,Jordan Binnington,STL,G,4on5,36,8677.0,24.32,23.0,244.0,11.75,20.0,26.65,19.0,131.6,122.0,0.57,0.0,71.86,62.0,38.99,54.0,20.87,103.0,41.0,34.0,2.83,5.03,16.46,3.0,3.0,17.0,66.0,0.0,0.0
139,8476412,2024,Jordan Binnington,STL,G,5on4,36,7289.0,1.08,1.0,28.0,0.78,1.0,2.85,1.0,17.65,18.0,3.89,1.0,5.7,2.0,13.01,19.0,1.07,21.0,2.0,1.0,0.54,0.27,0.27,0.0,0.0,1.0,4.0,2.0,1.0
140,8481611,2024,Pyotr Kochetkov,CAR,G,other,31,2959.0,8.59,7.0,97.0,3.59,5.0,9.5,9.0,47.27,43.0,0.88,1.0,26.85,27.0,12.78,15.0,8.1,36.0,15.0,12.0,1.38,1.78,5.43,2.0,0.0,5.0,34.0,0.0,0.0
141,8481611,2024,Pyotr Kochetkov,CAR,G,all,31,110181.0,84.5,76.0,1524.0,57.32,95.0,198.66,161.0,830.42,785.0,37.64,3.0,441.9,324.0,315.48,464.0,80.62,788.0,230.0,108.0,23.21,28.01,33.28,27.0,28.0,21.0,398.0,4.0,2.0
142,8481611,2024,Pyotr Kochetkov,CAR,G,5on5,31,90948.0,61.73,61.0,1227.0,43.53,70.0,162.92,130.0,663.8,633.0,31.73,2.0,351.43,259.0,261.94,378.0,59.53,648.0,179.0,77.0,18.96,22.0,20.77,24.0,26.0,11.0,323.0,4.0,2.0
143,8481611,2024,Pyotr Kochetkov,CAR,G,4on5,31,8060.0,12.66,7.0,175.0,9.28,20.0,24.02,21.0,104.17,92.0,0.58,0.0,58.73,35.0,30.79,56.0,11.49,92.0,30.0,17.0,2.56,3.51,6.58,0.0,2.0,5.0,36.0,0.0,0.0
144,8481611,2024,Pyotr Kochetkov,CAR,G,5on4,31,8214.0,1.48,0.0,24.0,0.88,0.0,2.1,1.0,14.49,16.0,4.43,0.0,4.57,3.0,9.53,15.0,1.46,11.0,6.0,2.0,0.26,0.72,0.5,0.0,0.0,0.0,5.0,0.0,0.0
145,8475717,2024,Calvin Pickard,EDM,G,other,19,1645.0,1.83,1.0,39.0,1.37,1.0,3.88,2.0,18.15,16.0,0.5,0.0,11.33,13.0,5.92,8.0,1.55,17.0,6.0,2.0,0.63,0.64,0.56,0.0,1.0,0.0,14.0,0.0,0.0
146,8475717,2024,Calvin Pickard,EDM,G,all,19,62662.0,39.09,43.0,861.0,27.85,37.0,109.05,78.0,446.71,433.0,20.28,1.0,244.04,190.0,179.1,265.0,37.71,464.0,112.0,38.0,13.56,13.66,11.87,19.0,14.0,10.0,247.0,0.0,0.0
147,8475717,2024,Calvin Pickard,EDM,G,5on5,19,53150.0,30.3,32.0,728.0,23.02,34.0,95.56,66.0,378.21,370.0,16.93,1.0,205.69,157.0,152.87,230.0,29.34,406.0,85.0,29.0,11.47,10.6,8.23,18.0,9.0,5.0,208.0,0.0,0.0
148,8475717,2024,Calvin Pickard,EDM,G,4on5,19,3531.0,5.96,10.0,77.0,2.97,1.0,7.88,10.0,38.63,38.0,0.31,0.0,23.53,17.0,12.41,16.0,5.86,31.0,17.0,6.0,1.26,1.88,2.83,1.0,4.0,5.0,23.0,0.0,0.0
149,8475717,2024,Calvin Pickard,EDM,G,5on4,19,4336.0,1.01,0.0,17.0,0.5,1.0,1.73,0.0,11.73,9.0,2.45,0.0,3.49,3.0,7.9,11.0,0.96,10.0,4.0,1.0,0.2,0.55,0.26,0.0,0.0,0.0,2.0,0.0,0.0
150,8478470,2024,Sam Montembeault,MTL,G,other,38,3571.0,11.22,5.0,111.0,4.76,12.0,11.28,10.0,60.84,52.0,0.86,2.0,33.19,30.0,17.45,23.0,9.77,42.0,20.0,18.0,1.96,2.72,6.54,1.0,3.0,1.0,31.0,0.0,0.0
151,8478470,2024,Sam Montembeault,MTL,G,all,38,126520.0,114.88,105.0,2161.0,77.08,115.0,263.88,201.0,1127.74,1037.0,33.6,5.0,599.04,471.0,433.73,633.0,108.78,1084.0,298.0,144.0,31.49,36.98,46.4,37.0,41.0,27.0,635.0,0.0,0.0
152,8478470,2024,Sam Montembeault,MTL,G,5on5,38,101666.0,82.26,77.0,1671.0,55.36,92.0,213.39,154.0,868.07,795.0,27.38,2.0,454.25,339.0,343.82,515.0,78.85,845.0,232.0,101.0,24.63,28.73,28.91,31.0,32.0,14.0,493.0,0.0,0.0
153,8478470,2024,Sam Montembeault,MTL,G,4on5,38,11581.0,19.03,19.0,333.0,15.43,11.0,33.93,35.0,169.21,158.0,0.89,0.0,101.01,91.0,53.24,72.0,17.83,165.0,40.0,23.0,3.87,4.76,10.4,3.0,5.0,11.0,105.0,0.0,0.0
154,8478470,2024,Sam Montembeault,MTL,G,5on4,38,9702.0,1.74,3.0,37.0,1.13,0.0,3.68,1.0,22.45,24.0,4.37,1.0,7.69,7.0,15.97,20.0,1.73,25.0,4.0,2.0,0.69,0.5,0.55,1.0,1.0,1.0,6.0,0.0,0.0
155,8481529,2024,Trent Miner,COL,G,other,2,15.0,0.03,0.0,1.0,0.07,0.0,0.12,0.0,0.61,0.0,0.0,0.0,0.57,0.0,0.2,1.0,0.03,1.0,0.0,0.0,0.03,0.0,0.0,0.0,0.0,0.0,0.0,0.0,0.0
156,8481529,2024,Trent Miner,COL,G,all,2,5498.0,2.35,4.0,74.0,2.29,3.0,9.06,8.0,33.96,33.0,1.58,0.0,19.64,11.0,14.41,23.0,2.33,42.0,5.0,2.0,1.25,0.49,0.61,2.0,1.0,1.0,25.0,0.0,0.0
157,8481529,2024,Trent Miner,COL,G,5on5,2,5123.0,2.24,4.0,71.0,2.14,3.0,8.66,8.0,32.0,33.0,1.47,0.0,18.37,11.0,13.41,20.0,2.21,39.0,5.0,2.0,1.14,0.49,0.61,2.0,1.0,1.0,25.0,0.0,0.0
158,8481529,2024,Trent Miner,COL,G,4on5,2,120.0,0.03,0.0,1.0,0.05,0.0,0.2,0.0,0.67,0.0,0.0,0.0,0.47,0.0,0.23,1.0,0.03,1.0,0.0,0.0,0.03,0.0,0.0,0.0,0.0,0.0,0.0,0.0,0.0
159,8481529,2024,Trent Miner,COL,G,5on4,2,240.0,0.06,0.0,1.0,0.04,0.0,0.09,0.0,0.68,0.0,0.1,0.0,0.23,0.0,0.57,1.0,0.06,1.0,0.0,0.0,0.06,0.0,0.0,0.0,0.0,0.0,0.0,0.0,0.0
160,8483710,2024,Dennis Hildeby,TOR,G,other,6,712.0,1.16,1.0,16.0,0.58,0.0,1.82,3.0,8.23,9.0,0.25,0.0,4.64,4.0,3.5,4.0,1.15,9.0,2.0,1.0,0.36,0.29,0.5,1.0,0.0,0.0,4.0,0.0,0.0
161,8483710,2024,Dennis Hildeby,TOR,G,all,6,21649.0,15.65,20.0,345.0,11.63,19.0,44.39,36.0,179.51,157.0,5.93,1.0,97.15,78.0,73.77,96.0,15.03,193.0,42.0,14.0,5.46,5.49,4.7,9.0,6.0,5.0,96.0,0.0,0.0
162,8483710,2024,Dennis Hildeby,TOR,G,5on5,6,17794.0,12.21,16.0,280.0,9.16,18.0,38.05,25.0,148.59,122.0,4.83,1.0,79.76,66.0,60.5,80.0,11.67,160.0,34.0,11.0,4.3,4.33,3.58,8.0,5.0,3.0,75.0,0.0,0.0
163,8483710,2024,Dennis Hildeby,TOR,G,4on5,6,1384.0,1.78,2.0,40.0,1.54,1.0,3.49,7.0,16.23,18.0,0.08,0.0,10.55,7.0,5.07,6.0,1.71,17.0,5.0,1.0,0.66,0.72,0.4,0.0,1.0,1.0,17.0,0.0,0.0
164,8483710,2024,Dennis Hildeby,TOR,G,5on4,6,1759.0,0.5,1.0,9.0,0.35,0.0,1.03,1.0,6.46,8.0,0.77,0.0,2.21,1.0,4.69,6.0,0.5,7.0,1.0,1.0,0.14,0.15,0.21,0.0,0.0,1.0,0.0,0.0,0.0
165,8478492,2024,Ilya Samsonov,VGK,G,other,19,1416.0,3.83,1.0,47.0,2.08,2.0,4.54,5.0,23.38,18.0,0.26,0.0,14.02,15.0,5.74,8.0,3.43,13.0,12.0,6.0,0.49,1.36,1.98,0.0,1.0,0.0,16.0,0.0,0.0
166,8478492,2024,Ilya Samsonov,VGK,G,all,19,68557.0,56.74,53.0,1149.0,39.92,65.0,147.72,105.0,594.22,518.0,20.57,0.0,316.9,298.0,228.4,288.0,53.65,591.0,153.0,66.0,16.67,19.34,20.72,21.0,18.0,14.0,339.0,2.0,1.0
167,8478492,2024,Ilya Samsonov,VGK,G,5on5,19,59799.0,43.07,37.0,966.0,32.1,53.0,127.97,90.0,497.78,437.0,17.53,0.0,263.18,242.0,196.61,257.0,40.94,514.0,118.0,48.0,14.16,15.44,13.47,19.0,12.0,6.0,286.0,2.0,1.0
168,8478492,2024,Ilya Samsonov,VGK,G,4on5,19,3625.0,8.88,13.0,116.0,5.11,10.0,13.31,8.0,60.75,50.0,0.25,0.0,35.33,37.0,18.29,15.0,8.34,53.0,19.0,11.0,1.7,2.14,5.04,1.0,4.0,8.0,33.0,0.0,0.0
169,8478492,2024,Ilya Samsonov,VGK,G,5on4,19,3717.0,0.57,1.0,12.0,0.36,0.0,0.98,1.0,7.83,7.0,2.51,0.0,2.36,1.0,5.52,7.0,0.56,7.0,2.0,1.0,0.13,0.2,0.23,1.0,0.0,0.0,2.0,0.0,0.0
170,8473575,2024,Semyon Varlamov,NYI,G,other,10,471.0,0.78,1.0,18.0,0.87,0.0,2.0,3.0,9.89,10.0,0.08,0.0,7.17,5.0,2.84,5.0,0.7,11.0,3.0,0.0,0.47,0.31,0.0,1.0,0.0,0.0,4.0,0.0,0.0
171,8473575,2024,Semyon Varlamov,NYI,G,all,10,36144.0,28.34,29.0,568.0,18.7,26.0,68.66,37.0,290.18,262.0,9.89,1.0,155.52,140.0,117.33,166.0,27.06,289.0,79.0,30.0,8.48,9.92,9.94,14.0,7.0,8.0,170.0,0.0,0.0
172,8473575,2024,Semyon Varlamov,NYI,G,5on5,10,30592.0,21.64,19.0,484.0,14.97,25.0,59.15,31.0,240.01,212.0,8.17,0.0,128.0,120.0,98.28,135.0,20.51,245.0,61.0,24.0,6.71,7.7,7.22,12.0,3.0,4.0,154.0,0.0,0.0
173,8473575,2024,Semyon Varlamov,NYI,G,4on5,10,1526.0,4.21,8.0,44.0,2.04,1.0,5.17,3.0,25.68,24.0,0.23,0.0,15.17,10.0,7.66,13.0,4.13,20.0,11.0,4.0,0.69,1.25,2.27,1.0,3.0,4.0,9.0,0.0,0.0
174,8473575,2024,Semyon Varlamov,NYI,G,5on4,10,3555.0,0.63,0.0,10.0,0.3,0.0,0.91,0.0,6.66,8.0,1.17,0.0,2.12,2.0,4.85,7.0,0.63,7.0,2.0,0.0,0.27,0.36,0.0,0.0,0.0,0.0,1.0,0.0,0.0
175,8476883,2024,Andrei Vasilevskiy,TBL,G,other,37,2637.0,6.19,3.0,77.0,2.96,3.0,8.43,6.0,41.55,34.0,0.68,0.0,21.98,21.0,14.01,22.0,5.56,33.0,11.0,11.0,1.3,1.49,3.39,0.0,2.0,1.0,22.0,0.0,0.0
176,8476883,2024,Andrei Vasilevskiy,TBL,G,all,37,130817.0,93.49,85.0,2025.0,71.98,100.0,263.1,229.0,1059.86,1004.0,35.69,1.0,570.86,431.0,415.95,603.0,89.04,1106.0,249.0,96.0,30.76,30.56,32.17,38.0,31.0,16.0,574.0,4.0,2.0
177,8476883,2024,Andrei Vasilevskiy,TBL,G,5on5,37,107882.0,67.88,62.0,1640.0,53.64,76.0,219.71,198.0,851.3,811.0,29.01,1.0,458.46,346.0,341.71,486.0,65.32,907.0,202.0,61.0,25.42,24.45,18.01,33.0,25.0,4.0,470.0,2.0,1.0
178,8476883,2024,Andrei Vasilevskiy,TBL,G,4on5,37,10134.0,16.6,14.0,259.0,13.47,20.0,30.52,22.0,136.86,125.0,0.88,0.0,78.21,57.0,41.59,71.0,15.49,138.0,23.0,24.0,3.02,2.81,10.77,2.0,1.0,11.0,74.0,0.0,0.0
179,8476883,2024,Andrei Vasilevskiy,TBL,G,5on4,37,10164.0,1.84,5.0,35.0,1.22,1.0,3.15,2.0,21.98,26.0,4.93,0.0,7.45,1.0,15.64,21.0,1.82,23.0,7.0,0.0,0.77,1.07,0.0,3.0,2.0,0.0,5.0,2.0,1.0
180,8481035,2024,Samuel Ersson,PHI,G,other,28,2779.0,8.26,5.0,91.0,3.11,9.0,8.08,5.0,41.63,37.0,0.55,0.0,22.3,22.0,11.72,14.0,7.08,25.0,17.0,13.0,0.98,2.23,5.05,2.0,2.0,1.0,36.0,0.0,0.0
181,8481035,2024,Samuel Ersson,PHI,G,all,28,91748.0,63.4,73.0,1498.0,47.22,72.0,173.77,119.0,718.73,661.0,24.77,0.0,388.37,316.0,289.52,405.0,60.02,754.0,164.0,68.0,20.59,20.66,22.16,36.0,26.0,11.0,512.0,2.0,1.0
182,8481035,2024,Samuel Ersson,PHI,G,5on5,28,74499.0,39.28,53.0,1163.0,33.7,45.0,139.71,96.0,544.77,491.0,19.95,0.0,296.52,232.0,222.93,323.0,37.86,607.0,112.0,31.0,16.36,14.4,8.52,32.0,19.0,2.0,413.0,2.0,1.0
183,8481035,2024,Samuel Ersson,PHI,G,4on5,28,6770.0,13.04,11.0,181.0,8.18,16.0,19.56,12.0,92.89,86.0,0.56,0.0,53.61,50.0,27.66,36.0,12.28,79.0,23.0,23.0,2.08,2.71,8.26,1.0,2.0,8.0,56.0,0.0,0.0
184,8481035,2024,Samuel Ersson,PHI,G,5on4,28,7700.0,2.25,4.0,48.0,1.55,1.0,4.46,4.0,30.05,38.0,3.33,0.0,10.62,8.0,23.05,26.0,2.23,33.0,9.0,1.0,0.9,1.02,0.33,1.0,3.0,0.0,5.0,0.0,0.0
185,8477970,2024,Vitek Vanecek,SJS,G,other,14,1210.0,3.62,2.0,39.0,1.91,6.0,5.12,3.0,22.1,22.0,0.43,0.0,10.95,9.0,6.52,9.0,3.24,16.0,8.0,5.0,0.72,1.1,1.8,1.0,0.0,1.0,10.0,0.0,0.0
186,8477970,2024,Vitek Vanecek,SJS,G,all,14,44033.0,41.75,47.0,829.0,31.19,63.0,104.13,73.0,437.7,409.0,11.23,0.0,242.74,198.0,171.27,225.0,39.38,450.0,104.0,52.0,12.66,12.54,16.55,18.0,18.0,11.0,223.0,0.0,0.0
187,8477970,2024,Vitek Vanecek,SJS,G,5on5,14,33988.0,29.42,32.0,634.0,22.73,52.0,83.17,61.0,335.47,309.0,8.92,0.0,184.49,147.0,134.78,174.0,27.64,355.0,75.0,36.0,10.19,9.13,10.11,15.0,13.0,4.0,168.0,0.0,0.0
188,8477970,2024,Vitek Vanecek,SJS,G,4on5,14,5006.0,7.77,12.0,136.0,5.96,5.0,13.76,6.0,68.69,69.0,0.21,0.0,43.23,39.0,22.99,34.0,7.57,69.0,17.0,10.0,1.46,1.92,4.39,1.0,5.0,6.0,40.0,0.0,0.0
189,8477970,2024,Vitek Vanecek,SJS,G,5on4,14,3829.0,0.55,1.0,13.0,0.33,0.0,1.22,2.0,7.57,7.0,1.52,0.0,2.29,1.0,5.37,6.0,0.55,8.0,1.0,1.0,0.22,0.1,0.24,1.0,0.0,0.0,3.0,0.0,0.0
190,8476434,2024,John Gibson,ANA,G,other,21,1571.0,7.06,3.0,73.0,3.05,1.0,6.39,10.0,34.86,38.0,0.37,0.0,22.07,26.0,8.96,9.0,4.96,21.0,17.0,11.0,0.91,1.98,4.16,0.0,1.0,2.0,24.0,0.0,0.0
191,8476434,2024,John Gibson,ANA,G,all,21,69033.0,66.98,53.0,1260.0,44.8,70.0,159.24,151.0,659.44,606.0,18.88,3.0,356.98,279.0,255.53,352.0,62.6,658.0,167.0,81.0,19.44,20.56,26.97,11.0,19.0,23.0,354.0,2.0,1.0
192,8476434,2024,John Gibson,ANA,G,5on5,21,58037.0,46.78,36.0,1032.0,34.37,59.0,135.21,125.0,533.83,484.0,15.09,1.0,286.28,217.0,213.3,296.0,44.99,555.0,125.0,54.0,16.03,15.43,15.31,9.0,16.0,11.0,298.0,2.0,1.0
193,8476434,2024,John Gibson,ANA,G,4on5,21,4672.0,11.36,12.0,131.0,6.4,9.0,14.36,14.0,72.63,66.0,0.68,0.0,41.59,33.0,22.99,31.0,10.9,65.0,20.0,14.0,1.85,2.52,6.99,1.0,2.0,9.0,32.0,0.0,0.0
194,8476434,2024,John Gibson,ANA,G,5on4,21,4753.0,0.88,1.0,11.0,0.46,0.0,1.36,2.0,8.43,10.0,2.62,2.0,2.58,1.0,5.41,7.0,0.88,7.0,3.0,1.0,0.2,0.39,0.3,1.0,0.0,0.0,0.0,0.0,0.0
195,8482982,2024,Jet Greaves,CBJ,G,other,5,459.0,0.96,4.0,16.0,0.7,1.0,1.55,1.0,7.97,10.0,0.38,1.0,4.99,2.0,2.54,3.0,0.95,8.0,2.0,1.0,0.38,0.27,0.31,2.0,1.0,1.0,5.0,0.0,0.0
196,8482982,2024,Jet Greaves,CBJ,G,all,5,18098.0,16.3,15.0,320.0,11.71,27.0,41.45,42.0,170.84,159.0,5.56,1.0,92.97,58.0,66.76,93.0,15.49,168.0,51.0,16.0,5.22,6.43,4.65,6.0,8.0,1.0,85.0,0.0,0.0
197,8482982,2024,Jet Greaves,CBJ,G,5on5,5,15410.0,14.0,10.0,287.0,10.23,25.0,38.42,40.0,153.25,142.0,4.23,0.0,83.63,54.0,60.44,83.0,13.25,155.0,43.0,14.0,4.71,5.24,4.04,4.0,6.0,0.0,75.0,0.0,0.0
198,8482982,2024,Jet Greaves,CBJ,G,4on5,5,783.0,0.65,1.0,12.0,0.51,0.0,0.94,1.0,5.51,3.0,0.1,0.0,3.19,2.0,1.55,3.0,0.64,3.0,4.0,0.0,0.03,0.63,0.0,0.0,1.0,0.0,5.0,0.0,0.0
199,8482982,2024,Jet Greaves,CBJ,G,5on4,5,1446.0,0.69,0.0,5.0,0.27,1.0,0.55,0.0,4.11,4.0,0.86,0.0,1.15,0.0,2.22,4.0,0.66,2.0,2.0,1.0,0.1,0.29,0.3,0.0,0.0,0.0,0.0,0.0,0.0
200,8479292,2024,Charlie Lindgren,WSH,G,other,23,3046.0,4.93,3.0,75.0,2.9,3.0,7.86,15.0,39.34,32.0,0.76,0.0,23.63,20.0,13.3,13.0,4.3,33.0,16.0,5.0,1.26,1.99,1.68,2.0,0.0,1.0,21.0,0.0,0.0
201,8479292,2024,Charlie Lindgren,WSH,G,all,23,80395.0,58.34,56.0,1293.0,43.1,58.0,154.46,128.0,646.44,586.0,23.15,0.0,353.17,300.0,256.23,343.0,55.81,656.0,167.0,64.0,18.41,21.02,18.9,23.0,13.0,20.0,406.0,0.0,0.0
202,8479292,2024,Charlie Lindgren,WSH,G,5on5,23,64420.0,39.03,41.0,970.0,29.01,38.0,117.07,87.0,468.3,428.0,19.04,0.0,253.26,217.0,190.0,260.0,38.01,488.0,114.0,42.0,13.04,14.79,11.2,19.0,10.0,12.0,326.0,0.0,0.0
203,8479292,2024,Charlie Lindgren,WSH,G,4on5,23,6750.0,12.11,10.0,216.0,10.15,16.0,26.22,24.0,115.6,102.0,0.61,0.0,69.01,58.0,37.47,50.0,11.25,113.0,33.0,13.0,3.51,3.72,4.88,2.0,2.0,6.0,57.0,0.0,0.0
204,8479292,2024,Charlie Lindgren,WSH,G,5on4,23,6179.0,2.27,2.0,32.0,1.05,1.0,3.31,2.0,23.19,24.0,2.73,0.0,7.27,5.0,15.45,20.0,2.25,22.0,4.0,4.0,0.6,0.53,1.14,0.0,1.0,1.0,2.0,0.0,0.0
205,8474596,2024,Jake Allen,NJD,G,other,18,2466.0,4.62,1.0,52.0,1.82,2.0,4.98,8.0,25.25,20.0,0.6,1.0,15.25,13.0,7.43,11.0,3.38,21.0,7.0,7.0,0.84,0.78,3.0,0.0,0.0,1.0,17.0,0.0,0.0
206,8474596,2024,Jake Allen,NJD,G,all,18,62202.0,55.71,44.0,1010.0,35.47,76.0,128.59,95.0,525.71,467.0,17.81,2.0,277.7,199.0,202.42,302.0,50.62,523.0,123.0,72.0,14.63,15.22,25.87,15.0,17.0,12.0,292.0,0.0,0.0
207,8474596,2024,Jake Allen,NJD,G,5on5,18,50342.0,36.83,31.0,827.0,26.95,58.0,108.62,79.0,421.17,373.0,13.46,0.0,226.29,166.0,167.61,246.0,34.81,440.0,96.0,45.0,12.07,12.05,12.72,13.0,13.0,5.0,246.0,0.0,0.0
208,8474596,2024,Jake Allen,NJD,G,4on5,18,4335.0,12.15,10.0,103.0,5.68,14.0,11.99,7.0,59.51,54.0,0.52,0.0,30.22,15.0,15.03,31.0,10.41,48.0,11.0,18.0,1.2,1.28,9.66,1.0,3.0,6.0,26.0,0.0,0.0
209,8474596,2024,Jake Allen,NJD,G,5on4,18,5059.0,1.72,1.0,23.0,0.84,2.0,2.47,1.0,16.59,16.0,3.07,1.0,4.59,4.0,10.88,13.0,1.64,13.0,6.0,2.0,0.46,0.77,0.49,1.0,0.0,0.0,2.0,0.0,0.0
210,8480045,2024,Ukko-Pekka Luukkonen,BUF,G,other,36,3991.0,9.03,16.0,142.0,5.88,7.0,14.97,7.0,73.25,67.0,1.2,1.0,43.96,43.0,22.48,26.0,8.46,63.0,28.0,8.0,2.59,3.47,2.97,5.0,6.0,5.0,43.0,0.0,0.0
211,8480045,2024,Ukko-Pekka Luukkonen,BUF,G,all,36,125034.0,104.41,103.0,2108.0,74.43,123.0,271.08,197.0,1109.97,1005.0,35.28,2.0,605.94,513.0,436.49,588.0,99.17,1134.0,286.0,110.0,31.85,36.42,36.14,38.0,34.0,31.0,578.0,0.0,0.0
212,8480045,2024,Ukko-Pekka Luukkonen,BUF,G,5on5,36,101491.0,72.15,66.0,1667.0,55.45,101.0,221.31,160.0,865.24,773.0,28.06,1.0,469.76,398.0,347.09,466.0,69.59,903.0,223.0,69.0,25.14,28.44,18.57,32.0,23.0,11.0,472.0,0.0,0.0
213,8480045,2024,Ukko-Pekka Luukkonen,BUF,G,4on5,36,9383.0,20.21,19.0,250.0,11.37,14.0,29.77,28.0,136.85,131.0,0.96,0.0,81.36,62.0,43.61,67.0,18.13,135.0,27.0,29.0,3.18,3.3,13.73,0.0,4.0,15.0,59.0,0.0,0.0
214,8480045,2024,Ukko-Pekka Luukkonen,BUF,G,5on4,36,10169.0,2.93,2.0,47.0,1.67,1.0,4.7,2.0,33.09,34.0,4.85,0.0,10.22,10.0,22.45,27.0,2.9,31.0,8.0,4.0,0.85,1.21,0.87,1.0,1.0,0.0,4.0,0.0,0.0
215,8481544,2024,Mads Sogaard,OTT,G,other,2,145.0,0.06,0.0,1.0,0.04,0.0,0.15,0.0,0.71,1.0,0.09,0.0,0.33,0.0,0.4,1.0,0.06,1.0,0.0,0.0,0.06,0.0,0.0,0.0,0.0,0.0,0.0,0.0,0.0
216,8481544,2024,Mads Sogaard,OTT,G,all,2,5493.0,6.21,8.0,86.0,3.54,7.0,11.22,5.0,45.23,40.0,2.02,0.0,22.75,15.0,16.51,27.0,4.99,38.0,13.0,11.0,1.0,1.7,3.5,4.0,3.0,1.0,24.0,2.0,1.0
217,8481544,2024,Mads Sogaard,OTT,G,5on5,2,4415.0,3.58,6.0,69.0,2.44,5.0,9.14,2.0,34.72,31.0,1.54,0.0,18.58,13.0,13.87,23.0,3.36,34.0,10.0,5.0,0.87,1.2,1.51,4.0,2.0,0.0,20.0,2.0,1.0
218,8481544,2024,Mads Sogaard,OTT,G,4on5,2,401.0,2.21,2.0,14.0,0.91,2.0,1.72,3.0,8.54,7.0,0.08,0.0,3.25,1.0,1.62,2.0,1.22,2.0,3.0,5.0,0.06,0.5,1.65,0.0,1.0,1.0,4.0,0.0,0.0
219,8481544,2024,Mads Sogaard,OTT,G,5on4,2,532.0,0.36,0.0,2.0,0.15,0.0,0.21,0.0,1.25,1.0,0.32,0.0,0.59,1.0,0.63,1.0,0.36,1.0,0.0,1.0,0.01,0.0,0.35,0.0,0.0,0.0,0.0,0.0,0.0
220,8475852,2024,Petr Mrazek,CHI,G,other,29,1994.0,4.32,4.0,58.0,2.6,8.0,6.6,3.0,31.33,33.0,0.82,0.0,19.63,18.0,9.61,11.0,3.64,24.0,15.0,5.0,0.88,1.95,1.5,1.0,2.0,1.0,14.0,0.0,0.0
221,8475852,2024,Petr Mrazek,CHI,G,all,29,98389.0,79.35,89.0,1714.0,60.29,106.0,218.34,171.0,887.21,851.0,22.66,1.0,480.74,379.0,348.11,470.0,75.88,895.0,238.0,84.0,24.42,29.68,25.24,28.0,43.0,18.0,497.0,0.0,0.0
222,8475852,2024,Petr Mrazek,CHI,G,5on5,29,81718.0,59.59,64.0,1419.0,46.56,84.0,184.11,145.0,718.63,683.0,18.18,1.0,387.21,308.0,287.13,386.0,57.45,740.0,188.0,61.0,20.45,23.58,15.56,25.0,30.0,9.0,430.0,0.0,0.0
223,8475852,2024,Petr Mrazek,CHI,G,4on5,29,8188.0,13.2,15.0,202.0,9.92,14.0,23.95,21.0,111.81,112.0,0.63,0.0,65.82,51.0,34.34,50.0,12.56,110.0,24.0,17.0,2.43,2.85,7.92,1.0,6.0,8.0,51.0,0.0,0.0
224,8475852,2024,Petr Mrazek,CHI,G,5on4,29,6489.0,1.89,4.0,32.0,1.04,0.0,3.29,2.0,23.05,21.0,3.02,0.0,7.0,2.0,16.07,22.0,1.88,21.0,8.0,1.0,0.66,0.96,0.27,1.0,3.0,0.0,2.0,0.0,0.0
225,8478435,2024,Dan Vladar,CGY,G,other,21,1770.0,6.29,6.0,69.0,2.6,4.0,6.73,4.0,36.25,28.0,0.78,1.0,19.24,17.0,11.9,17.0,5.81,27.0,12.0,9.0,1.18,1.66,3.45,3.0,1.0,2.0,21.0,0.0,0.0
226,8478435,2024,Dan Vladar,CGY,G,all,21,76079.0,60.27,66.0,1206.0,41.09,54.0,149.76,130.0,619.02,577.0,22.11,3.0,337.04,258.0,243.25,341.0,57.56,623.0,169.0,61.0,17.83,21.62,20.82,23.0,29.0,14.0,353.0,0.0,0.0
227,8478435,2024,Dan Vladar,CGY,G,5on5,21,62893.0,40.46,39.0,974.0,30.83,43.0,124.83,115.0,489.37,457.0,17.99,1.0,265.33,202.0,198.15,274.0,39.23,518.0,125.0,34.0,14.24,16.43,9.79,16.0,21.0,2.0,297.0,0.0,0.0
228,8478435,2024,Dan Vladar,CGY,G,4on5,21,5496.0,12.31,19.0,146.0,7.1,6.0,16.39,11.0,81.5,81.0,0.44,0.0,48.97,38.0,25.63,39.0,11.38,69.0,27.0,17.0,2.2,2.88,7.23,4.0,6.0,9.0,33.0,0.0,0.0
229,8478435,2024,Dan Vladar,CGY,G,5on4,21,5920.0,0.91,1.0,14.0,0.4,1.0,1.42,0.0,9.45,8.0,2.87,1.0,2.68,0.0,6.3,10.0,0.86,8.0,3.0,1.0,0.18,0.39,0.34,0.0,0.0,1.0,2.0,0.0,0.0
230,8476932,2024,Anthony Stolarz,TOR,G,other,17,1465.0,2.76,6.0,43.0,2.17,4.0,4.7,6.0,23.1,24.0,0.5,0.0,13.97,10.0,5.53,4.0,2.34,21.0,4.0,5.0,0.6,0.55,1.62,1.0,2.0,3.0,13.0,0.0,0.0
231,8476932,2024,Anthony Stolarz,TOR,G,all,17,58579.0,44.31,35.0,1016.0,34.67,51.0,124.95,96.0,505.69,480.0,15.35,1.0,277.11,242.0,197.89,272.0,42.48,524.0,124.0,48.0,13.08,16.03,15.2,9.0,14.0,12.0,320.0,0.0,0.0
232,8476932,2024,Anthony Stolarz,TOR,G,5on5,17,45874.0,30.25,17.0,789.0,24.21,41.0,99.35,72.0,382.23,365.0,11.81,1.0,204.88,179.0,154.42,217.0,29.16,410.0,84.0,32.0,10.43,10.96,8.85,5.0,8.0,4.0,263.0,0.0,0.0
233,8476932,2024,Anthony Stolarz,TOR,G,4on5,17,6123.0,9.63,11.0,164.0,7.49,6.0,18.57,18.0,85.56,74.0,0.47,0.0,53.39,49.0,28.09,36.0,9.3,80.0,30.0,10.0,1.56,3.59,4.48,3.0,3.0,5.0,44.0,0.0,0.0
234,8476932,2024,Anthony Stolarz,TOR,G,5on4,17,5117.0,1.44,1.0,17.0,0.69,0.0,1.82,0.0,12.48,16.0,2.52,0.0,3.96,4.0,8.67,12.0,1.44,11.0,5.0,1.0,0.36,0.82,0.25,0.0,1.0,0.0,0.0,0.0,0.0
235,8475809,2024,Scott Wedgewood,COL,G,other,14,1531.0,2.66,2.0,34.0,1.61,3.0,4.05,4.0,20.07,18.0,0.43,0.0,10.99,11.0,6.99,7.0,2.53,14.0,9.0,4.0,0.63,1.05,0.97,2.0,0.0,0.0,7.0,0.0,0.0
236,8475809,2024,Scott Wedgewood,COL,G,all,14,45620.0,34.57,36.0,716.0,25.68,36.0,92.62,79.0,377.93,354.0,12.32,1.0,206.03,162.0,146.42,204.0,33.38,382.0,101.0,35.0,11.2,12.0,11.37,20.0,10.0,6.0,198.0,0.0,0.0
237,8475809,2024,Scott Wedgewood,COL,G,5on5,14,36378.0,22.81,24.0,568.0,18.99,31.0,76.36,67.0,296.55,279.0,9.88,1.0,161.78,120.0,119.0,166.0,21.92,319.0,72.0,18.0,8.83,8.68,5.3,16.0,8.0,0.0,159.0,0.0,0.0
238,8475809,2024,Scott Wedgewood,COL,G,4on5,14,3868.0,8.28,10.0,103.0,4.64,1.0,10.88,8.0,53.71,48.0,0.24,0.0,30.86,29.0,15.67,24.0,8.13,42.0,19.0,11.0,1.47,2.15,4.66,2.0,2.0,6.0,31.0,0.0,0.0
239,8475809,2024,Scott Wedgewood,COL,G,5on4,14,3843.0,0.82,0.0,11.0,0.43,1.0,1.32,0.0,7.61,9.0,1.77,0.0,2.4,2.0,4.76,7.0,0.8,7.0,1.0,2.0,0.28,0.12,0.43,0.0,0.0,0.0,1.0,0.0,0.0
240,8482446,2024,Joel Blomqvist,PIT,G,other,10,620.0,1.85,2.0,16.0,0.96,2.0,2.04,0.0,9.62,10.0,0.11,0.0,5.95,6.0,1.74,3.0,1.44,4.0,6.0,3.0,0.11,0.73,1.0,0.0,1.0,1.0,3.0,0.0,0.0
241,8482446,2024,Joel Blomqvist,PIT,G,all,10,32130.0,32.67,32.0,583.0,20.89,33.0,77.29,62.0,317.59,317.0,9.11,1.0,166.58,145.0,122.14,158.0,30.82,288.0,105.0,37.0,8.17,12.97,11.53,11.0,17.0,4.0,153.0,0.0,0.0
242,8482446,2024,Joel Blomqvist,PIT,G,5on5,10,26304.0,22.27,26.0,457.0,15.68,26.0,64.25,52.0,253.1,251.0,7.49,1.0,131.15,109.0,99.45,128.0,21.28,245.0,73.0,23.0,6.69,9.31,6.27,10.0,15.0,1.0,116.0,0.0,0.0
243,8482446,2024,Joel Blomqvist,PIT,G,4on5,10,2686.0,7.67,4.0,95.0,3.75,5.0,9.47,10.0,45.3,47.0,0.18,0.0,26.53,29.0,14.12,15.0,7.22,30.0,23.0,10.0,1.08,2.56,4.03,1.0,1.0,2.0,32.0,0.0,0.0
244,8482446,2024,Joel Blomqvist,PIT,G,5on4,10,2520.0,0.88,0.0,15.0,0.49,0.0,1.53,0.0,9.57,9.0,1.33,0.0,2.95,1.0,6.82,12.0,0.88,9.0,3.0,1.0,0.29,0.38,0.22,0.0,0.0,0.0,2.0,0.0,0.0
245,8477480,2024,Eric Comrie,WPG,G,other,12,987.0,0.86,0.0,25.0,0.64,0.0,2.38,3.0,11.13,8.0,0.39,0.0,5.74,8.0,5.06,4.0,0.85,12.0,3.0,0.0,0.5,0.35,0.0,0.0,0.0,0.0,10.0,0.0,0.0
246,8477480,2024,Eric Comrie,WPG,G,all,12,42517.0,29.94,33.0,709.0,24.15,23.0,91.68,87.0,366.43,346.0,12.24,2.0,204.0,179.0,146.89,186.0,29.01,394.0,89.0,26.0,11.1,11.05,7.79,14.0,11.0,8.0,200.0,0.0,0.0
247,8477480,2024,Eric Comrie,WPG,G,5on5,12,35572.0,22.92,25.0,591.0,19.51,20.0,78.32,76.0,305.49,294.0,10.29,2.0,168.9,146.0,124.95,157.0,22.14,333.0,73.0,19.0,9.03,9.14,4.74,12.0,10.0,3.0,166.0,0.0,0.0
248,8477480,2024,Eric Comrie,WPG,G,4on5,12,2990.0,5.58,7.0,85.0,3.68,3.0,10.32,8.0,44.93,38.0,0.2,0.0,27.88,24.0,14.07,21.0,5.51,45.0,12.0,6.0,1.38,1.45,2.76,1.0,1.0,5.0,22.0,0.0,0.0
249,8477480,2024,Eric Comrie,WPG,G,5on4,12,2968.0,0.5,0.0,6.0,0.29,0.0,0.55,0.0,4.17,5.0,1.32,0.0,1.16,1.0,2.37,4.0,0.44,3.0,1.0,1.0,0.1,0.11,0.29,0.0,0.0,0.0,1.0,0.0,0.0
250,8479973,2024,Stuart Skinner,EDM,G,other,33,2965.0,7.37,4.0,106.0,4.31,6.0,12.55,7.0,57.82,55.0,1.02,0.0,34.58,41.0,19.09,22.0,7.02,52.0,19.0,9.0,2.08,2.33,2.97,3.0,0.0,1.0,26.0,0.0,0.0
251,8479973,2024,Stuart Skinner,EDM,G,all,33,116351.0,86.08,87.0,1822.0,61.77,94.0,238.99,198.0,957.19,885.0,34.2,1.0,515.94,410.0,372.72,517.0,82.39,999.0,207.0,102.0,27.96,25.6,32.52,39.0,30.0,18.0,514.0,0.0,0.0
252,8479973,2024,Stuart Skinner,EDM,G,5on5,33,98680.0,65.7,64.0,1491.0,47.66,80.0,200.05,171.0,775.51,712.0,28.89,1.0,411.61,311.0,305.92,429.0,63.27,810.0,172.0,75.0,22.67,21.32,21.71,31.0,23.0,10.0,434.0,0.0,0.0
253,8479973,2024,Stuart Skinner,EDM,G,4on5,33,7201.0,10.82,16.0,194.0,8.65,6.0,22.91,20.0,102.84,99.0,0.63,0.0,62.39,54.0,33.69,46.0,9.93,116.0,11.0,15.0,2.55,1.27,7.0,3.0,6.0,7.0,52.0,0.0,0.0
254,8479973,2024,Stuart Skinner,EDM,G,5on4,33,7505.0,2.16,2.0,29.0,1.05,2.0,3.13,0.0,19.91,18.0,3.58,0.0,6.56,4.0,13.36,19.0,2.15,19.0,5.0,3.0,0.63,0.68,0.85,1.0,1.0,0.0,2.0,0.0,0.0
255,8477405,2024,Marcus Hogberg,NYI,G,other,7,251.0,0.29,0.0,11.0,0.23,0.0,0.77,0.0,3.8,4.0,0.0,0.0,2.31,3.0,1.3,2.0,0.28,3.0,2.0,0.0,0.11,0.18,0.0,0.0,0.0,0.0,6.0,0.0,0.0
256,8477405,2024,Marcus Hogberg,NYI,G,all,7,19921.0,16.4,8.0,338.0,11.9,26.0,43.7,25.0,173.63,151.0,5.79,0.0,91.07,76.0,65.12,99.0,15.02,169.0,41.0,24.0,4.35,5.23,6.83,4.0,3.0,1.0,104.0,0.0,0.0
257,8477405,2024,Marcus Hogberg,NYI,G,5on5,7,17507.0,13.6,6.0,292.0,9.63,20.0,38.04,21.0,149.19,126.0,5.09,0.0,77.54,66.0,57.26,88.0,12.86,147.0,34.0,20.0,3.68,4.34,5.57,3.0,2.0,1.0,91.0,0.0,0.0
258,8477405,2024,Marcus Hogberg,NYI,G,4on5,7,899.0,2.49,2.0,31.0,1.96,6.0,4.67,4.0,19.6,19.0,0.12,0.0,10.53,7.0,5.66,7.0,1.85,17.0,5.0,4.0,0.53,0.71,1.26,1.0,1.0,0.0,5.0,0.0,0.0
259,8477405,2024,Marcus Hogberg,NYI,G,5on4,7,1264.0,0.03,0.0,4.0,0.09,0.0,0.23,0.0,1.04,2.0,0.59,0.0,0.68,0.0,0.9,2.0,0.03,2.0,0.0,0.0,0.03,0.0,0.0,0.0,0.0,0.0,2.0,0.0,0.0
260,8482783,2024,Aleksei Kolosov,PHI,G,other,15,1491.0,3.55,5.0,47.0,1.92,3.0,5.71,3.0,28.09,22.0,0.4,0.0,13.23,9.0,12.68,18.0,3.2,24.0,11.0,3.0,0.98,1.34,1.24,3.0,0.0,2.0,9.0,0.0,0.0
261,8482783,2024,Aleksei Kolosov,PHI,G,all,15,46986.0,39.32,45.0,809.0,26.43,37.0,94.35,65.0,397.58,347.0,12.5,2.0,212.83,165.0,159.88,234.0,37.54,400.0,102.0,44.0,12.62,12.78,13.92,17.0,8.0,20.0,263.0,0.0,0.0
262,8482783,2024,Aleksei Kolosov,PHI,G,5on5,15,40666.0,27.32,32.0,671.0,20.18,29.0,77.58,56.0,315.95,272.0,11.13,1.0,171.3,126.0,128.1,192.0,26.34,330.0,77.0,28.0,10.28,9.56,7.49,14.0,6.0,12.0,236.0,0.0,0.0
263,8482783,2024,Aleksei Kolosov,PHI,G,4on5,15,2436.0,8.07,8.0,83.0,4.09,5.0,10.26,5.0,47.39,45.0,0.16,0.0,26.43,29.0,14.55,18.0,7.64,39.0,13.0,13.0,1.13,1.74,5.2,0.0,2.0,6.0,18.0,0.0,0.0
264,8482783,2024,Aleksei Kolosov,PHI,G,5on4,15,2393.0,0.37,0.0,8.0,0.24,0.0,0.79,1.0,6.16,8.0,0.82,1.0,1.89,1.0,4.56,6.0,0.36,7.0,1.0,0.0,0.23,0.14,0.0,0.0,0.0,0.0,0.0,0.0,0.0
265,8477465,2024,Tristan Jarry,PIT,G,other,22,1356.0,4.84,3.0,61.0,2.26,4.0,6.03,5.0,31.24,22.0,0.47,0.0,18.39,13.0,10.4,18.0,3.85,30.0,6.0,7.0,1.15,0.81,2.87,1.0,0.0,2.0,18.0,0.0,0.0
266,8477465,2024,Tristan Jarry,PIT,G,all,22,75125.0,59.48,69.0,1223.0,43.7,63.0,156.32,115.0,645.58,597.0,21.74,0.0,353.78,264.0,260.71,383.0,56.7,681.0,154.0,61.0,19.89,19.45,20.14,30.0,21.0,18.0,327.0,2.0,1.0
267,8477465,2024,Tristan Jarry,PIT,G,5on5,22,63345.0,43.73,53.0,991.0,33.82,51.0,130.51,93.0,518.56,471.0,17.77,0.0,281.84,210.0,209.49,308.0,42.25,549.0,125.0,43.0,15.6,16.02,12.11,25.0,19.0,9.0,274.0,2.0,1.0
268,8477465,2024,Tristan Jarry,PIT,G,4on5,22,4680.0,9.18,9.0,131.0,6.24,5.0,15.63,15.0,71.84,75.0,0.27,0.0,44.28,37.0,23.29,35.0,8.89,73.0,18.0,10.0,2.32,1.97,4.9,1.0,1.0,7.0,30.0,0.0,0.0
269,8477465,2024,Tristan Jarry,PIT,G,5on4,22,5744.0,1.54,2.0,34.0,1.22,3.0,3.57,2.0,21.49,27.0,3.21,0.0,7.9,4.0,15.96,20.0,1.52,25.0,5.0,1.0,0.64,0.65,0.25,1.0,1.0,0.0,3.0,0.0,0.0
270,8482137,2024,Yaroslav Askarov,SJS,G,other,12,725.0,2.01,3.0,25.0,1.08,0.0,2.49,1.0,12.24,10.0,0.31,0.0,5.77,6.0,4.04,6.0,1.91,10.0,4.0,2.0,0.44,0.45,1.12,1.0,2.0,0.0,9.0,0.0,0.0
271,8482137,2024,Yaroslav Askarov,SJS,G,all,12,41450.0,37.61,33.0,731.0,26.67,43.0,91.28,54.0,384.69,346.0,10.88,0.0,207.99,188.0,152.06,210.0,35.85,391.0,99.0,39.0,10.93,12.35,14.32,13.0,10.0,10.0,202.0,0.0,0.0
272,8482137,2024,Yaroslav Askarov,SJS,G,5on5,12,35081.0,27.9,23.0,598.0,20.38,33.0,76.34,47.0,311.34,285.0,8.92,0.0,168.47,152.0,125.34,173.0,26.59,321.0,79.0,29.0,9.19,9.96,8.76,12.0,7.0,4.0,169.0,0.0,0.0
273,8482137,2024,Yaroslav Askarov,SJS,G,4on5,12,2774.0,7.18,7.0,95.0,4.85,10.0,11.38,6.0,53.27,41.0,0.32,0.0,31.14,29.0,16.45,21.0,6.84,51.0,14.0,8.0,1.08,1.64,4.45,0.0,1.0,6.0,22.0,0.0,0.0
274,8482137,2024,Yaroslav Askarov,SJS,G,5on4,12,2870.0,0.52,0.0,13.0,0.37,0.0,1.06,0.0,7.84,10.0,1.33,0.0,2.6,1.0,6.22,10.0,0.52,9.0,2.0,0.0,0.23,0.3,0.0,0.0,0.0,0.0,2.0,0.0,0.0
275,8476914,2024,Joonas Korpisalo,BOS,G,other,17,1503.0,3.07,1.0,47.0,1.84,2.0,4.87,4.0,23.54,20.0,0.8,0.0,14.14,14.0,9.18,13.0,2.99,23.0,7.0,4.0,0.89,0.88,1.3,1.0,0.0,0.0,13.0,0.0,0.0
276,8476914,2024,Joonas Korpisalo,BOS,G,all,17,57432.0,43.23,43.0,953.0,33.15,57.0,126.35,94.0,498.05,425.0,16.08,1.0,268.84,207.0,194.4,280.0,41.89,523.0,115.0,45.0,14.18,15.11,13.94,18.0,15.0,10.0,270.0,0.0,0.0
277,8476914,2024,Joonas Korpisalo,BOS,G,5on5,17,47801.0,31.67,29.0,778.0,24.75,42.0,105.99,79.0,402.3,341.0,11.9,1.0,216.37,170.0,159.61,230.0,30.63,431.0,92.0,29.0,11.49,12.09,8.1,13.0,10.0,6.0,226.0,0.0,0.0
278,8476914,2024,Joonas Korpisalo,BOS,G,4on5,17,4250.0,7.72,10.0,114.0,6.13,13.0,13.71,11.0,61.38,53.0,0.54,0.0,34.96,22.0,18.29,27.0,7.52,57.0,15.0,11.0,1.38,2.04,4.31,2.0,4.0,4.0,31.0,0.0,0.0
279,8476914,2024,Joonas Korpisalo,BOS,G,5on4,17,3878.0,0.66,2.0,13.0,0.39,0.0,1.64,0.0,10.05,10.0,2.74,0.0,3.07,1.0,6.92,10.0,0.65,12.0,0.0,1.0,0.42,0.0,0.24,2.0,0.0,0.0,0.0,0.0,0.0
280,8480843,2024,Lukas Dostal,ANA,G,other,30,3329.0,9.69,8.0,109.0,3.7,3.0,10.77,12.0,57.19,58.0,1.19,0.0,31.2,21.0,19.82,33.0,8.13,43.0,22.0,12.0,2.0,2.71,4.98,1.0,5.0,2.0,32.0,0.0,0.0
281,8480843,2024,Lukas Dostal,ANA,G,all,30,104430.0,101.71,86.0,1997.0,70.99,107.0,250.58,227.0,1041.28,937.0,29.22,2.0,559.38,444.0,404.37,555.0,96.38,1022.0,292.0,108.0,30.09,36.49,35.13,25.0,37.0,24.0,575.0,0.0,0.0
282,8480843,2024,Lukas Dostal,ANA,G,5on5,30,84327.0,72.73,59.0,1594.0,52.46,80.0,204.79,179.0,813.74,715.0,23.28,2.0,436.38,353.0,322.13,443.0,70.12,817.0,227.0,72.0,24.12,28.96,19.65,22.0,26.0,11.0,478.0,0.0,0.0
283,8480843,2024,Lukas Dostal,ANA,G,4on5,30,7875.0,16.84,17.0,254.0,13.48,24.0,31.46,34.0,144.05,140.0,0.61,0.0,83.28,63.0,44.12,55.0,15.7,139.0,33.0,22.0,3.2,3.61,10.03,2.0,4.0,11.0,60.0,0.0,0.0
284,8480843,2024,Lukas Dostal,ANA,G,5on4,30,8899.0,2.23,1.0,35.0,1.17,0.0,3.2,2.0,23.92,22.0,4.01,0.0,7.4,7.0,17.28,22.0,2.2,21.0,9.0,2.0,0.66,1.09,0.48,0.0,1.0,0.0,3.0,0.0,0.0
285,8481668,2024,Arturs Silovs,VAN,G,other,7,490.0,0.41,1.0,6.0,0.25,0.0,0.79,0.0,3.92,4.0,0.19,0.0,1.82,1.0,1.63,3.0,0.41,4.0,0.0,1.0,0.17,0.0,0.24,0.0,0.0,1.0,1.0,0.0,0.0
286,8481668,2024,Arturs Silovs,VAN,G,all,7,21900.0,16.01,25.0,330.0,11.98,17.0,44.61,30.0,180.2,163.0,5.43,0.0,98.39,87.0,70.11,88.0,15.25,194.0,34.0,19.0,5.5,4.35,6.16,13.0,5.0,7.0,83.0,0.0,0.0
287,8481668,2024,Arturs Silovs,VAN,G,5on5,7,17850.0,12.66,19.0,278.0,9.72,15.0,38.72,27.0,151.73,135.0,4.36,0.0,82.09,75.0,58.88,71.0,11.96,163.0,29.0,15.0,4.52,3.8,4.34,13.0,3.0,3.0,71.0,0.0,0.0
288,8481668,2024,Arturs Silovs,VAN,G,4on5,7,1801.0,2.5,3.0,41.0,1.79,2.0,4.65,3.0,20.83,19.0,0.18,0.0,13.29,10.0,7.01,12.0,2.45,24.0,3.0,3.0,0.65,0.28,1.57,0.0,0.0,3.0,11.0,0.0,0.0
289,8481668,2024,Arturs Silovs,VAN,G,5on4,7,1759.0,0.43,2.0,5.0,0.21,0.0,0.46,0.0,3.72,5.0,0.69,0.0,1.19,1.0,2.6,2.0,0.43,3.0,2.0,0.0,0.17,0.27,0.0,0.0,2.0,0.0,0.0,0.0,0.0
290,8478905,2024,Ivan Fedotov,PHI,G,other,15,1310.0,2.29,3.0,32.0,1.04,2.0,2.28,2.0,13.11,12.0,0.59,0.0,7.99,5.0,3.98,6.0,2.16,6.0,10.0,2.0,0.29,1.0,1.0,1.0,1.0,1.0,14.0,0.0,0.0
291,8478905,2024,Ivan Fedotov,PHI,G,all,15,49170.0,38.34,44.0,815.0,26.73,46.0,97.96,73.0,399.53,367.0,13.75,1.0,217.12,163.0,160.35,228.0,36.67,393.0,127.0,34.0,11.32,15.81,11.21,17.0,20.0,7.0,261.0,0.0,0.0
292,8478905,2024,Ivan Fedotov,PHI,G,5on5,15,41214.0,28.81,34.0,692.0,22.01,39.0,86.25,65.0,338.84,311.0,11.32,1.0,185.19,140.0,138.25,194.0,27.58,356.0,92.0,24.0,9.81,11.58,7.41,14.0,17.0,3.0,220.0,0.0,0.0
293,8478905,2024,Ivan Fedotov,PHI,G,4on5,15,3071.0,5.74,6.0,71.0,2.94,5.0,7.34,5.0,35.13,30.0,0.32,0.0,19.11,15.0,10.72,16.0,5.43,21.0,19.0,7.0,0.84,2.41,2.5,1.0,2.0,3.0,24.0,0.0,0.0
294,8478905,2024,Ivan Fedotov,PHI,G,5on4,15,3575.0,0.75,0.0,10.0,0.32,0.0,0.83,1.0,5.31,7.0,1.32,0.0,1.94,2.0,3.94,5.0,0.75,5.0,2.0,1.0,0.19,0.26,0.3,0.0,0.0,0.0,2.0,0.0,0.0
295,8478007,2024,Elvis Merzlikins,CBJ,G,other,32,3413.0,8.78,9.0,121.0,4.57,3.0,12.24,9.0,61.35,54.0,1.08,0.0,36.03,39.0,20.23,23.0,7.83,51.0,22.0,11.0,2.24,2.83,3.72,0.0,6.0,3.0,37.0,0.0,0.0
296,8478007,2024,Elvis Merzlikins,CBJ,G,all,32,115789.0,95.07,95.0,2020.0,68.36,100.0,243.06,158.0,1004.13,899.0,31.91,4.0,547.75,449.0,390.07,570.0,91.0,1023.0,250.0,105.0,28.97,31.87,34.22,35.0,30.0,30.0,642.0,6.0,3.0
297,8478007,2024,Elvis Merzlikins,CBJ,G,5on5,32,96563.0,69.02,59.0,1637.0,51.46,88.0,199.92,127.0,797.65,697.0,26.54,4.0,429.49,341.0,319.35,476.0,66.23,838.0,186.0,72.0,23.46,23.93,21.62,30.0,16.0,13.0,541.0,6.0,3.0
298,8478007,2024,Elvis Merzlikins,CBJ,G,4on5,32,8882.0,15.41,24.0,234.0,11.31,9.0,28.19,21.0,127.6,129.0,0.98,0.0,76.08,63.0,38.78,57.0,15.08,119.0,35.0,20.0,2.89,4.15,8.37,3.0,7.0,14.0,60.0,0.0,0.0
299,8478007,2024,Elvis Merzlikins,CBJ,G,5on4,32,6931.0,1.59,3.0,23.0,0.78,0.0,2.05,0.0,14.86,17.0,3.29,0.0,4.7,3.0,10.41,14.0,1.59,13.0,5.0,2.0,0.34,0.74,0.51,2.0,1.0,0.0,3.0,0.0,0.0
300,8479496,2024,David Rittich,LAK,G,other,22,2353.0,2.68,5.0,49.0,1.81,4.0,4.91,3.0,22.79,22.0,0.43,0.0,14.35,12.0,6.36,7.0,2.61,21.0,7.0,3.0,0.77,0.71,1.2,2.0,2.0,1.0,18.0,0.0,0.0
301,8479496,2024,David Rittich,LAK,G,all,22,70727.0,47.64,52.0,1012.0,33.7,50.0,122.03,67.0,501.77,448.0,21.38,1.0,271.08,208.0,195.48,308.0,45.88,502.0,139.0,46.0,13.82,17.72,16.1,21.0,18.0,13.0,325.0,2.0,1.0
302,8479496,2024,David Rittich,LAK,G,5on5,22,58951.0,33.81,35.0,835.0,25.78,39.0,102.5,57.0,404.77,362.0,18.17,0.0,217.47,162.0,163.64,262.0,32.64,415.0,115.0,27.0,11.09,14.59,8.13,17.0,14.0,4.0,278.0,2.0,1.0
303,8479496,2024,David Rittich,LAK,G,4on5,22,4963.0,10.34,11.0,108.0,5.67,7.0,13.46,6.0,64.05,54.0,0.51,1.0,35.88,31.0,17.57,30.0,9.83,55.0,14.0,16.0,1.61,1.97,6.77,1.0,2.0,8.0,23.0,0.0,0.0
304,8479496,2024,David Rittich,LAK,G,5on4,22,4460.0,0.8,1.0,20.0,0.45,0.0,1.16,1.0,10.15,10.0,2.27,0.0,3.38,3.0,7.91,9.0,0.8,11.0,3.0,0.0,0.34,0.46,0.0,1.0,0.0,0.0,6.0,0.0,0.0
305,8478039,2024,Kaapo Kahkonen,COL,G,other,1,129.0,0.0,0.0,1.0,0.0,0.0,0.0,0.0,0.0,0.0,0.03,0.0,0.0,0.0,0.0,0.0,0.0,0.0,0.0,0.0,0.0,0.0,0.0,0.0,0.0,0.0,1.0,0.0,0.0
306,8478039,2024,Kaapo Kahkonen,COL,G,all,1,3496.0,1.85,4.0,45.0,1.51,5.0,6.2,2.0,24.1,20.0,1.21,0.0,12.76,6.0,9.81,16.0,1.79,26.0,5.0,2.0,0.73,0.59,0.53,2.0,1.0,1.0,12.0,0.0,0.0
307,8478039,2024,Kaapo Kahkonen,COL,G,5on5,1,2559.0,1.61,4.0,34.0,1.15,4.0,4.98,2.0,19.52,17.0,0.89,0.0,10.47,5.0,8.1,12.0,1.55,22.0,3.0,2.0,0.69,0.38,0.53,2.0,1.0,1.0,7.0,0.0,0.0
308,8478039,2024,Kaapo Kahkonen,COL,G,4on5,1,411.0,0.04,0.0,8.0,0.21,0.0,0.91,0.0,2.91,2.0,0.01,0.0,1.79,1.0,0.95,3.0,0.04,4.0,0.0,0.0,0.04,0.0,0.0,0.0,0.0,0.0,4.0,0.0,0.0
309,8478039,2024,Kaapo Kahkonen,COL,G,5on4,1,397.0,0.21,0.0,2.0,0.14,1.0,0.31,0.0,1.67,1.0,0.28,0.0,0.5,0.0,0.76,1.0,0.2,0.0,2.0,0.0,0.0,0.21,0.0,0.0,0.0,0.0,0.0,0.0,0.0
310,8475831,2024,Philipp Grubauer,SEA,G,other,21,1640.0,1.86,0.0,35.0,1.14,0.0,4.07,4.0,18.69,12.0,0.4,0.0,10.82,8.0,7.48,14.0,1.85,19.0,4.0,3.0,0.58,0.44,0.83,0.0,0.0,0.0,9.0,0.0,0.0
311,8475831,2024,Philipp Grubauer,SEA,G,all,21,69564.0,56.54,74.0,1230.0,42.62,48.0,154.58,126.0,634.36,552.0,19.13,0.0,353.06,296.0,251.68,335.0,54.48,665.0,153.0,62.0,18.73,19.32,18.49,30.0,31.0,13.0,350.0,0.0,0.0
312,8475831,2024,Philipp Grubauer,SEA,G,5on5,21,59137.0,43.63,63.0,1034.0,33.95,40.0,133.51,104.0,531.26,464.0,16.37,0.0,293.92,243.0,215.0,287.0,42.41,571.0,126.0,41.0,16.19,15.88,11.56,29.0,28.0,6.0,296.0,0.0,0.0
313,8475831,2024,Philipp Grubauer,SEA,G,4on5,21,3683.0,9.97,11.0,144.0,7.01,8.0,15.52,18.0,73.32,66.0,0.3,0.0,45.09,41.0,21.86,24.0,9.12,66.0,20.0,16.0,1.76,2.52,5.68,1.0,3.0,7.0,42.0,0.0,0.0
314,8475831,2024,Philipp Grubauer,SEA,G,5on4,21,5104.0,1.09,0.0,17.0,0.53,0.0,1.49,0.0,11.09,10.0,2.06,0.0,3.23,4.0,7.33,10.0,1.09,9.0,3.0,2.0,0.2,0.48,0.41,0.0,0.0,0.0,3.0,0.0,0.0
315,8481707,2024,Erik Portillo,LAK,G,other,1,91.0,0.19,0.0,4.0,0.13,0.0,0.44,0.0,1.64,1.0,0.04,0.0,0.89,1.0,0.3,1.0,0.17,1.0,1.0,0.0,0.05,0.14,0.0,0.0,0.0,0.0,2.0,0.0,0.0
316,8481707,2024,Erik Portillo,LAK,G,all,1,3517.0,2.74,1.0,59.0,2.33,5.0,8.63,6.0,35.68,29.0,0.89,0.0,20.03,18.0,14.08,19.0,2.55,37.0,10.0,2.0,1.13,1.14,0.47,0.0,1.0,0.0,10.0,0.0,0.0
317,8481707,2024,Erik Portillo,LAK,G,5on5,1,2826.0,1.71,1.0,46.0,1.6,3.0,6.75,5.0,27.11,21.0,0.7,0.0,15.51,14.0,11.5,15.0,1.64,32.0,5.0,1.0,0.93,0.54,0.23,0.0,1.0,0.0,8.0,0.0,0.0
318,8481707,2024,Erik Portillo,LAK,G,4on5,1,360.0,0.81,0.0,8.0,0.57,2.0,1.36,1.0,6.24,7.0,0.02,0.0,3.4,3.0,1.65,2.0,0.71,3.0,4.0,1.0,0.12,0.46,0.23,0.0,0.0,0.0,0.0,0.0,0.0
319,8481707,2024,Erik Portillo,LAK,G,5on4,1,240.0,0.03,0.0,1.0,0.03,0.0,0.08,0.0,0.69,0.0,0.13,0.0,0.23,0.0,0.63,1.0,0.03,1.0,0.0,0.0,0.03,0.0,0.0,0.0,0.0,0.0,0.0,0.0,0.0
320,8471734,2024,Jonathan Quick,NYR,G,other,16,1488.0,2.28,3.0,37.0,1.45,0.0,4.36,3.0,19.42,15.0,0.36,1.0,11.02,9.0,6.24,11.0,2.18,12.0,14.0,0.0,0.4,1.88,0.0,0.0,3.0,0.0,11.0,0.0,0.0
321,8471734,2024,Jonathan Quick,NYR,G,all,16,52116.0,43.06,45.0,865.0,31.34,45.0,116.57,59.0,473.73,437.0,15.41,2.0,255.62,214.0,184.61,283.0,41.76,472.0,137.0,38.0,13.99,16.7,12.38,19.0,16.0,10.0,218.0,2.0,1.0
322,8471734,2024,Jonathan Quick,NYR,G,5on5,16,44040.0,29.91,31.0,716.0,24.18,35.0,98.71,51.0,384.64,358.0,12.69,1.0,208.76,171.0,154.41,240.0,29.12,408.0,97.0,24.0,11.99,11.59,6.33,18.0,11.0,2.0,187.0,2.0,1.0
323,8471734,2024,Jonathan Quick,NYR,G,4on5,16,3472.0,9.17,8.0,94.0,5.19,9.0,11.56,5.0,57.09,52.0,0.48,0.0,31.99,29.0,16.32,25.0,8.76,42.0,23.0,11.0,1.31,2.89,4.97,0.0,2.0,6.0,18.0,0.0,0.0
324,8471734,2024,Jonathan Quick,NYR,G,5on4,16,3116.0,0.78,1.0,13.0,0.37,1.0,1.37,0.0,9.22,9.0,1.79,0.0,2.75,3.0,6.47,7.0,0.78,8.0,3.0,1.0,0.19,0.34,0.25,1.0,0.0,0.0,1.0,0.0,0.0
325,8480051,2024,Cayden Primeau,MTL,G,other,11,1194.0,2.56,3.0,36.0,1.21,0.0,2.61,4.0,15.42,16.0,0.48,0.0,9.3,8.0,4.84,5.0,2.5,10.0,9.0,2.0,0.44,1.22,0.91,0.0,2.0,1.0,15.0,0.0,0.0
326,8480051,2024,Cayden Primeau,MTL,G,all,11,31422.0,31.53,41.0,557.0,20.4,34.0,68.04,58.0,289.39,250.0,7.83,0.0,155.31,119.0,107.12,139.0,29.98,267.0,88.0,37.0,9.05,10.95,11.52,22.0,14.0,5.0,165.0,2.0,1.0
327,8480051,2024,Cayden Primeau,MTL,G,5on5,11,24401.0,20.95,33.0,419.0,14.69,27.0,53.45,41.0,218.9,187.0,6.15,0.0,116.73,84.0,83.89,112.0,20.23,216.0,57.0,24.0,7.04,7.25,6.66,18.0,11.0,4.0,122.0,2.0,1.0
328,8480051,2024,Cayden Primeau,MTL,G,4on5,11,3160.0,6.9,4.0,92.0,4.0,6.0,10.94,13.0,47.72,39.0,0.26,0.0,26.81,23.0,13.77,18.0,6.14,35.0,20.0,9.0,1.37,2.3,3.23,3.0,1.0,0.0,28.0,0.0,0.0
329,8480051,2024,Cayden Primeau,MTL,G,5on4,11,2667.0,1.12,1.0,10.0,0.49,1.0,1.04,0.0,7.35,8.0,0.94,0.0,2.46,4.0,4.62,4.0,1.11,6.0,2.0,2.0,0.2,0.18,0.73,1.0,0.0,0.0,0.0,0.0,0.0
330,8479193,2024,Casey DeSmith,DAL,G,other,15,1720.0,2.17,1.0,43.0,1.57,0.0,4.05,4.0,19.91,16.0,0.25,0.0,13.87,15.0,5.65,8.0,2.06,20.0,6.0,2.0,0.85,0.74,0.58,0.0,0.0,1.0,15.0,0.0,0.0
331,8479193,2024,Casey DeSmith,DAL,G,all,15,49077.0,39.52,33.0,768.0,27.36,38.0,98.11,67.0,407.48,381.0,14.54,2.0,219.67,175.0,158.1,241.0,38.1,394.0,121.0,41.0,11.45,14.94,13.12,13.0,13.0,7.0,212.0,2.0,1.0
332,8479193,2024,Casey DeSmith,DAL,G,5on5,15,39868.0,29.38,27.0,633.0,21.49,31.0,84.16,58.0,336.75,313.0,11.56,1.0,180.1,139.0,134.01,203.0,28.62,338.0,94.0,28.0,9.34,11.62,8.42,11.0,11.0,5.0,173.0,0.0,0.0
333,8479193,2024,Casey DeSmith,DAL,G,4on5,15,3380.0,7.07,5.0,78.0,3.72,6.0,8.35,5.0,41.52,40.0,0.44,0.0,22.46,20.0,12.09,19.0,6.54,28.0,16.0,11.0,1.03,1.91,4.12,2.0,2.0,1.0,23.0,0.0,0.0
334,8479193,2024,Casey DeSmith,DAL,G,5on4,15,4109.0,0.9,0.0,14.0,0.59,1.0,1.54,0.0,9.29,12.0,2.29,1.0,3.24,1.0,6.36,11.0,0.87,8.0,5.0,0.0,0.22,0.67,0.0,0.0,0.0,0.0,1.0,2.0,1.0
335,8478916,2024,Joey Daccord,SEA,G,other,33,3211.0,8.29,8.0,92.0,4.15,5.0,9.26,10.0,49.35,47.0,0.94,1.0,31.03,34.0,12.5,10.0,6.87,39.0,14.0,14.0,1.65,1.63,5.02,2.0,2.0,4.0,25.0,0.0,0.0
336,8478916,2024,Joey Daccord,SEA,G,all,33,114808.0,94.25,78.0,2035.0,71.33,125.0,260.6,238.0,1052.45,926.0,30.92,3.0,581.41,517.0,413.37,497.0,89.29,1111.0,236.0,110.0,31.77,29.18,33.3,30.0,29.0,19.0,578.0,0.0,0.0
337,8478916,2024,Joey Daccord,SEA,G,5on5,33,95208.0,69.46,55.0,1640.0,53.21,105.0,215.21,196.0,833.43,725.0,25.24,2.0,453.79,401.0,336.83,398.0,66.52,895.0,187.0,75.0,25.0,23.32,21.14,23.0,24.0,8.0,483.0,0.0,0.0
338,8478916,2024,Joey Daccord,SEA,G,4on5,33,7341.0,13.92,14.0,259.0,12.48,13.0,31.49,27.0,139.6,123.0,0.63,0.0,86.82,79.0,43.48,60.0,13.34,149.0,26.0,18.0,4.36,3.14,6.43,5.0,3.0,6.0,66.0,0.0,0.0
339,8478916,2024,Joey Daccord,SEA,G,5on4,33,9048.0,2.43,1.0,41.0,1.39,2.0,4.21,4.0,27.84,28.0,4.0,0.0,8.79,3.0,19.29,27.0,2.42,25.0,9.0,3.0,0.62,1.1,0.72,0.0,0.0,1.0,4.0,0.0,0.0
340,8479312,2024,Alex Lyon,DET,G,other,19,1878.0,3.42,0.0,49.0,2.13,5.0,5.2,4.0,25.35,23.0,0.36,0.0,17.03,19.0,6.18,7.0,2.92,20.0,12.0,3.0,0.69,1.48,1.25,0.0,0.0,0.0,14.0,0.0,0.0
341,8479312,2024,Alex Lyon,DET,G,all,19,59166.0,46.88,44.0,937.0,34.15,47.0,121.2,94.0,495.98,445.0,15.73,1.0,278.0,221.0,192.45,283.0,44.19,494.0,146.0,50.0,14.12,17.66,15.09,18.0,19.0,7.0,247.0,2.0,1.0
342,8479312,2024,Alex Lyon,DET,G,5on5,19,48623.0,33.23,34.0,747.0,25.13,30.0,98.55,80.0,387.98,349.0,12.34,1.0,214.37,162.0,157.25,236.0,31.84,405.0,100.0,37.0,10.82,12.18,10.22,16.0,15.0,3.0,205.0,2.0,1.0
343,8479312,2024,Alex Lyon,DET,G,4on5,19,3883.0,9.37,9.0,125.0,6.36,12.0,15.52,9.0,71.1,63.0,0.19,0.0,42.64,38.0,21.63,29.0,8.56,57.0,32.0,9.0,2.19,3.79,3.39,2.0,4.0,3.0,27.0,0.0,0.0
344,8479312,2024,Alex Lyon,DET,G,5on4,19,4782.0,0.46,0.0,11.0,0.34,0.0,1.08,1.0,7.68,5.0,2.77,0.0,2.36,2.0,5.53,7.0,0.46,8.0,2.0,0.0,0.26,0.21,0.0,0.0,0.0,0.0,1.0,0.0,0.0
345,8481692,2024,Dustin Wolf,CGY,G,other,28,3658.0,9.86,11.0,99.0,3.97,8.0,9.63,6.0,52.53,49.0,1.26,0.0,27.39,26.0,16.44,18.0,8.6,36.0,17.0,16.0,1.15,2.31,6.4,3.0,2.0,6.0,30.0,0.0,0.0
346,8481692,2024,Dustin Wolf,CGY,G,all,28,101162.0,84.04,72.0,1695.0,59.14,94.0,218.89,206.0,886.19,844.0,30.06,2.0,471.24,388.0,345.74,445.0,80.26,887.0,232.0,90.0,24.82,29.04,30.18,23.0,29.0,20.0,486.0,2.0,1.0
347,8481692,2024,Dustin Wolf,CGY,G,5on5,28,82655.0,56.85,40.0,1342.0,42.87,65.0,177.34,167.0,690.79,655.0,24.19,1.0,370.4,306.0,280.46,370.0,55.45,732.0,163.0,56.0,20.41,20.21,16.22,18.0,15.0,7.0,391.0,0.0,0.0
348,8481692,2024,Dustin Wolf,CGY,G,4on5,28,7305.0,15.16,16.0,220.0,11.18,21.0,28.67,30.0,120.08,112.0,0.65,0.0,66.16,48.0,34.35,44.0,14.1,101.0,43.0,16.0,2.67,5.46,7.04,1.0,8.0,7.0,60.0,0.0,0.0
349,8481692,2024,Dustin Wolf,CGY,G,5on4,28,7544.0,1.76,4.0,24.0,0.85,0.0,2.22,2.0,17.52,22.0,3.93,1.0,4.98,5.0,11.67,11.0,1.71,13.0,7.0,2.0,0.35,0.89,0.51,0.0,4.0,0.0,2.0,2.0,1.0
350,8483530,2024,Jaxson Stauber,UTA,G,other,4,499.0,0.85,0.0,19.0,0.74,1.0,2.29,0.0,10.04,7.0,0.17,0.0,6.06,6.0,3.71,6.0,0.79,12.0,1.0,1.0,0.43,0.11,0.3,0.0,0.0,0.0,5.0,0.0,0.0
351,8483530,2024,Jaxson Stauber,UTA,G,all,4,14545.0,12.53,9.0,258.0,8.38,12.0,31.72,22.0,129.24,120.0,3.82,0.0,68.22,67.0,49.0,63.0,11.96,128.0,31.0,15.0,3.98,3.99,4.55,4.0,3.0,2.0,84.0,0.0,0.0
352,8483530,2024,Jaxson Stauber,UTA,G,5on5,4,11497.0,8.9,8.0,198.0,6.23,11.0,25.79,18.0,99.87,97.0,3.02,0.0,52.0,50.0,38.85,48.0,8.49,105.0,19.0,11.0,3.08,2.58,3.23,4.0,3.0,1.0,63.0,0.0,0.0
353,8483530,2024,Jaxson Stauber,UTA,G,4on5,4,1321.0,2.36,1.0,37.0,1.27,0.0,3.41,4.0,16.72,13.0,0.07,0.0,9.5,10.0,4.95,7.0,2.27,10.0,10.0,2.0,0.46,1.1,0.8,0.0,0.0,1.0,15.0,0.0,0.0
354,8483530,2024,Jaxson Stauber,UTA,G,5on4,4,1228.0,0.42,0.0,4.0,0.14,0.0,0.23,0.0,2.62,3.0,0.56,0.0,0.67,1.0,1.48,2.0,0.42,1.0,1.0,1.0,0.01,0.2,0.22,0.0,0.0,0.0,1.0,0.0,0.0
355,8482123,2024,Drew Commesso,CHI,G,other,2,0.0,0.0,0.0,0.0,0.0,0.0,0.0,0.0,0.0,0.0,0.0,0.0,0.0,0.0,0.0,0.0,0.0,0.0,0.0,0.0,0.0,0.0,0.0,0.0,0.0,0.0,0.0,0.0,0.0
356,8482123,2024,Drew Commesso,CHI,G,all,2,4281.0,3.84,4.0,73.0,2.66,5.0,7.99,4.0,35.68,26.0,1.04,0.0,18.59,19.0,12.73,15.0,3.55,35.0,6.0,6.0,1.28,0.89,1.67,1.0,2.0,1.0,26.0,0.0,0.0
357,8482123,2024,Drew Commesso,CHI,G,5on5,2,3441.0,2.79,4.0,57.0,2.0,3.0,6.56,4.0,29.28,19.0,0.94,0.0,15.55,14.0,11.2,14.0,2.7,29.0,6.0,4.0,0.93,0.89,0.96,1.0,2.0,1.0,18.0,0.0,0.0
358,8482123,2024,Drew Commesso,CHI,G,4on5,2,480.0,1.06,0.0,16.0,0.66,2.0,1.42,0.0,6.39,7.0,0.03,0.0,3.04,5.0,1.53,1.0,0.86,6.0,0.0,2.0,0.35,0.0,0.71,0.0,0.0,0.0,8.0,0.0,0.0
359,8482123,2024,Drew Commesso,CHI,G,5on4,2,360.0,0.0,0.0,0.0,0.0,0.0,0.0,0.0,0.0,0.0,0.07,0.0,0.0,0.0,0.0,0.0,0.0,0.0,0.0,0.0,0.0,0.0,0.0,0.0,0.0,0.0,0.0,0.0,0.0
360,8480382,2024,Alexandar Georgiev,SJS,G,other,30,2156.0,6.46,2.0,75.0,3.37,10.0,9.84,6.0,42.27,39.0,0.81,0.0,21.72,23.0,12.01,13.0,5.33,27.0,19.0,9.0,1.08,2.26,3.13,1.0,0.0,1.0,20.0,0.0,0.0
361,8480382,2024,Alexandar Georgiev,SJS,G,all,30,96768.0,86.66,98.0,1611.0,58.73,105.0,205.65,178.0,843.4,788.0,26.36,3.0,446.7,345.0,320.67,420.0,81.5,809.0,233.0,105.0,23.33,29.36,33.97,34.0,40.0,24.0,464.0,0.0,0.0
362,8480382,2024,Alexandar Georgiev,SJS,G,5on5,30,82097.0,62.49,75.0,1329.0,44.56,71.0,169.21,150.0,674.87,625.0,21.89,2.0,359.71,268.0,264.38,359.0,59.53,671.0,183.0,69.0,19.15,23.21,20.14,30.0,32.0,13.0,406.0,0.0,0.0
363,8480382,2024,Alexandar Georgiev,SJS,G,4on5,30,5955.0,15.77,17.0,181.0,9.77,23.0,23.65,19.0,108.13,105.0,0.37,0.0,59.63,52.0,32.45,34.0,14.74,96.0,25.0,24.0,2.68,3.26,9.83,3.0,5.0,9.0,36.0,0.0,0.0
364,8480382,2024,Alexandar Georgiev,SJS,G,5on4,30,6560.0,1.93,4.0,26.0,1.03,1.0,2.95,3.0,18.14,19.0,3.13,1.0,5.64,2.0,11.82,14.0,1.9,15.0,6.0,3.0,0.42,0.63,0.88,0.0,3.0,1.0,2.0,0.0,0.0
365,8478499,2024,Adin Hill,VGK,G,other,32,2346.0,11.86,4.0,107.0,4.71,7.0,10.79,12.0,61.27,50.0,0.52,0.0,36.93,36.0,14.65,21.0,9.41,41.0,25.0,15.0,1.7,3.18,6.98,0.0,2.0,2.0,26.0,0.0,0.0
366,8478499,2024,Adin Hill,VGK,G,all,32,112951.0,92.66,83.0,1901.0,64.27,110.0,236.61,165.0,964.97,840.0,31.78,2.0,528.99,478.0,374.4,492.0,86.59,975.0,251.0,104.0,28.53,31.16,32.97,26.0,31.0,26.0,571.0,2.0,1.0
367,8478499,2024,Adin Hill,VGK,G,5on5,32,97263.0,69.14,67.0,1574.0,49.76,91.0,201.38,136.0,788.1,686.0,26.8,2.0,426.12,379.0,315.49,415.0,66.11,820.0,193.0,76.0,23.76,24.08,21.3,25.0,23.0,19.0,485.0,2.0,1.0
368,8478499,2024,Adin Hill,VGK,G,4on5,32,6383.0,9.53,10.0,188.0,8.93,9.0,21.51,16.0,97.18,87.0,0.63,0.0,60.03,59.0,32.71,42.0,8.97,100.0,25.0,11.0,2.62,2.8,4.11,1.0,5.0,4.0,52.0,0.0,0.0
369,8478499,2024,Adin Hill,VGK,G,5on4,32,6959.0,1.94,2.0,25.0,0.78,3.0,2.54,1.0,16.17,15.0,3.68,0.0,4.87,3.0,10.34,12.0,1.9,12.0,7.0,2.0,0.33,1.02,0.58,0.0,1.0,1.0,4.0,0.0,0.0
370,8479361,2024,Joseph Woll,TOR,G,other,27,3121.0,6.92,8.0,90.0,4.19,4.0,9.03,8.0,47.67,40.0,0.93,0.0,29.83,29.0,13.3,16.0,6.07,35.0,23.0,7.0,1.59,3.0,2.33,3.0,5.0,0.0,25.0,0.0,0.0
371,8479361,2024,Joseph Woll,TOR,G,all,27,95316.0,82.3,70.0,1576.0,55.37,90.0,202.32,172.0,829.08,758.0,27.47,2.0,451.69,350.0,323.5,459.0,77.53,839.0,207.0,97.0,23.27,25.63,33.39,28.0,26.0,16.0,433.0,0.0,0.0
372,8479361,2024,Joseph Woll,TOR,G,5on5,27,80581.0,52.93,47.0,1267.0,40.88,68.0,167.3,142.0,651.26,594.0,23.18,2.0,357.12,263.0,265.83,384.0,51.43,698.0,152.0,56.0,18.42,18.81,15.71,24.0,17.0,6.0,361.0,0.0,0.0
373,8479361,2024,Joseph Woll,TOR,G,4on5,27,6007.0,19.74,14.0,184.0,8.95,14.0,21.78,20.0,105.58,97.0,0.31,0.0,56.59,51.0,28.61,40.0,17.54,83.0,27.0,29.0,2.5,3.22,14.02,1.0,3.0,10.0,45.0,0.0,0.0
374,8479361,2024,Joseph Woll,TOR,G,5on4,27,5607.0,2.49,1.0,30.0,1.21,4.0,3.64,1.0,21.78,24.0,2.95,0.0,6.66,6.0,14.25,17.0,2.3,19.0,5.0,5.0,0.56,0.59,1.33,0.0,1.0,0.0,1.0,0.0,0.0
375,8480981,2024,Joel Hofer,STL,G,other,18,1857.0,2.57,2.0,42.0,1.47,2.0,4.16,5.0,20.82,25.0,0.66,2.0,12.24,10.0,6.89,9.0,2.48,15.0,11.0,2.0,0.44,1.25,0.88,0.0,2.0,0.0,14.0,0.0,0.0
376,8480981,2024,Joel Hofer,STL,G,all,18,59025.0,39.05,45.0,966.0,32.11,41.0,121.81,129.0,493.86,478.0,15.12,4.0,276.4,214.0,199.92,257.0,37.32,535.0,119.0,32.0,14.97,14.06,10.03,17.0,22.0,6.0,280.0,2.0,1.0
377,8480981,2024,Joel Hofer,STL,G,5on5,18,50059.0,29.55,29.0,803.0,24.83,33.0,102.2,112.0,401.57,383.0,12.2,1.0,222.93,171.0,164.83,213.0,28.43,449.0,86.0,23.0,12.44,10.28,6.83,12.0,14.0,3.0,245.0,2.0,1.0
378,8480981,2024,Joel Hofer,STL,G,4on5,18,3095.0,5.94,10.0,99.0,5.15,6.0,13.24,11.0,57.36,55.0,0.24,0.0,36.44,31.0,18.29,23.0,5.46,56.0,19.0,6.0,1.68,2.16,2.1,3.0,4.0,3.0,18.0,0.0,0.0
379,8480981,2024,Joel Hofer,STL,G,5on4,18,4014.0,0.88,3.0,21.0,0.61,0.0,2.06,1.0,13.39,14.0,1.92,1.0,4.31,2.0,9.71,12.0,0.84,15.0,2.0,1.0,0.4,0.25,0.23,2.0,1.0,0.0,3.0,0.0,0.0
380,8481519,2024,Spencer Knight,FLA,G,other,20,1868.0,3.5,4.0,43.0,1.74,2.0,4.98,4.0,25.71,25.0,0.6,0.0,15.05,16.0,8.86,9.0,3.39,23.0,8.0,4.0,0.83,1.1,1.56,1.0,1.0,2.0,8.0,0.0,0.0
381,8481519,2024,Spencer Knight,FLA,G,all,20,67127.0,48.85,46.0,1020.0,37.33,51.0,134.47,117.0,551.37,486.0,20.39,0.0,300.68,242.0,215.92,297.0,46.67,556.0,153.0,47.0,15.33,19.12,14.4,17.0,19.0,10.0,264.0,0.0,0.0
382,8481519,2024,Spencer Knight,FLA,G,5on5,20,55908.0,36.12,36.0,827.0,28.81,38.0,112.8,100.0,445.01,387.0,16.69,0.0,242.06,191.0,177.23,245.0,35.0,459.0,121.0,32.0,12.43,14.91,8.78,16.0,14.0,6.0,215.0,0.0,0.0
383,8481519,2024,Spencer Knight,FLA,G,4on5,20,4820.0,6.83,4.0,124.0,5.84,7.0,13.7,12.0,62.81,53.0,0.56,0.0,37.97,29.0,19.45,33.0,6.54,61.0,18.0,7.0,1.77,2.33,2.72,0.0,2.0,2.0,38.0,0.0,0.0
384,8481519,2024,Spencer Knight,FLA,G,5on4,20,4531.0,2.21,2.0,21.0,0.77,4.0,2.45,1.0,14.97,17.0,2.46,0.0,4.18,4.0,8.79,8.0,1.55,9.0,6.0,4.0,0.1,0.77,1.34,0.0,2.0,0.0,2.0,0.0,0.0
385,8478024,2024,Ville Husso,DET,G,other,9,689.0,0.41,2.0,15.0,0.4,0.0,1.7,1.0,6.8,7.0,0.28,0.0,3.59,2.0,2.7,4.0,0.3,8.0,1.0,0.0,0.25,0.17,0.0,2.0,0.0,0.0,6.0,0.0,0.0
386,8478024,2024,Ville Husso,DET,G,all,9,26329.0,19.02,27.0,417.0,14.18,16.0,54.95,35.0,220.98,202.0,7.57,2.0,118.96,101.0,88.64,123.0,18.43,233.0,49.0,21.0,6.44,5.87,6.71,15.0,4.0,8.0,114.0,0.0,0.0
387,8478024,2024,Ville Husso,DET,G,5on5,9,22202.0,14.69,18.0,361.0,12.25,15.0,49.82,34.0,194.3,174.0,6.11,2.0,106.15,92.0,78.59,108.0,14.28,209.0,44.0,15.0,5.6,5.19,3.9,11.0,4.0,3.0,93.0,0.0,0.0
388,8478024,2024,Ville Husso,DET,G,4on5,9,1378.0,3.23,5.0,32.0,1.17,1.0,2.59,0.0,13.65,13.0,0.07,0.0,7.07,7.0,3.55,5.0,3.16,11.0,2.0,5.0,0.36,0.26,2.61,0.0,0.0,5.0,14.0,0.0,0.0
389,8478024,2024,Ville Husso,DET,G,5on4,9,2060.0,0.33,1.0,6.0,0.24,0.0,0.44,0.0,3.74,5.0,1.1,0.0,1.29,0.0,2.6,4.0,0.33,4.0,1.0,0.0,0.18,0.15,0.0,1.0,0.0,0.0,1.0,0.0,0.0
390,8482447,2024,Leevi Merilainen,OTT,G,other,11,1044.0,2.52,2.0,34.0,1.22,3.0,3.46,6.0,17.3,22.0,0.39,0.0,9.54,7.0,5.64,5.0,2.3,15.0,4.0,4.0,0.62,0.5,1.4,1.0,0.0,1.0,11.0,0.0,0.0
391,8482447,2024,Leevi Merilainen,OTT,G,all,11,36179.0,27.85,22.0,575.0,18.76,31.0,73.45,68.0,296.11,279.0,9.79,1.0,157.44,121.0,118.27,164.0,25.64,302.0,74.0,30.0,8.2,9.33,10.32,8.0,6.0,8.0,169.0,0.0,0.0
392,8482447,2024,Leevi Merilainen,OTT,G,5on5,11,29411.0,16.75,17.0,456.0,13.71,20.0,59.58,52.0,226.34,209.0,7.61,1.0,123.22,97.0,93.75,129.0,16.19,250.0,49.0,16.0,6.28,6.35,4.12,7.0,5.0,5.0,141.0,0.0,0.0
393,8482447,2024,Leevi Merilainen,OTT,G,4on5,11,2968.0,7.75,3.0,68.0,3.3,7.0,8.3,9.0,40.78,40.0,0.2,0.0,20.94,16.0,11.42,18.0,6.35,26.0,17.0,10.0,0.98,1.97,4.79,0.0,1.0,2.0,15.0,0.0,0.0
394,8482447,2024,Leevi Merilainen,OTT,G,5on4,11,2756.0,0.64,0.0,14.0,0.4,1.0,1.85,0.0,10.13,7.0,1.53,0.0,3.04,1.0,6.75,11.0,0.62,10.0,3.0,0.0,0.27,0.37,0.0,0.0,0.0,0.0,1.0,0.0,0.0
395,8482661,2024,Jesper Wallstedt,MIN,G,other,2,141.0,0.14,0.0,2.0,0.1,0.0,0.31,0.0,1.41,1.0,0.02,0.0,0.69,0.0,0.72,2.0,0.14,1.0,1.0,0.0,0.03,0.12,0.0,0.0,0.0,0.0,0.0,0.0,0.0
396,8482661,2024,Jesper Wallstedt,MIN,G,all,2,7046.0,5.3,8.0,114.0,3.62,5.0,13.88,10.0,56.98,51.0,1.6,0.0,31.32,29.0,23.06,27.0,5.11,57.0,17.0,5.0,1.49,2.18,1.63,2.0,4.0,2.0,35.0,2.0,1.0
397,8482661,2024,Jesper Wallstedt,MIN,G,5on5,2,6087.0,4.04,5.0,104.0,2.99,5.0,12.64,9.0,49.8,44.0,1.22,0.0,27.39,27.0,20.35,23.0,3.88,54.0,11.0,4.0,1.4,1.41,1.23,1.0,3.0,1.0,35.0,2.0,1.0
398,8482661,2024,Jesper Wallstedt,MIN,G,4on5,2,338.0,1.09,3.0,7.0,0.51,0.0,0.8,1.0,5.03,6.0,0.04,0.0,3.02,1.0,1.42,2.0,1.06,1.0,5.0,1.0,0.04,0.65,0.4,1.0,1.0,1.0,0.0,0.0,0.0
399,8482661,2024,Jesper Wallstedt,MIN,G,5on4,2,480.0,0.03,0.0,1.0,0.03,0.0,0.12,0.0,0.73,0.0,0.32,0.0,0.22,1.0,0.58,0.0,0.03,1.0,0.0,0.0,0.03,0.0,0.0,0.0,0.0,0.0,0.0,0.0,0.0
400,8477992,2024,Jonas Johansson,TBL,G,other,13,1296.0,1.91,0.0,26.0,1.1,0.0,2.66,1.0,13.72,9.0,0.56,0.0,7.63,9.0,4.18,8.0,1.79,9.0,7.0,2.0,0.31,1.03,0.56,0.0,0.0,0.0,8.0,0.0,0.0
401,8477992,2024,Jonas Johansson,TBL,G,all,13,44460.0,36.69,40.0,748.0,27.29,36.0,99.69,74.0,400.37,368.0,13.14,1.0,217.86,176.0,156.71,226.0,34.94,403.0,113.0,36.0,12.23,13.92,10.53,20.0,16.0,4.0,196.0,0.0,0.0
402,8477992,2024,Jonas Johansson,TBL,G,5on5,13,37934.0,28.33,30.0,632.0,22.12,30.0,86.51,66.0,337.18,308.0,10.8,1.0,182.93,144.0,134.76,196.0,27.1,354.0,84.0,28.0,10.21,10.09,8.02,17.0,9.0,4.0,166.0,0.0,0.0
403,8477992,2024,Jonas Johansson,TBL,G,4on5,13,2500.0,5.83,8.0,78.0,3.66,6.0,8.99,7.0,40.99,40.0,0.38,0.0,23.91,22.0,12.05,13.0,5.44,30.0,20.0,6.0,1.33,2.55,1.95,2.0,6.0,0.0,22.0,0.0,0.0
404,8477992,2024,Jonas Johansson,TBL,G,5on4,13,2730.0,0.57,1.0,11.0,0.37,0.0,1.4,0.0,7.8,10.0,1.32,0.0,2.98,1.0,5.39,9.0,0.56,9.0,2.0,0.0,0.33,0.24,0.0,0.0,1.0,0.0,0.0,0.0,0.0
405,8475683,2024,Sergei Bobrovsky,FLA,G,other,34,4345.0,9.0,5.0,126.0,5.2,5.0,15.09,9.0,70.74,65.0,1.48,0.0,40.09,37.0,24.2,40.0,8.23,65.0,19.0,12.0,2.38,2.39,4.23,2.0,1.0,2.0,30.0,0.0,0.0
406,8475683,2024,Sergei Bobrovsky,FLA,G,all,34,120394.0,90.78,91.0,1775.0,64.07,97.0,238.14,194.0,967.28,918.0,37.55,2.0,522.48,432.0,375.18,508.0,86.4,1006.0,211.0,106.0,27.47,25.89,37.42,32.0,35.0,24.0,452.0,0.0,0.0
407,8475683,2024,Sergei Bobrovsky,FLA,G,5on5,34,97220.0,57.62,61.0,1367.0,44.59,73.0,187.89,158.0,728.83,692.0,29.59,1.0,390.69,319.0,295.88,390.0,55.43,788.0,154.0,59.0,21.41,18.97,17.26,27.0,27.0,7.0,366.0,0.0,0.0
408,8475683,2024,Sergei Bobrovsky,FLA,G,4on5,34,9501.0,22.92,24.0,258.0,13.55,19.0,32.43,26.0,152.06,144.0,0.9,0.0,86.23,69.0,44.78,66.0,21.58,137.0,35.0,33.0,3.2,4.23,15.49,2.0,7.0,15.0,53.0,0.0,0.0
409,8475683,2024,Sergei Bobrovsky,FLA,G,5on4,34,9328.0,0.67,1.0,18.0,0.52,0.0,2.09,0.0,12.39,13.0,5.41,1.0,4.1,5.0,9.23,11.0,0.66,14.0,3.0,0.0,0.37,0.3,0.0,1.0,0.0,0.0,1.0,0.0,0.0
410,8477831,2024,Pheonix Copley,LAK,G,other,1,0.0,0.0,0.0,0.0,0.0,0.0,0.0,0.0,0.0,0.0,0.0,0.0,0.0,0.0,0.0,0.0,0.0,0.0,0.0,0.0,0.0,0.0,0.0,0.0,0.0,0.0,0.0,0.0,0.0
411,8477831,2024,Pheonix Copley,LAK,G,all,1,1649.0,1.01,2.0,16.0,0.71,1.0,1.89,1.0,9.47,12.0,0.48,0.0,4.45,5.0,3.67,3.0,0.94,7.0,3.0,2.0,0.16,0.34,0.51,1.0,1.0,0.0,4.0,0.0,0.0
412,8477831,2024,Pheonix Copley,LAK,G,5on5,1,1142.0,0.24,0.0,9.0,0.26,0.0,0.98,1.0,4.53,6.0,0.35,0.0,2.51,4.0,1.87,1.0,0.24,5.0,1.0,0.0,0.13,0.12,0.0,0.0,0.0,0.0,3.0,0.0,0.0
413,8477831,2024,Pheonix Copley,LAK,G,4on5,1,147.0,0.64,2.0,5.0,0.38,1.0,0.73,0.0,3.43,4.0,0.0,0.0,1.46,1.0,0.69,0.0,0.57,1.0,1.0,2.0,0.03,0.1,0.51,1.0,1.0,0.0,1.0,0.0,0.0
414,8477831,2024,Pheonix Copley,LAK,G,5on4,1,360.0,0.13,0.0,2.0,0.06,0.0,0.18,0.0,1.5,2.0,0.13,0.0,0.48,0.0,1.11,2.0,0.13,1.0,1.0,0.0,0.01,0.12,0.0,0.0,0.0,0.0,0.0,0.0,0.0
415,8470594,2024,Marc-Andre Fleury,MIN,G,other,17,1581.0,4.0,2.0,55.0,2.07,6.0,5.24,1.0,26.48,23.0,0.45,0.0,15.73,15.0,8.94,13.0,3.63,21.0,10.0,6.0,0.9,1.18,1.93,1.0,0.0,1.0,18.0,0.0,0.0
416,8470594,2024,Marc-Andre Fleury,MIN,G,all,17,57434.0,38.63,44.0,923.0,30.96,38.0,117.61,76.0,477.56,459.0,14.97,0.0,268.12,228.0,191.85,277.0,37.24,526.0,103.0,34.0,14.43,12.58,11.62,19.0,16.0,9.0,260.0,2.0,1.0
417,8470594,2024,Marc-Andre Fleury,MIN,G,5on5,17,48323.0,26.46,31.0,765.0,24.24,25.0,99.82,69.0,391.09,382.0,12.33,0.0,220.53,189.0,161.98,232.0,25.7,451.0,78.0,17.0,12.08,9.65,4.73,15.0,14.0,2.0,219.0,2.0,1.0
418,8470594,2024,Marc-Andre Fleury,MIN,G,4on5,17,3553.0,7.4,10.0,90.0,4.27,7.0,11.24,6.0,51.66,45.0,0.2,0.0,29.44,21.0,15.08,25.0,7.15,46.0,14.0,9.0,1.28,1.65,4.47,3.0,1.0,6.0,21.0,0.0,0.0
419,8470594,2024,Marc-Andre Fleury,MIN,G,5on4,17,3977.0,0.77,1.0,13.0,0.38,0.0,1.31,0.0,8.34,9.0,1.99,0.0,2.41,3.0,5.85,7.0,0.76,8.0,1.0,2.0,0.18,0.1,0.49,0.0,1.0,0.0,2.0,0.0,0.0
420,8481033,2024,Akira Schmid,VGK,G,other,1,64.0,0.0,0.0,1.0,0.0,0.0,0.0,0.0,0.0,0.0,0.02,0.0,0.0,0.0,0.0,0.0,0.0,0.0,0.0,0.0,0.0,0.0,0.0,0.0,0.0,0.0,1.0,0.0,0.0
421,8481033,2024,Akira Schmid,VGK,G,all,1,2005.0,0.75,0.0,31.0,1.36,1.0,4.1,4.0,17.92,12.0,0.63,0.0,9.74,11.0,7.51,8.0,0.74,23.0,1.0,0.0,0.61,0.14,0.0,0.0,0.0,0.0,7.0,0.0,0.0
422,8481033,2024,Akira Schmid,VGK,G,5on5,1,1490.0,0.61,0.0,21.0,0.67,0.0,2.67,2.0,11.83,7.0,0.55,0.0,6.21,8.0,5.48,6.0,0.61,15.0,1.0,0.0,0.47,0.14,0.0,0.0,0.0,0.0,5.0,0.0,0.0
423,8481033,2024,Akira Schmid,VGK,G,4on5,1,296.0,0.14,0.0,9.0,0.69,1.0,1.43,2.0,6.09,5.0,0.0,0.0,3.53,3.0,2.03,2.0,0.13,8.0,0.0,0.0,0.14,0.0,0.0,0.0,0.0,0.0,1.0,0.0,0.0
424,8481033,2024,Akira Schmid,VGK,G,5on4,1,155.0,0.0,0.0,0.0,0.0,0.0,0.0,0.0,0.0,0.0,0.06,0.0,0.0,0.0,0.0,0.0,0.0,0.0,0.0,0.0,0.0,0.0,0.0,0.0,0.0,0.0,0.0,0.0,0.0
425,8479406,2024,Filip Gustavsson,MIN,G,other,34,3010.0,12.47,6.0,123.0,5.01,8.0,12.63,12.0,68.24,64.0,0.94,0.0,37.29,26.0,20.36,38.0,9.9,44.0,27.0,19.0,1.84,3.74,6.89,2.0,2.0,2.0,33.0,0.0,0.0
426,8479406,2024,Filip Gustavsson,MIN,G,all,34,119468.0,98.26,85.0,2074.0,71.29,94.0,260.53,224.0,1081.91,993.0,32.97,2.0,601.15,422.0,426.45,667.0,92.52,1130.0,255.0,110.0,31.46,31.16,35.65,22.0,29.0,34.0,579.0,0.0,0.0
427,8479406,2024,Filip Gustavsson,MIN,G,5on5,34,100635.0,65.19,53.0,1660.0,53.5,71.0,213.39,185.0,846.91,765.0,26.65,1.0,471.05,326.0,343.62,539.0,62.83,925.0,186.0,65.0,24.83,22.43,17.93,17.0,19.0,17.0,484.0,0.0,0.0
428,8479406,2024,Filip Gustavsson,MIN,G,4on5,34,7568.0,18.63,23.0,254.0,11.58,15.0,30.85,24.0,140.95,135.0,0.57,0.0,84.24,67.0,43.66,64.0,17.93,133.0,37.0,24.0,3.95,4.33,10.34,2.0,6.0,15.0,60.0,0.0,0.0
429,8479406,2024,Filip Gustavsson,MIN,G,5on4,34,8255.0,1.92,2.0,35.0,1.15,0.0,3.32,3.0,24.37,27.0,4.77,1.0,7.86,3.0,18.01,25.0,1.81,26.0,5.0,2.0,0.78,0.65,0.49,0.0,2.0,0.0,2.0,0.0,0.0
430,8476899,2024,Matt Murray,TOR,G,other,2,367.0,0.16,1.0,6.0,0.17,0.0,0.53,0.0,2.87,3.0,0.09,0.0,1.7,1.0,1.36,2.0,0.16,4.0,0.0,0.0,0.16,0.0,0.0,1.0,0.0,0.0,2.0,0.0,0.0
431,8476899,2024,Matt Murray,TOR,G,all,2,7119.0,4.42,7.0,122.0,3.84,3.0,15.95,15.0,61.54,58.0,2.17,0.0,35.97,25.0,25.72,38.0,4.36,75.0,11.0,2.0,2.16,1.29,0.97,5.0,1.0,1.0,34.0,0.0,0.0
432,8476899,2024,Matt Murray,TOR,G,5on5,2,5862.0,3.42,5.0,101.0,3.15,3.0,14.06,11.0,51.68,46.0,1.86,0.0,29.7,22.0,21.87,33.0,3.38,62.0,11.0,1.0,1.82,1.29,0.32,4.0,1.0,0.0,27.0,0.0,0.0
433,8476899,2024,Matt Murray,TOR,G,4on5,2,319.0,0.83,1.0,13.0,0.51,0.0,1.23,4.0,6.23,8.0,0.02,0.0,4.31,2.0,1.92,2.0,0.81,8.0,0.0,1.0,0.17,0.0,0.66,0.0,0.0,1.0,4.0,0.0,0.0
434,8476899,2024,Matt Murray,TOR,G,5on4,2,571.0,0.01,0.0,2.0,0.02,0.0,0.13,0.0,0.75,1.0,0.21,0.0,0.25,0.0,0.58,1.0,0.01,1.0,0.0,0.0,0.01,0.0,0.0,0.0,0.0,0.0,1.0,0.0,0.0
435,8480947,2024,Kevin Lankinen,VAN,G,other,32,3173.0,6.15,10.0,97.0,4.13,4.0,11.35,6.0,53.27,48.0,0.87,1.0,32.22,29.0,17.23,24.0,5.89,52.0,14.0,7.0,2.21,1.68,2.26,6.0,1.0,3.0,24.0,0.0,0.0
436,8480947,2024,Kevin Lankinen,VAN,G,all,32,113930.0,84.07,81.0,1834.0,63.99,87.0,234.87,169.0,957.02,859.0,29.08,4.0,527.87,446.0,379.46,540.0,80.12,1002.0,241.0,80.0,27.11,30.74,26.23,38.0,23.0,20.0,511.0,0.0,0.0
437,8480947,2024,Kevin Lankinen,VAN,G,5on5,32,93307.0,54.08,54.0,1421.0,44.09,57.0,185.78,136.0,723.71,645.0,23.55,2.0,397.69,339.0,299.01,419.0,52.22,794.0,169.0,42.0,19.97,22.1,12.01,29.0,18.0,7.0,416.0,0.0,0.0
438,8480947,2024,Kevin Lankinen,VAN,G,4on5,32,9596.0,21.71,15.0,278.0,14.26,24.0,34.05,25.0,157.71,142.0,0.98,1.0,89.16,78.0,48.17,71.0,19.88,133.0,52.0,28.0,4.22,6.19,11.29,2.0,3.0,10.0,65.0,0.0,0.0
439,8480947,2024,Kevin Lankinen,VAN,G,5on4,32,7854.0,1.92,1.0,34.0,1.32,2.0,3.07,2.0,19.31,21.0,3.55,0.0,7.44,0.0,13.51,23.0,1.91,20.0,5.0,3.0,0.58,0.68,0.66,0.0,1.0,0.0,6.0,0.0,0.0
440,8481020,2024,Justus Annunen,NSH,G,other,20,2734.0,5.17,6.0,78.0,3.28,4.0,8.6,11.0,40.59,39.0,1.06,1.0,25.54,22.0,11.96,13.0,4.55,31.0,20.0,5.0,1.15,2.34,1.69,1.0,4.0,1.0,22.0,0.0,0.0
441,8481020,2024,Justus Annunen,NSH,G,all,20,59816.0,46.57,49.0,958.0,33.84,44.0,120.75,111.0,499.26,463.0,17.48,1.0,274.86,227.0,195.17,257.0,43.86,496.0,150.0,42.0,14.64,18.25,13.67,23.0,18.0,8.0,270.0,0.0,0.0
442,8481020,2024,Justus Annunen,NSH,G,5on5,20,48639.0,30.24,29.0,755.0,24.36,34.0,97.16,82.0,382.8,348.0,13.4,0.0,208.86,174.0,155.51,210.0,29.0,405.0,100.0,24.0,11.5,12.24,6.5,19.0,8.0,2.0,226.0,0.0,0.0
443,8481020,2024,Justus Annunen,NSH,G,4on5,20,3985.0,10.17,13.0,102.0,5.58,5.0,12.8,17.0,62.48,63.0,0.16,0.0,36.05,30.0,18.35,20.0,9.31,48.0,24.0,13.0,1.7,2.97,5.49,3.0,5.0,5.0,17.0,0.0,0.0
444,8481020,2024,Justus Annunen,NSH,G,5on4,20,4458.0,1.0,1.0,23.0,0.62,1.0,2.19,1.0,13.39,13.0,2.86,0.0,4.4,1.0,9.34,14.0,1.0,12.0,6.0,0.0,0.29,0.71,0.0,0.0,1.0,0.0,5.0,0.0,0.0
445,8482821,2024,Arvid Soderblom,CHI,G,other,22,1902.0,5.95,5.0,59.0,3.19,6.0,7.08,5.0,36.77,35.0,0.46,0.0,21.36,23.0,10.13,10.0,5.52,30.0,9.0,10.0,1.25,1.17,3.52,1.0,0.0,4.0,10.0,0.0,0.0
446,8482821,2024,Arvid Soderblom,CHI,G,all,22,76258.0,67.64,61.0,1336.0,51.22,74.0,172.13,129.0,727.22,675.0,18.53,1.0,403.7,313.0,282.2,422.0,63.72,755.0,169.0,77.0,21.73,22.08,23.83,27.0,21.0,13.0,335.0,0.0,0.0
447,8482821,2024,Arvid Soderblom,CHI,G,5on5,22,64616.0,49.2,49.0,1101.0,39.03,55.0,143.91,104.0,588.87,549.0,16.03,1.0,324.25,242.0,238.1,362.0,47.26,629.0,133.0,52.0,18.09,17.54,13.58,24.0,20.0,5.0,287.0,0.0,0.0
448,8482821,2024,Arvid Soderblom,CHI,G,4on5,22,6035.0,11.73,6.0,162.0,8.57,13.0,19.94,20.0,93.45,83.0,0.26,0.0,55.33,44.0,28.39,44.0,10.19,88.0,25.0,14.0,2.2,3.11,6.42,2.0,1.0,3.0,35.0,0.0,0.0
449,8482821,2024,Arvid Soderblom,CHI,G,5on4,22,3705.0,0.77,1.0,13.0,0.42,0.0,1.21,0.0,8.12,8.0,1.77,0.0,2.77,4.0,5.58,6.0,0.76,8.0,2.0,1.0,0.19,0.27,0.31,0.0,0.0,1.0,2.0,0.0,0.0
