team,season,name,team.1,position,situation,games_played,xGoalsPercentage,corsiPercentage,fenwickPercentage,iceTime,xOnGoalFor,xGoalsFor,xReboundsFor,xFreezeFor,xPlayStoppedFor,xPlayContinuedInZoneFor,xPlayContinuedOutsideZoneFor,flurryAdjustedxGoalsFor,scoreVenueAdjustedxGoalsFor,flurryScoreVenueAdjustedxGoalsFor,shotsOnGoalFor,missedShotsFor,blockedShotAttemptsFor,shotAttemptsFor,goalsFor,reboundsFor,reboundGoalsFor,freezeFor,playStoppedFor,playContinuedInZoneFor,playContinuedOutsideZoneFor,savedShotsOnGoalFor,savedUnblockedShotAttemptsFor,penaltiesFor,penalityMinutesFor,faceOffsWonFor,hitsFor,takeawaysFor,giveawaysFor,lowDangerShotsFor,mediumDangerShotsFor,highDangerShotsFor,lowDangerxGoalsFor,mediumDangerxGoalsFor,highDangerxGoalsFor,lowDangerGoalsFor,mediumDangerGoalsFor,highDangerGoalsFor,scoreAdjustedShotsAttemptsFor,unblockedShotAttemptsFor,scoreAdjustedUnblockedShotAttemptsFor,dZoneGiveawaysFor,xGoalsFromxReboundsOfShotsFor,xGoalsFromActualReboundsOfShotsFor,reboundxGoalsFor,totalShotCreditFor,scoreAdjustedTotalShotCreditFor,scoreFlurryAdjustedTotalShotCreditFor,xOnGoalAgainst,xGoalsAgainst,xReboundsAgainst,xFreezeAgainst,xPlayStoppedAgainst,xPlayContinuedInZoneAgainst,xPlayContinuedOutsideZoneAgainst,flurryAdjustedxGoalsAgainst,scoreVenueAdjustedxGoalsAgainst,flurryScoreVenueAdjustedxGoalsAgainst,shotsOnGoalAgainst,missedShotsAgainst,blockedShotAttemptsAgainst,shotAttemptsAgainst,goalsAgainst,reboundsAgainst,reboundGoalsAgainst,freezeAgainst,playStoppedAgainst,playContinuedInZoneAgainst,playContinuedOutsideZoneAgainst,savedShotsOnGoalAgainst,savedUnblockedShotAttemptsAgainst,penaltiesAgainst,penalityMinutesAgainst,faceOffsWonAgainst,hitsAgainst,takeawaysAgainst,giveawaysAgainst,lowDangerShotsAgainst,mediumDangerShotsAgainst,highDangerShotsAgainst,lowDangerxGoalsAgainst,mediumDangerxGoalsAgainst,highDangerxGoalsAgainst,lowDangerGoalsAgainst,mediumDangerGoalsAgainst,highDangerGoalsAgainst,scoreAdjustedShotsAttemptsAgainst,unblockedShotAttemptsAgainst,scoreAdjustedUnblockedShotAttemptsAgainst,dZoneGiveawaysAgainst,xGoalsFromxReboundsOfShotsAgainst,xGoalsFromActualReboundsOfShotsAgainst,reboundxGoalsAgainst,totalShotCreditAgainst,scoreAdjustedTotalShotCreditAgainst,scoreFlurryAdjustedTotalShotCreditAgainst
TBL,2024,TBL,TBL,Team Level,other,51,0.54,0.56,0.55,6720.0,101.36,25.82,8.19,17.42,3.3,54.89,25.38,24.38,25.82,24.38,99.0,36.0,61.0,196.0,26.0,9.0,0.0,19.0,0.0,49.0,32.0,73.0,109.0,3.0,6.0,72.0,13.0,4.0,23.0,63.0,37.0,35.0,2.39,4.8,18.63,4.0,4.0,18.0,196.0,135.0,135.0,8.0,2.43,2.67,2.67,25.58,25.58,24.36,80.19,22.32,5.53,13.44,2.78,40.99,26.95,20.09,22.32,20.09,68.0,44.0,41.0,153.0,20.0,4.0,0.0,8.0,2.0,40.0,38.0,48.0,92.0,2.0,4.0,83.0,21.0,6.0,23.0,51.0,25.0,36.0,1.95,3.37,16.99,2.0,4.0,14.0,153.0,112.0,112.0,8.0,1.59,1.25,1.25,22.65,22.65,20.83
TBL,2024,TBL,TBL,Team Level,all,51,0.53,0.51,0.51,185077.0,1604.44,169.82,113.31,376.1,52.89,859.33,614.56,162.74,171.15,163.99,1490.0,696.0,867.0,3053.0,176.0,149.0,17.0,327.0,3.0,690.0,841.0,1314.0,2010.0,168.0,385.0,1507.0,908.0,215.0,759.0,1565.0,434.0,187.0,45.59,55.12,69.1,61.0,59.0,56.0,3091.55,2186.0,2205.05,327.0,25.44,32.76,32.76,162.5,163.66,160.0,1538.81,148.1,104.02,379.48,52.03,828.12,603.26,140.31,147.2,139.52,1450.0,665.0,803.0,2918.0,142.0,145.0,13.0,319.0,6.0,635.0,868.0,1308.0,1973.0,182.0,413.0,1465.0,1224.0,235.0,755.0,1578.0,376.0,161.0,44.61,46.16,57.33,60.0,48.0,34.0,2883.21,2115.0,2101.12,368.0,22.98,28.42,28.42,142.66,142.03,137.46
TBL,2024,TBL,TBL,Team Level,5on5,51,0.52,0.5,0.5,152089.0,1260.01,108.34,83.49,312.45,41.69,676.67,503.35,104.36,109.67,105.61,1156.0,570.0,691.0,2417.0,108.0,112.0,11.0,267.0,3.0,538.0,698.0,1048.0,1618.0,151.0,351.0,1194.0,856.0,195.0,667.0,1294.0,326.0,106.0,37.55,41.37,29.42,50.0,44.0,14.0,2455.55,1726.0,1745.05,298.0,17.39,22.51,22.51,103.22,104.38,102.73,1248.9,100.89,79.65,321.54,42.02,673.36,500.55,96.87,100.0,96.08,1178.0,540.0,660.0,2378.0,94.0,114.0,8.0,280.0,3.0,514.0,713.0,1084.0,1624.0,164.0,374.0,1164.0,1154.0,213.0,672.0,1324.0,299.0,95.0,37.16,36.11,27.62,51.0,34.0,9.0,2343.21,1718.0,1704.12,337.0,16.54,22.98,22.98,94.45,93.82,92.26
TBL,2024,TBL,TBL,Team Level,4on5,51,0.15,0.15,0.17,12774.0,38.89,3.86,2.29,5.3,1.26,11.95,26.33,3.8,3.86,3.8,44.0,7.0,10.0,61.0,7.0,4.0,1.0,6.0,0.0,7.0,27.0,37.0,44.0,5.0,10.0,122.0,30.0,10.0,26.0,33.0,14.0,4.0,1.04,1.74,1.08,3.0,3.0,1.0,61.0,51.0,51.0,17.0,0.52,0.66,0.66,3.73,3.73,3.7,179.24,22.44,17.22,39.86,6.21,103.12,54.15,20.93,22.44,20.93,167.0,76.0,97.0,340.0,22.0,26.0,4.0,29.0,1.0,79.0,86.0,145.0,221.0,10.0,23.0,105.0,15.0,8.0,41.0,170.0,43.0,30.0,4.36,5.36,12.72,4.0,7.0,11.0,340.0,243.0,243.0,4.0,4.48,4.12,4.12,22.8,22.8,21.64
TBL,2024,TBL,TBL,Team Level,5on4,51,0.93,0.89,0.87,13494.0,204.18,31.79,19.35,40.92,6.63,115.82,59.49,30.2,31.79,30.2,191.0,83.0,105.0,379.0,35.0,24.0,5.0,35.0,0.0,96.0,84.0,156.0,239.0,9.0,18.0,119.0,9.0,6.0,43.0,175.0,57.0,42.0,4.61,7.22,19.97,4.0,8.0,23.0,379.0,274.0,274.0,4.0,5.1,6.92,6.92,29.97,29.97,29.21,30.48,2.45,1.61,4.65,1.01,10.65,21.62,2.43,2.45,2.43,37.0,5.0,5.0,47.0,6.0,1.0,1.0,2.0,0.0,2.0,31.0,31.0,36.0,6.0,12.0,113.0,34.0,8.0,19.0,33.0,9.0,0.0,1.14,1.31,0.0,3.0,3.0,0.0,47.0,42.0,42.0,19.0,0.37,0.07,0.07,2.76,2.76,2.74
CAR,2024,CAR,CAR,Team Level,other,53,0.52,0.56,0.58,7525.0,112.17,25.31,7.48,20.78,3.78,62.09,37.56,23.98,25.31,23.98,106.0,51.0,56.0,213.0,23.0,8.0,3.0,15.0,1.0,57.0,53.0,83.0,134.0,3.0,6.0,90.0,17.0,17.0,22.0,84.0,37.0,36.0,3.54,4.12,17.64,1.0,5.0,17.0,213.0,157.0,157.0,10.0,2.18,1.97,1.97,25.52,25.52,24.38,82.62,23.02,5.69,14.5,2.85,42.25,24.7,21.87,23.02,21.87,74.0,39.0,53.0,166.0,17.0,8.0,0.0,15.0,1.0,41.0,31.0,57.0,96.0,5.0,10.0,81.0,10.0,6.0,17.0,53.0,23.0,37.0,2.09,2.81,18.11,3.0,0.0,14.0,166.0,113.0,113.0,8.0,1.71,2.37,2.37,22.34,22.34,21.33
CAR,2024,CAR,CAR,Team Level,all,53,0.56,0.58,0.58,192124.0,1951.43,189.12,128.33,485.36,65.67,1059.99,753.53,179.99,190.42,181.23,1681.0,1001.0,1027.0,3709.0,176.0,212.0,20.0,363.0,6.0,914.0,1011.0,1505.0,2506.0,171.0,359.0,1691.0,995.0,298.0,832.0,1974.0,500.0,208.0,55.69,62.13,71.3,58.0,65.0,53.0,3747.21,2682.0,2704.43,362.0,28.45,38.12,38.2,179.37,180.52,174.44,1437.03,149.82,98.77,339.84,48.31,764.8,552.47,142.84,149.56,142.61,1323.0,631.0,680.0,2634.0,144.0,153.0,13.0,262.0,7.0,568.0,820.0,1179.0,1810.0,172.0,375.0,1535.0,1225.0,289.0,842.0,1377.0,389.0,188.0,39.35,47.46,63.01,52.0,49.0,43.0,2619.05,1954.0,1950.21,407.0,22.09,33.55,33.55,138.35,138.19,134.89
CAR,2024,CAR,CAR,Team Level,5on5,53,0.57,0.59,0.58,154742.0,1540.82,129.05,96.77,403.47,52.4,831.87,607.45,123.96,130.35,125.2,1299.0,822.0,866.0,2987.0,116.0,183.0,15.0,295.0,4.0,713.0,810.0,1183.0,2005.0,151.0,319.0,1336.0,931.0,249.0,732.0,1600.0,391.0,130.0,44.12,48.98,35.95,52.0,45.0,19.0,3025.21,2121.0,2143.43,320.0,20.15,33.63,33.7,115.5,116.64,114.4,1115.18,98.98,72.31,273.66,37.29,594.4,442.35,95.82,98.72,95.58,1029.0,490.0,546.0,2065.0,108.0,104.0,11.0,207.0,6.0,426.0,668.0,921.0,1411.0,156.0,343.0,1176.0,1137.0,256.0,743.0,1109.0,299.0,111.0,31.68,36.91,30.39,46.0,43.0,19.0,2050.05,1519.0,1515.21,367.0,15.04,23.4,23.4,90.61,90.46,89.23
CAR,2024,CAR,CAR,Team Level,4on5,53,0.15,0.14,0.16,14781.0,39.3,4.12,2.05,5.41,1.17,12.64,26.61,4.1,4.12,4.1,41.0,11.0,6.0,58.0,6.0,1.0,0.0,1.0,0.0,11.0,33.0,35.0,46.0,6.0,12.0,113.0,31.0,16.0,28.0,32.0,15.0,5.0,0.89,1.98,1.25,0.0,6.0,0.0,58.0,52.0,52.0,23.0,0.47,0.29,0.29,4.29,4.29,4.29,203.08,23.91,18.89,46.05,7.01,116.79,61.35,21.44,23.91,21.44,182.0,92.0,71.0,345.0,17.0,38.0,1.0,38.0,0.0,94.0,87.0,165.0,257.0,7.0,14.0,152.0,33.0,9.0,49.0,184.0,57.0,33.0,4.86,6.59,12.46,2.0,6.0,9.0,345.0,274.0,274.0,7.0,4.92,7.06,7.06,21.77,21.77,20.73
CAR,2024,CAR,CAR,Team Level,5on4,53,0.89,0.89,0.88,15076.0,259.14,30.65,22.04,55.7,8.32,153.39,81.9,27.95,30.65,27.95,235.0,117.0,99.0,451.0,31.0,20.0,2.0,52.0,1.0,133.0,115.0,204.0,321.0,11.0,22.0,152.0,16.0,16.0,50.0,258.0,57.0,37.0,7.14,7.05,16.46,5.0,9.0,17.0,451.0,352.0,352.0,9.0,5.65,2.25,2.25,34.06,34.06,31.38,36.15,3.91,1.87,5.63,1.15,11.36,24.08,3.71,3.91,3.71,38.0,10.0,10.0,58.0,2.0,3.0,1.0,2.0,0.0,7.0,34.0,36.0,46.0,4.0,8.0,126.0,45.0,18.0,33.0,31.0,10.0,7.0,0.73,1.14,2.04,1.0,0.0,1.0,58.0,48.0,48.0,25.0,0.43,0.72,0.72,3.62,3.62,3.59
VAN,2024,VAN,VAN,Team Level,other,52,0.48,0.47,0.47,7068.0,87.39,19.39,5.6,16.29,3.23,45.94,31.54,17.79,19.39,17.79,78.0,44.0,41.0,163.0,18.0,7.0,1.0,9.0,1.0,41.0,46.0,60.0,104.0,1.0,2.0,78.0,22.0,5.0,20.0,67.0,23.0,32.0,2.61,2.95,13.84,5.0,3.0,10.0,163.0,122.0,122.0,8.0,1.62,2.07,2.19,18.83,18.83,17.43,101.28,21.36,6.94,19.47,3.43,53.47,34.32,20.35,21.36,20.35,95.0,44.0,44.0,183.0,32.0,8.0,3.0,8.0,0.0,46.0,45.0,63.0,107.0,6.0,12.0,59.0,18.0,6.0,29.0,81.0,27.0,31.0,3.31,3.14,14.91,8.0,6.0,18.0,183.0,139.0,139.0,14.0,2.04,2.92,2.92,20.48,20.48,19.77
VAN,2024,VAN,VAN,Team Level,all,52,0.48,0.49,0.48,189927.0,1438.02,137.14,93.03,347.16,48.48,785.59,586.61,130.85,137.52,131.22,1325.0,673.0,832.0,2830.0,147.0,139.0,21.0,261.0,4.0,675.0,772.0,1178.0,1851.0,198.0,454.0,1439.0,1415.0,249.0,680.0,1527.0,309.0,162.0,40.82,39.31,57.01,60.0,39.0,48.0,2828.2,1998.0,2000.15,337.0,20.59,31.19,31.19,126.55,126.93,123.37,1554.44,149.1,103.08,378.63,52.59,845.51,615.09,141.99,150.04,142.91,1397.0,747.0,834.0,2978.0,163.0,146.0,26.0,281.0,1.0,708.0,845.0,1234.0,1981.0,185.0,424.0,1449.0,993.0,226.0,819.0,1604.0,379.0,161.0,43.78,48.2,57.13,66.0,46.0,51.0,2994.3,2144.0,2156.01,382.0,22.99,31.9,32.24,139.85,140.59,136.92
VAN,2024,VAN,VAN,Team Level,5on5,52,0.49,0.49,0.49,154162.0,1124.26,89.53,69.61,283.42,37.51,616.15,463.78,85.91,89.91,86.29,1032.0,528.0,696.0,2256.0,98.0,105.0,15.0,220.0,2.0,528.0,607.0,934.0,1462.0,188.0,434.0,1118.0,1320.0,228.0,597.0,1229.0,235.0,96.0,32.51,30.0,27.02,49.0,29.0,20.0,2254.2,1560.0,1562.15,307.0,14.34,22.27,22.15,81.72,82.1,80.71,1190.65,91.96,73.5,305.56,39.95,649.1,486.91,88.28,92.9,89.2,1057.0,590.0,679.0,2326.0,101.0,102.0,17.0,232.0,1.0,546.0,665.0,956.0,1546.0,169.0,392.0,1129.0,937.0,201.0,690.0,1297.0,265.0,85.0,33.78,34.24,23.93,54.0,31.0,16.0,2342.3,1647.0,1659.01,333.0,15.2,20.55,20.9,86.27,87.0,85.53
VAN,2024,VAN,VAN,Team Level,4on5,52,0.08,0.14,0.16,15328.0,43.87,2.81,1.81,6.7,1.4,14.14,33.14,2.77,2.81,2.77,45.0,15.0,5.0,65.0,2.0,3.0,0.0,0.0,1.0,13.0,41.0,43.0,58.0,4.0,8.0,124.0,55.0,9.0,24.0,50.0,10.0,0.0,1.31,1.5,0.0,1.0,1.0,0.0,65.0,60.0,60.0,17.0,0.42,0.21,0.21,3.02,3.02,2.98,228.64,32.2,20.54,48.5,7.99,130.66,70.11,29.81,32.2,29.81,205.0,105.0,103.0,413.0,26.0,32.0,6.0,38.0,0.0,113.0,101.0,179.0,284.0,7.0,14.0,144.0,10.0,13.0,67.0,194.0,76.0,40.0,5.63,9.43,17.15,3.0,6.0,17.0,413.0,310.0,310.0,8.0,5.27,8.07,8.07,29.4,29.4,27.93
VAN,2024,VAN,VAN,Team Level,5on4,52,0.88,0.86,0.84,13369.0,182.5,25.41,16.01,40.73,6.34,109.37,58.15,24.39,25.41,24.39,170.0,86.0,90.0,346.0,29.0,24.0,5.0,32.0,0.0,93.0,78.0,141.0,227.0,5.0,10.0,119.0,18.0,7.0,39.0,181.0,41.0,34.0,4.39,4.86,16.16,5.0,6.0,18.0,346.0,256.0,256.0,5.0,4.22,6.65,6.65,22.98,22.98,22.25,33.86,3.59,2.09,5.09,1.22,12.28,23.74,3.55,3.59,3.55,40.0,8.0,8.0,56.0,4.0,4.0,0.0,3.0,0.0,3.0,34.0,36.0,44.0,3.0,6.0,117.0,28.0,6.0,33.0,32.0,11.0,5.0,1.06,1.39,1.14,1.0,3.0,0.0,56.0,48.0,48.0,27.0,0.47,0.35,0.35,3.7,3.7,3.68
VGK,2024,VGK,VGK,Team Level,other,53,0.51,0.4,0.41,5722.0,70.41,23.63,4.88,10.75,2.34,36.66,18.74,22.25,23.63,22.25,66.0,31.0,33.0,130.0,24.0,7.0,0.0,9.0,0.0,34.0,23.0,42.0,73.0,1.0,2.0,69.0,15.0,9.0,23.0,34.0,27.0,36.0,1.52,3.73,18.37,3.0,5.0,16.0,130.0,97.0,97.0,12.0,1.48,1.86,1.86,23.25,23.25,22.38,101.78,23.07,7.74,17.85,3.49,57.92,27.93,19.85,23.07,19.85,85.0,53.0,56.0,194.0,12.0,11.0,2.0,18.0,4.0,57.0,36.0,73.0,126.0,1.0,2.0,67.0,12.0,11.0,20.0,63.0,40.0,35.0,2.56,4.83,15.67,1.0,4.0,7.0,194.0,138.0,138.0,7.0,2.39,4.13,4.13,21.32,21.32,19.07
VGK,2024,VGK,VGK,Team Level,all,53,0.53,0.5,0.51,192446.0,1716.62,181.47,114.41,409.14,56.9,917.13,662.95,169.69,182.23,170.44,1616.0,726.0,878.0,3220.0,176.0,172.0,20.0,350.0,4.0,784.0,856.0,1440.0,2166.0,123.0,276.0,1505.0,1026.0,286.0,831.0,1687.0,428.0,227.0,49.99,53.74,77.74,55.0,68.0,53.0,3239.36,2342.0,2357.57,407.0,25.25,38.14,38.14,168.58,169.37,162.37,1637.26,160.89,109.25,401.59,56.04,887.07,635.14,150.96,161.26,151.31,1427.0,823.0,949.0,3199.0,147.0,184.0,24.0,285.0,6.0,813.0,815.0,1280.0,2103.0,135.0,296.0,1451.0,1183.0,264.0,808.0,1647.0,417.0,186.0,47.5,52.17,61.23,51.0,50.0,46.0,3196.78,2250.0,2252.53,366.0,24.28,39.87,39.87,145.3,145.65,140.26
VGK,2024,VGK,VGK,Team Level,5on5,53,0.51,0.51,0.51,165157.0,1423.93,121.52,90.62,355.52,47.32,762.8,573.2,116.55,122.28,117.29,1331.0,620.0,760.0,2711.0,117.0,144.0,17.0,305.0,4.0,645.0,736.0,1214.0,1834.0,112.0,248.0,1228.0,975.0,260.0,761.0,1478.0,341.0,132.0,43.48,42.64,35.41,49.0,52.0,16.0,2730.36,1951.0,1966.57,379.0,18.81,30.24,30.24,110.09,110.88,108.79,1341.35,115.45,85.11,342.79,46.02,719.82,536.81,110.25,115.82,110.6,1173.0,673.0,798.0,2644.0,107.0,148.0,18.0,239.0,2.0,650.0,700.0,1066.0,1739.0,127.0,278.0,1192.0,1142.0,235.0,734.0,1400.0,322.0,124.0,39.81,40.88,34.77,46.0,36.0,25.0,2641.78,1846.0,1848.53,338.0,17.65,29.58,29.77,103.33,103.68,101.62
VGK,2024,VGK,VGK,Team Level,4on5,53,0.12,0.11,0.12,10551.0,24.5,2.75,1.57,3.89,0.9,7.96,15.93,2.73,2.75,2.73,23.0,10.0,7.0,40.0,5.0,0.0,0.0,1.0,0.0,5.0,22.0,18.0,28.0,3.0,10.0,88.0,28.0,13.0,17.0,21.0,8.0,4.0,0.66,0.94,1.15,2.0,3.0,0.0,40.0,33.0,33.0,14.0,0.36,0.0,0.0,3.11,3.11,3.08,170.13,19.87,15.28,37.44,5.78,102.1,54.53,18.4,19.87,18.4,147.0,88.0,89.0,324.0,25.0,22.0,3.0,26.0,0.0,102.0,60.0,122.0,210.0,2.0,6.0,97.0,7.0,11.0,30.0,165.0,46.0,24.0,4.66,5.24,9.97,3.0,9.0,13.0,324.0,235.0,235.0,1.0,3.97,5.39,5.2,18.64,18.64,17.59
VGK,2024,VGK,VGK,Team Level,5on4,53,0.93,0.9,0.89,11016.0,197.78,33.57,17.35,38.97,6.33,109.7,55.09,28.16,33.57,28.16,196.0,65.0,78.0,339.0,30.0,21.0,3.0,35.0,0.0,100.0,75.0,166.0,231.0,7.0,16.0,120.0,8.0,4.0,30.0,154.0,52.0,55.0,4.32,6.44,22.81,1.0,8.0,21.0,339.0,261.0,261.0,2.0,4.59,6.04,6.04,32.12,32.12,28.13,24.0,2.5,1.13,3.52,0.75,7.23,15.87,2.45,2.5,2.45,22.0,9.0,6.0,37.0,3.0,3.0,1.0,2.0,0.0,4.0,19.0,19.0,28.0,5.0,10.0,95.0,22.0,7.0,24.0,19.0,9.0,3.0,0.47,1.22,0.82,1.0,1.0,1.0,37.0,31.0,31.0,20.0,0.26,0.77,0.77,2.0,2.0,1.97
CGY,2024,CGY,CGY,Team Level,other,52,0.5,0.5,0.5,7505.0,108.03,28.11,7.38,18.94,3.57,55.75,37.26,25.48,28.11,25.48,98.0,53.0,62.0,213.0,24.0,3.0,0.0,18.0,1.0,54.0,51.0,74.0,127.0,4.0,8.0,85.0,22.0,12.0,28.0,83.0,27.0,41.0,2.98,3.24,21.88,3.0,3.0,18.0,213.0,151.0,151.0,11.0,2.13,0.54,0.73,29.51,29.51,26.85,113.31,27.63,7.7,19.42,3.69,56.46,38.09,25.82,27.63,25.82,100.0,53.0,60.0,213.0,27.0,12.0,3.0,16.0,1.0,55.0,42.0,73.0,126.0,4.0,8.0,104.0,20.0,14.0,24.0,75.0,36.0,42.0,2.69,4.87,20.07,7.0,4.0,16.0,213.0,153.0,153.0,7.0,2.28,3.74,3.74,26.18,26.18,25.17
CGY,2024,CGY,CGY,Team Level,all,52,0.49,0.51,0.51,189630.0,1653.92,157.23,107.8,416.42,57.18,903.7,654.68,148.92,157.14,148.84,1524.0,773.0,990.0,3287.0,138.0,151.0,14.0,347.0,7.0,734.0,920.0,1386.0,2159.0,203.0,481.0,1485.0,1151.0,295.0,815.0,1759.0,355.0,183.0,47.34,44.45,65.44,52.0,36.0,50.0,3261.54,2297.0,2288.16,377.0,24.02,30.45,30.45,150.81,150.56,144.85,1607.7,161.55,106.33,392.64,54.15,863.66,630.74,154.62,162.69,155.74,1515.0,695.0,905.0,3115.0,151.0,157.0,15.0,359.0,9.0,697.0,837.0,1364.0,2059.0,199.0,463.0,1739.0,1058.0,302.0,830.0,1617.0,418.0,175.0,45.35,52.97,63.23,49.0,60.0,42.0,3146.98,2210.0,2228.85,388.0,23.86,34.48,34.48,150.87,151.94,148.46
CGY,2024,CGY,CGY,Team Level,5on5,52,0.49,0.52,0.51,154482.0,1304.92,98.26,80.78,345.45,45.35,715.95,530.21,95.07,98.17,94.99,1187.0,629.0,813.0,2629.0,83.0,117.0,9.0,285.0,4.0,586.0,741.0,1104.0,1733.0,183.0,439.0,1159.0,1068.0,250.0,718.0,1441.0,275.0,100.0,37.51,34.19,26.56,43.0,24.0,16.0,2603.54,1816.0,1807.16,344.0,16.72,22.35,22.35,92.62,92.38,90.94,1254.1,102.93,78.14,321.68,42.12,677.54,509.65,99.93,104.07,101.06,1182.0,551.0,743.0,2476.0,83.0,116.0,9.0,297.0,7.0,545.0,685.0,1099.0,1650.0,181.0,425.0,1359.0,994.0,249.0,741.0,1338.0,299.0,96.0,37.08,38.03,27.83,36.0,38.0,9.0,2507.98,1733.0,1751.85,365.0,16.22,25.12,25.12,93.97,95.05,93.76
CGY,2024,CGY,CGY,Team Level,4on5,52,0.09,0.13,0.14,13521.0,34.02,2.63,1.68,4.95,1.08,11.23,24.43,2.6,2.63,2.6,39.0,7.0,13.0,59.0,4.0,1.0,0.0,4.0,0.0,1.0,36.0,35.0,42.0,8.0,16.0,116.0,45.0,15.0,20.0,34.0,12.0,0.0,0.95,1.68,0.0,0.0,4.0,0.0,59.0,46.0,46.0,16.0,0.38,0.16,0.16,2.85,2.85,2.82,211.96,28.09,19.17,47.68,7.48,121.55,64.03,26.07,28.09,26.07,201.0,87.0,97.0,385.0,35.0,28.0,2.0,44.0,1.0,91.0,89.0,166.0,253.0,6.0,12.0,150.0,8.0,16.0,48.0,182.0,72.0,34.0,5.0,8.61,14.48,5.0,14.0,16.0,385.0,288.0,288.0,3.0,5.05,5.28,5.28,27.85,27.85,26.76
CGY,2024,CGY,CGY,Team Level,5on4,52,0.91,0.9,0.89,14122.0,206.95,28.23,17.96,47.08,7.18,120.77,62.78,25.76,28.23,25.76,200.0,84.0,102.0,386.0,27.0,30.0,5.0,40.0,2.0,93.0,92.0,173.0,257.0,8.0,18.0,125.0,16.0,18.0,49.0,201.0,41.0,42.0,5.89,5.34,16.99,6.0,5.0,16.0,386.0,284.0,284.0,6.0,4.8,7.39,7.21,25.82,25.82,24.24,28.33,2.9,1.32,3.84,0.87,8.11,18.97,2.8,2.9,2.8,32.0,4.0,5.0,41.0,6.0,1.0,1.0,2.0,0.0,6.0,21.0,26.0,30.0,8.0,18.0,126.0,36.0,23.0,17.0,22.0,11.0,3.0,0.58,1.46,0.86,1.0,4.0,1.0,41.0,36.0,36.0,13.0,0.31,0.34,0.34,2.86,2.86,2.78
MTL,2024,MTL,MTL,Team Level,other,52,0.4,0.46,0.47,7533.0,91.62,16.95,6.48,16.54,3.2,51.98,30.87,15.82,16.95,15.82,74.0,52.0,43.0,169.0,18.0,5.0,1.0,11.0,3.0,52.0,37.0,56.0,108.0,7.0,19.0,92.0,27.0,17.0,18.0,71.0,31.0,24.0,3.04,3.56,10.35,2.0,6.0,10.0,169.0,126.0,126.0,5.0,1.87,1.33,1.33,17.49,17.49,16.35,104.26,24.98,7.32,17.96,3.37,53.64,32.73,23.28,24.98,23.28,99.0,41.0,58.0,198.0,20.0,12.0,1.0,16.0,1.0,52.0,39.0,79.0,120.0,4.0,11.0,86.0,20.0,7.0,20.0,68.0,38.0,34.0,3.1,5.04,16.83,2.0,6.0,12.0,198.0,140.0,140.0,8.0,2.16,4.24,4.24,22.9,22.9,22.05
MTL,2024,MTL,MTL,Team Level,all,52,0.45,0.47,0.47,189452.0,1490.18,148.25,99.79,354.83,50.57,811.55,592.02,143.26,147.28,142.33,1348.0,709.0,850.0,2907.0,151.0,136.0,20.0,258.0,8.0,689.0,815.0,1197.0,1906.0,208.0,451.0,1423.0,1228.0,254.0,715.0,1467.0,444.0,146.0,45.53,54.6,48.11,58.0,52.0,41.0,2877.08,2057.0,2040.66,327.0,22.08,26.95,27.69,142.63,141.56,138.12,1682.97,180.27,113.38,395.7,55.78,894.1,646.76,170.54,182.89,172.99,1524.0,762.0,972.0,3258.0,174.0,168.0,20.0,311.0,2.0,690.0,941.0,1350.0,2112.0,183.0,397.0,1417.0,1078.0,259.0,701.0,1610.0,455.0,221.0,48.04,56.47,75.76,63.0,65.0,46.0,3301.97,2286.0,2314.77,328.0,25.32,39.95,40.0,165.6,167.64,163.03
MTL,2024,MTL,MTL,Team Level,5on5,52,0.46,0.48,0.48,150932.0,1166.84,103.97,74.68,290.6,39.9,636.32,475.53,101.12,103.0,100.19,1070.0,551.0,712.0,2333.0,101.0,111.0,13.0,216.0,4.0,526.0,663.0,969.0,1520.0,181.0,389.0,1072.0,1140.0,204.0,629.0,1190.0,341.0,90.0,36.55,42.48,24.93,50.0,36.0,15.0,2303.08,1621.0,1604.66,300.0,15.46,20.08,20.11,99.31,98.24,96.76,1302.17,120.89,82.77,322.72,43.5,686.79,515.31,116.09,123.51,118.54,1167.0,605.0,749.0,2521.0,124.0,137.0,17.0,243.0,1.0,499.0,768.0,1043.0,1648.0,162.0,353.0,1047.0,1008.0,219.0,611.0,1288.0,341.0,143.0,38.05,42.4,40.45,53.0,50.0,21.0,2564.97,1772.0,1800.77,301.0,17.18,30.76,31.15,106.93,108.97,107.15
MTL,2024,MTL,MTL,Team Level,4on5,52,0.12,0.12,0.14,16635.0,42.1,4.13,2.07,6.5,1.32,12.82,28.17,4.07,4.13,4.07,43.0,12.0,10.0,65.0,6.0,1.0,0.0,2.0,0.0,8.0,38.0,37.0,49.0,9.0,21.0,140.0,49.0,18.0,23.0,35.0,16.0,4.0,1.24,1.86,1.03,0.0,3.0,3.0,65.0,55.0,55.0,20.0,0.47,0.07,0.07,4.52,4.52,4.45,241.13,30.85,21.32,49.39,7.63,141.47,74.35,27.66,30.85,27.66,219.0,106.0,154.0,479.0,26.0,18.0,2.0,51.0,0.0,127.0,103.0,193.0,299.0,8.0,17.0,150.0,11.0,18.0,50.0,219.0,67.0,39.0,5.92,7.98,16.95,6.0,8.0,12.0,479.0,325.0,325.0,2.0,5.53,4.87,4.53,31.85,31.85,29.95
MTL,2024,MTL,MTL,Team Level,5on4,52,0.87,0.85,0.84,14352.0,189.62,23.21,16.56,41.19,6.15,110.44,57.46,22.27,23.21,22.27,161.0,94.0,85.0,340.0,26.0,19.0,6.0,29.0,1.0,103.0,77.0,135.0,229.0,11.0,22.0,119.0,12.0,15.0,45.0,171.0,56.0,28.0,4.7,6.71,11.81,6.0,7.0,13.0,340.0,255.0,255.0,2.0,4.28,5.47,6.17,21.32,21.32,20.56,35.4,3.56,1.97,5.63,1.28,12.2,24.37,3.51,3.56,3.51,39.0,10.0,11.0,60.0,4.0,1.0,0.0,1.0,0.0,12.0,31.0,35.0,45.0,9.0,16.0,134.0,39.0,15.0,20.0,35.0,9.0,5.0,0.97,1.06,1.53,2.0,1.0,1.0,60.0,49.0,49.0,17.0,0.46,0.09,0.09,3.92,3.92,3.87
DAL,2024,DAL,DAL,Team Level,other,52,0.55,0.49,0.48,7271.0,80.47,22.36,5.59,14.77,2.76,40.81,24.72,21.23,22.36,21.23,80.0,31.0,57.0,168.0,23.0,10.0,1.0,17.0,1.0,32.0,28.0,57.0,88.0,3.0,6.0,77.0,19.0,9.0,22.0,50.0,28.0,33.0,1.96,3.72,16.68,3.0,3.0,17.0,168.0,111.0,111.0,9.0,1.59,2.19,2.19,21.76,21.76,20.77,85.77,18.6,6.57,14.98,3.06,51.83,23.97,17.54,18.6,17.54,68.0,51.0,53.0,172.0,15.0,7.0,0.0,11.0,1.0,51.0,34.0,53.0,104.0,2.0,4.0,71.0,26.0,16.0,17.0,63.0,30.0,26.0,2.36,3.77,12.47,2.0,4.0,9.0,172.0,119.0,119.0,7.0,1.89,1.34,1.34,19.15,19.15,18.39
DAL,2024,DAL,DAL,Team Level,all,52,0.55,0.53,0.52,188324.0,1678.23,177.68,111.85,406.97,56.79,889.89,640.82,169.11,177.94,169.39,1557.0,727.0,959.0,3243.0,167.0,191.0,17.0,313.0,8.0,736.0,869.0,1390.0,2117.0,150.0,320.0,1601.0,785.0,254.0,831.0,1584.0,510.0,190.0,47.36,64.8,65.51,55.0,56.0,56.0,3266.44,2284.0,2298.08,404.0,24.96,37.63,37.63,165.01,165.43,161.16,1548.32,145.37,100.93,375.28,51.27,831.47,606.68,140.1,145.2,139.91,1390.0,721.0,787.0,2898.0,129.0,137.0,17.0,298.0,3.0,654.0,890.0,1261.0,1982.0,164.0,354.0,1472.0,1315.0,265.0,822.0,1556.0,400.0,155.0,44.76,48.12,52.49,48.0,47.0,34.0,2877.16,2111.0,2097.85,363.0,22.32,28.54,28.54,139.16,138.86,136.22
DAL,2024,DAL,DAL,Team Level,5on5,52,0.53,0.52,0.51,152119.0,1299.38,115.12,81.42,330.96,44.0,686.8,508.7,111.28,115.38,111.56,1194.0,573.0,756.0,2523.0,112.0,142.0,11.0,239.0,4.0,569.0,701.0,1082.0,1655.0,131.0,280.0,1257.0,728.0,225.0,734.0,1278.0,384.0,105.0,38.5,48.94,27.68,51.0,42.0,19.0,2546.44,1767.0,1781.08,361.0,16.92,24.5,25.07,106.97,107.39,105.8,1250.58,103.81,76.84,316.02,41.16,664.7,502.47,100.68,103.64,100.5,1111.0,594.0,652.0,2357.0,91.0,109.0,16.0,249.0,2.0,510.0,744.0,1020.0,1614.0,151.0,326.0,1138.0,1228.0,227.0,732.0,1287.0,317.0,101.0,37.19,37.83,28.79,38.0,38.0,15.0,2336.16,1705.0,1691.85,335.0,15.93,22.35,22.35,97.39,97.09,95.76
DAL,2024,DAL,DAL,Team Level,4on5,52,0.15,0.15,0.18,13365.0,40.0,3.56,1.85,6.16,1.2,12.54,27.7,3.42,3.56,3.42,45.0,8.0,4.0,57.0,3.0,3.0,1.0,6.0,0.0,8.0,33.0,42.0,50.0,5.0,10.0,111.0,22.0,9.0,30.0,38.0,10.0,5.0,1.09,1.16,1.3,0.0,2.0,1.0,57.0,53.0,53.0,27.0,0.43,0.53,0.53,3.45,3.45,3.35,174.48,20.03,15.69,38.16,5.83,102.92,54.38,18.97,20.03,18.97,166.0,71.0,81.0,318.0,19.0,20.0,1.0,36.0,0.0,88.0,74.0,147.0,218.0,9.0,20.0,135.0,19.0,7.0,51.0,171.0,39.0,27.0,4.44,4.66,10.92,6.0,4.0,9.0,318.0,237.0,237.0,3.0,4.08,4.66,4.66,19.45,19.45,18.91
DAL,2024,DAL,DAL,Team Level,5on4,52,0.93,0.91,0.88,15569.0,258.37,36.65,22.99,55.08,8.84,149.74,79.71,33.18,36.65,33.18,238.0,115.0,142.0,495.0,29.0,36.0,4.0,51.0,3.0,127.0,107.0,209.0,324.0,11.0,24.0,156.0,16.0,11.0,45.0,218.0,88.0,47.0,5.82,10.98,19.85,1.0,9.0,19.0,495.0,353.0,353.0,7.0,6.02,10.41,9.83,32.83,32.83,31.24,37.48,2.94,1.83,6.12,1.23,12.02,25.87,2.9,2.94,2.9,45.0,5.0,1.0,51.0,4.0,1.0,0.0,2.0,0.0,5.0,38.0,41.0,46.0,2.0,4.0,128.0,42.0,15.0,22.0,35.0,14.0,1.0,0.77,1.87,0.3,2.0,1.0,1.0,51.0,50.0,50.0,18.0,0.43,0.19,0.19,3.17,3.17,3.15
SJS,2024,SJS,SJS,Team Level,other,54,0.45,0.55,0.55,6996.0,111.64,20.35,8.29,21.18,3.82,67.2,34.17,18.6,20.35,18.6,104.0,51.0,66.0,221.0,20.0,9.0,2.0,18.0,0.0,72.0,36.0,84.0,135.0,3.0,6.0,86.0,18.0,8.0,13.0,90.0,37.0,28.0,3.01,4.22,13.11,3.0,5.0,12.0,221.0,155.0,155.0,9.0,2.54,2.72,2.72,20.16,20.16,18.64,91.23,25.26,6.93,17.1,3.64,43.73,28.33,23.93,25.26,23.93,86.0,39.0,56.0,181.0,23.0,11.0,0.0,14.0,1.0,41.0,35.0,63.0,102.0,4.0,16.0,95.0,18.0,7.0,20.0,60.0,27.0,38.0,2.52,3.35,19.4,4.0,5.0,14.0,181.0,125.0,125.0,13.0,2.03,2.57,2.57,24.73,24.73,23.79
SJS,2024,SJS,SJS,Team Level,all,54,0.42,0.46,0.45,196025.0,1558.19,144.75,104.56,381.47,52.65,853.39,601.19,135.7,143.82,134.79,1446.0,692.0,894.0,3032.0,141.0,159.0,15.0,274.0,3.0,722.0,839.0,1305.0,1997.0,186.0,422.0,1498.0,1250.0,261.0,827.0,1601.0,378.0,159.0,44.58,45.91,54.26,68.0,36.0,37.0,2979.29,2138.0,2115.43,377.0,23.62,34.29,34.29,134.08,133.25,128.51,1901.64,197.25,131.32,457.59,64.81,1032.11,740.91,186.86,199.47,188.92,1753.0,871.0,993.0,3617.0,198.0,237.0,22.0,311.0,6.0,888.0,984.0,1555.0,2426.0,182.0,429.0,1580.0,1089.0,271.0,851.0,1923.0,468.0,233.0,56.68,57.73,82.84,85.0,58.0,55.0,3695.92,2624.0,2664.28,388.0,28.96,51.02,51.02,175.19,177.04,172.11
SJS,2024,SJS,SJS,Team Level,5on5,54,0.42,0.45,0.44,159079.0,1200.2,95.73,75.55,308.23,40.77,647.01,479.69,92.15,94.81,91.25,1124.0,523.0,713.0,2360.0,98.0,127.0,12.0,218.0,2.0,527.0,675.0,1026.0,1549.0,165.0,382.0,1160.0,1185.0,223.0,729.0,1272.0,279.0,96.0,34.95,34.24,26.54,60.0,24.0,14.0,2307.29,1647.0,1624.43,333.0,15.65,25.47,25.47,85.91,85.09,83.59,1517.69,133.75,100.12,381.16,51.3,826.31,604.35,126.78,135.98,128.85,1392.0,705.0,828.0,2925.0,137.0,186.0,16.0,257.0,4.0,704.0,809.0,1255.0,1960.0,159.0,375.0,1220.0,1015.0,239.0,747.0,1593.0,356.0,148.0,46.71,44.53,42.51,75.0,43.0,19.0,3003.92,2097.0,2137.28,346.0,20.77,38.0,38.49,116.03,117.88,115.53
SJS,2024,SJS,SJS,Team Level,4on5,54,0.08,0.11,0.12,15102.0,33.52,2.87,1.87,4.98,1.15,11.96,24.15,2.86,2.87,2.86,38.0,9.0,8.0,55.0,3.0,0.0,0.0,0.0,0.0,10.0,34.0,35.0,44.0,7.0,14.0,108.0,31.0,17.0,30.0,34.0,11.0,2.0,0.86,1.47,0.55,2.0,0.0,1.0,55.0,47.0,47.0,28.0,0.43,0.0,0.0,3.3,3.3,3.29,249.92,34.09,21.98,52.59,8.5,148.78,79.06,32.11,34.09,32.11,230.0,115.0,100.0,445.0,34.0,37.0,6.0,36.0,0.0,135.0,103.0,196.0,311.0,12.0,24.0,144.0,9.0,6.0,51.0,228.0,76.0,41.0,6.21,8.84,19.04,4.0,8.0,22.0,445.0,345.0,345.0,1.0,5.64,9.66,9.17,30.56,30.56,28.98
SJS,2024,SJS,SJS,Team Level,5on4,54,0.86,0.86,0.84,14848.0,212.82,25.78,18.86,47.07,6.91,127.21,63.17,22.07,25.78,22.07,180.0,109.0,107.0,396.0,20.0,23.0,1.0,38.0,1.0,113.0,94.0,160.0,269.0,11.0,20.0,144.0,16.0,13.0,55.0,205.0,51.0,33.0,5.76,5.98,14.04,3.0,7.0,10.0,396.0,289.0,289.0,7.0,5.01,6.09,6.09,24.7,24.7,22.98,42.8,4.14,2.28,6.75,1.38,13.29,29.17,4.03,4.14,4.03,45.0,12.0,9.0,66.0,4.0,3.0,0.0,4.0,1.0,8.0,37.0,41.0,53.0,7.0,14.0,121.0,47.0,19.0,33.0,42.0,9.0,6.0,1.24,1.01,1.9,2.0,2.0,0.0,66.0,57.0,57.0,28.0,0.52,0.8,0.8,3.86,3.86,3.8
PHI,2024,PHI,PHI,Team Level,other,54,0.51,0.5,0.52,8445.0,123.42,25.52,8.62,22.33,3.86,62.2,42.47,24.7,25.52,24.7,113.0,52.0,58.0,223.0,28.0,9.0,0.0,15.0,1.0,49.0,63.0,85.0,137.0,6.0,12.0,86.0,32.0,18.0,27.0,87.0,42.0,36.0,3.29,5.3,16.92,4.0,7.0,17.0,223.0,165.0,165.0,15.0,2.48,3.37,3.37,24.62,24.62,24.1,110.79,24.6,7.7,20.15,3.77,56.38,40.39,22.92,24.6,22.92,102.0,51.0,68.0,221.0,28.0,15.0,3.0,12.0,0.0,43.0,55.0,74.0,125.0,9.0,18.0,106.0,26.0,14.0,21.0,73.0,46.0,34.0,2.77,5.52,16.31,7.0,4.0,17.0,221.0,153.0,153.0,9.0,2.14,5.9,5.9,20.85,20.85,20.39
PHI,2024,PHI,PHI,Team Level,all,54,0.52,0.48,0.5,197544.0,1608.54,166.78,111.84,385.03,54.46,855.24,619.65,159.0,167.5,159.64,1472.0,721.0,841.0,3034.0,151.0,168.0,19.0,299.0,4.0,603.0,968.0,1321.0,2042.0,185.0,410.0,1518.0,1099.0,285.0,798.0,1570.0,427.0,196.0,44.98,54.9,66.9,55.0,52.0,44.0,3026.84,2193.0,2191.69,390.0,24.75,35.96,35.96,155.57,155.84,152.72,1582.77,154.45,104.43,381.36,52.72,853.96,637.08,147.45,155.22,148.16,1448.0,736.0,1069.0,3253.0,180.0,161.0,18.0,270.0,1.0,673.0,899.0,1268.0,2004.0,197.0,434.0,1490.0,1171.0,273.0,765.0,1612.0,406.0,166.0,46.36,50.79,57.3,72.0,57.0,51.0,3281.74,2184.0,2204.07,375.0,23.02,38.12,38.12,139.35,140.1,137.21
PHI,2024,PHI,PHI,Team Level,5on5,54,0.54,0.48,0.51,162285.0,1295.18,116.05,86.84,325.09,43.99,687.13,506.9,110.51,116.77,111.15,1189.0,577.0,685.0,2451.0,101.0,141.0,15.0,247.0,2.0,480.0,795.0,1088.0,1665.0,164.0,365.0,1235.0,1019.0,234.0,722.0,1303.0,338.0,125.0,37.19,43.48,35.38,48.0,38.0,15.0,2443.84,1766.0,1764.69,357.0,18.06,28.7,28.7,105.42,105.68,103.74,1246.66,98.95,78.73,316.29,41.55,679.26,508.22,95.17,99.72,95.87,1125.0,598.0,893.0,2616.0,122.0,118.0,12.0,227.0,1.0,523.0,732.0,1003.0,1601.0,175.0,387.0,1135.0,1082.0,237.0,679.0,1345.0,291.0,87.0,37.79,36.75,24.4,61.0,44.0,17.0,2644.74,1723.0,1743.07,347.0,16.3,24.25,24.5,90.74,91.5,90.04
PHI,2024,PHI,PHI,Team Level,4on5,54,0.12,0.12,0.15,12736.0,31.08,3.7,1.94,4.38,1.06,10.3,20.62,3.68,3.7,3.68,30.0,12.0,7.0,49.0,3.0,2.0,0.0,2.0,0.0,5.0,30.0,27.0,39.0,4.0,11.0,81.0,33.0,18.0,16.0,24.0,13.0,5.0,0.69,1.78,1.24,1.0,2.0,0.0,49.0,42.0,42.0,15.0,0.44,0.27,0.27,3.88,3.88,3.87,181.64,27.33,15.77,38.53,5.89,103.22,55.27,25.81,27.33,25.81,165.0,81.0,101.0,347.0,26.0,27.0,3.0,24.0,0.0,95.0,74.0,139.0,220.0,9.0,21.0,124.0,22.0,13.0,49.0,147.0,56.0,43.0,4.38,6.99,15.96,3.0,6.0,17.0,347.0,246.0,246.0,6.0,4.07,7.64,7.39,24.0,24.0,23.04
PHI,2024,PHI,PHI,Team Level,5on4,54,0.86,0.82,0.78,14078.0,158.86,21.51,14.45,33.21,5.57,95.6,49.65,20.11,21.51,20.11,140.0,80.0,91.0,311.0,19.0,16.0,4.0,35.0,1.0,69.0,80.0,121.0,201.0,11.0,22.0,116.0,15.0,15.0,33.0,156.0,34.0,30.0,3.81,4.34,13.36,2.0,5.0,12.0,311.0,220.0,220.0,3.0,3.77,3.62,3.62,21.66,21.66,21.01,43.68,3.58,2.22,6.38,1.51,15.1,33.2,3.55,3.58,3.55,56.0,6.0,7.0,69.0,4.0,1.0,0.0,7.0,0.0,12.0,38.0,52.0,58.0,4.0,8.0,125.0,41.0,9.0,16.0,47.0,13.0,2.0,1.43,1.52,0.63,1.0,3.0,0.0,69.0,62.0,62.0,13.0,0.51,0.33,0.33,3.76,3.76,3.74
NYR,2024,NYR,NYR,Team Level,other,52,0.46,0.52,0.5,6894.0,96.51,22.07,6.83,17.52,3.18,53.25,29.15,20.62,22.07,20.62,81.0,51.0,52.0,184.0,14.0,7.0,0.0,12.0,1.0,54.0,44.0,67.0,118.0,4.0,11.0,78.0,16.0,11.0,22.0,69.0,29.0,34.0,2.35,3.6,16.11,2.0,2.0,10.0,184.0,132.0,132.0,10.0,2.0,2.37,2.37,21.7,21.7,20.54,96.06,26.21,6.6,17.58,3.09,48.05,28.47,24.89,26.21,24.89,80.0,50.0,37.0,167.0,24.0,6.0,1.0,9.0,0.0,45.0,46.0,56.0,106.0,7.0,17.0,67.0,18.0,13.0,26.0,60.0,34.0,36.0,2.17,4.5,19.55,3.0,3.0,18.0,167.0,130.0,130.0,9.0,1.93,2.21,2.21,25.93,25.93,25.0
NYR,2024,NYR,NYR,Team Level,all,52,0.5,0.49,0.49,188513.0,1698.99,173.3,113.15,405.12,55.78,908.32,662.32,163.67,174.43,164.65,1545.0,773.0,835.0,3153.0,155.0,162.0,25.0,321.0,5.0,734.0,941.0,1390.0,2163.0,188.0,420.0,1560.0,1244.0,265.0,787.0,1690.0,430.0,198.0,47.85,54.56,70.89,59.0,46.0,50.0,3162.29,2318.0,2328.84,396.0,25.3,36.4,36.4,162.2,163.08,158.08,1750.9,176.41,118.29,422.39,58.2,934.69,671.02,168.47,177.19,169.25,1601.0,780.0,863.0,3244.0,160.0,180.0,15.0,276.0,4.0,739.0,1022.0,1441.0,2221.0,171.0,383.0,1345.0,956.0,264.0,858.0,1712.0,466.0,203.0,48.65,58.13,69.63,55.0,62.0,43.0,3259.8,2381.0,2389.95,393.0,26.29,36.74,36.74,165.95,166.64,162.75
NYR,2024,NYR,NYR,Team Level,5on5,52,0.49,0.49,0.49,153650.0,1316.19,114.15,83.47,329.67,43.1,698.69,523.91,109.14,115.29,110.12,1196.0,597.0,679.0,2472.0,107.0,129.0,19.0,254.0,4.0,547.0,752.0,1089.0,1686.0,172.0,385.0,1196.0,1172.0,219.0,687.0,1346.0,330.0,117.0,37.82,42.28,34.06,48.0,39.0,20.0,2481.29,1793.0,1803.84,354.0,17.38,27.31,27.31,104.22,105.11,103.17,1381.44,117.7,88.0,348.13,46.33,738.99,546.85,113.34,118.48,114.12,1272.0,614.0,727.0,2613.0,110.0,136.0,11.0,227.0,3.0,560.0,850.0,1162.0,1776.0,152.0,342.0,1057.0,905.0,234.0,752.0,1408.0,354.0,124.0,39.91,43.96,33.83,49.0,49.0,12.0,2628.8,1886.0,1894.95,354.0,18.23,27.28,27.29,108.64,109.32,107.86
NYR,2024,NYR,NYR,Team Level,4on5,52,0.15,0.16,0.19,15341.0,56.84,5.38,2.82,8.46,1.74,17.86,38.73,5.29,5.38,5.29,62.0,13.0,4.0,79.0,7.0,4.0,0.0,2.0,0.0,10.0,52.0,55.0,68.0,6.0,12.0,145.0,43.0,21.0,35.0,53.0,16.0,6.0,1.51,1.92,1.95,4.0,1.0,2.0,79.0,75.0,75.0,26.0,0.65,0.81,0.81,5.22,5.22,5.17,241.19,29.71,22.34,52.22,7.84,137.92,72.97,27.47,29.71,27.47,219.0,104.0,89.0,412.0,23.0,36.0,3.0,39.0,1.0,127.0,97.0,196.0,300.0,8.0,16.0,122.0,11.0,6.0,55.0,212.0,71.0,40.0,5.67,8.87,15.17,1.0,9.0,13.0,412.0,323.0,323.0,7.0,5.81,6.71,6.71,28.81,28.81,27.3
NYR,2024,NYR,NYR,Team Level,5on4,52,0.92,0.89,0.88,12628.0,229.46,31.7,20.03,49.48,7.75,138.52,70.52,28.62,31.7,28.62,206.0,112.0,100.0,418.0,27.0,22.0,6.0,53.0,0.0,123.0,93.0,179.0,291.0,6.0,12.0,141.0,13.0,14.0,43.0,222.0,55.0,41.0,6.17,6.75,18.78,5.0,4.0,18.0,418.0,318.0,318.0,6.0,5.26,5.91,5.91,31.05,31.05,29.21,32.2,2.79,1.34,4.46,0.93,9.73,22.74,2.76,2.79,2.76,30.0,12.0,10.0,52.0,3.0,2.0,0.0,1.0,0.0,7.0,29.0,27.0,39.0,4.0,8.0,99.0,22.0,11.0,25.0,32.0,7.0,3.0,0.91,0.8,1.08,2.0,1.0,0.0,52.0,42.0,42.0,23.0,0.31,0.54,0.53,2.58,2.58,2.58
NJD,2024,NJD,NJD,Team Level,other,54,0.63,0.57,0.58,8419.0,130.32,33.75,9.87,23.37,4.74,66.77,38.52,30.74,33.75,30.74,112.0,65.0,58.0,235.0,24.0,22.0,1.0,17.0,1.0,66.0,47.0,88.0,153.0,5.0,12.0,89.0,33.0,6.0,21.0,78.0,46.0,53.0,3.36,5.7,24.68,3.0,6.0,15.0,235.0,177.0,177.0,6.0,2.88,6.36,6.36,30.26,30.26,28.59,91.92,19.63,6.39,17.33,3.07,51.13,30.44,17.63,19.63,17.63,78.0,50.0,48.0,176.0,18.0,8.0,0.0,14.0,2.0,45.0,41.0,60.0,110.0,4.0,8.0,76.0,30.0,5.0,24.0,67.0,32.0,29.0,2.88,3.45,13.3,4.0,3.0,11.0,176.0,128.0,128.0,8.0,1.83,1.43,1.93,19.54,19.54,17.74
NJD,2024,NJD,NJD,Team Level,all,54,0.56,0.53,0.52,196018.0,1759.09,198.35,122.84,419.92,59.91,927.3,657.66,186.24,199.5,187.29,1596.0,790.0,1036.0,3422.0,167.0,222.0,22.0,311.0,3.0,751.0,932.0,1429.0,2219.0,191.0,438.0,1511.0,1280.0,239.0,811.0,1661.0,468.0,257.0,48.08,58.65,91.62,57.0,49.0,61.0,3449.74,2386.0,2404.44,392.0,27.76,48.88,49.43,176.68,177.61,171.47,1590.7,157.41,106.41,392.0,54.33,857.8,622.04,146.16,157.03,145.77,1397.0,793.0,884.0,3074.0,136.0,171.0,15.0,294.0,5.0,665.0,919.0,1261.0,2054.0,191.0,433.0,1500.0,1197.0,250.0,809.0,1624.0,384.0,182.0,46.25,47.33,63.83,58.0,46.0,32.0,3048.79,2190.0,2175.29,367.0,23.7,33.82,33.91,147.2,146.51,140.02
NJD,2024,NJD,NJD,Team Level,5on5,54,0.54,0.52,0.51,158777.0,1336.02,119.66,86.88,338.29,45.45,709.04,521.67,114.35,120.81,115.4,1190.0,631.0,832.0,2653.0,103.0,159.0,15.0,249.0,1.0,550.0,759.0,1087.0,1718.0,176.0,406.0,1164.0,1181.0,205.0,705.0,1347.0,336.0,138.0,37.81,42.39,39.47,47.0,34.0,22.0,2680.74,1821.0,1839.44,358.0,18.09,32.35,32.9,104.86,105.78,103.97,1258.98,101.62,78.94,326.52,43.17,683.13,506.61,97.87,101.25,97.48,1110.0,630.0,718.0,2458.0,92.0,125.0,11.0,250.0,2.0,523.0,748.0,1018.0,1648.0,175.0,401.0,1185.0,1112.0,223.0,710.0,1341.0,301.0,98.0,37.22,37.33,27.07,46.0,36.0,10.0,2432.79,1740.0,1725.29,330.0,16.37,23.79,23.38,94.61,93.93,92.62
NJD,2024,NJD,NJD,Team Level,4on5,54,0.13,0.15,0.16,14660.0,38.04,4.57,2.12,5.5,1.26,12.26,25.3,4.36,4.57,4.36,41.0,10.0,13.0,64.0,4.0,5.0,0.0,2.0,0.0,7.0,33.0,37.0,47.0,3.0,6.0,114.0,34.0,16.0,22.0,31.0,14.0,6.0,1.01,1.83,1.73,2.0,1.0,1.0,64.0,51.0,51.0,16.0,0.48,0.74,0.73,4.32,4.32,4.31,196.57,31.35,18.68,41.87,6.6,110.48,57.02,26.05,31.35,26.05,165.0,101.0,108.0,374.0,23.0,34.0,4.0,28.0,0.0,89.0,92.0,142.0,243.0,8.0,16.0,123.0,20.0,9.0,42.0,181.0,35.0,50.0,4.96,4.35,22.03,6.0,6.0,11.0,374.0,266.0,266.0,2.0,4.95,7.79,7.79,28.51,28.51,25.14
NJD,2024,NJD,NJD,Team Level,5on4,54,0.89,0.88,0.86,14162.0,254.71,40.38,23.97,52.76,8.46,139.24,72.17,36.79,40.38,36.79,253.0,84.0,133.0,470.0,36.0,36.0,6.0,43.0,1.0,128.0,93.0,217.0,301.0,7.0,14.0,144.0,32.0,12.0,63.0,205.0,72.0,60.0,5.89,8.74,25.75,5.0,8.0,23.0,470.0,337.0,337.0,12.0,6.31,9.44,9.44,37.25,37.25,34.61,43.23,4.8,2.4,6.28,1.49,13.07,27.97,4.61,4.8,4.61,44.0,12.0,10.0,66.0,3.0,4.0,0.0,2.0,1.0,8.0,38.0,41.0,53.0,4.0,8.0,116.0,35.0,13.0,33.0,35.0,16.0,5.0,1.18,2.2,1.42,2.0,1.0,0.0,66.0,56.0,56.0,27.0,0.54,0.8,0.8,4.54,4.54,4.52
OTT,2024,OTT,OTT,Team Level,other,53,0.48,0.52,0.51,8853.0,112.45,23.25,8.21,19.9,4.02,65.71,37.92,21.09,23.25,21.09,106.0,53.0,60.0,219.0,26.0,8.0,0.0,21.0,0.0,59.0,45.0,80.0,133.0,3.0,6.0,105.0,26.0,11.0,21.0,84.0,42.0,33.0,3.65,4.97,14.63,8.0,10.0,8.0,219.0,159.0,159.0,9.0,2.42,2.26,2.26,23.4,23.4,21.57,109.08,25.35,7.6,20.77,3.96,59.45,33.88,22.85,25.35,22.85,108.0,43.0,55.0,206.0,17.0,17.0,0.0,17.0,0.0,52.0,48.0,91.0,134.0,3.0,6.0,93.0,25.0,14.0,23.0,82.0,30.0,39.0,3.22,4.09,18.04,3.0,4.0,10.0,206.0,151.0,151.0,11.0,2.28,4.11,4.11,23.52,23.52,21.95
OTT,2024,OTT,OTT,Team Level,all,53,0.49,0.52,0.52,192332.0,1682.22,155.3,111.26,406.05,57.06,924.38,665.95,149.01,156.22,149.9,1582.0,738.0,910.0,3230.0,152.0,150.0,18.0,335.0,4.0,719.0,960.0,1430.0,2168.0,202.0,440.0,1588.0,1356.0,270.0,699.0,1738.0,415.0,167.0,48.5,50.6,56.21,58.0,51.0,43.0,3252.7,2320.0,2332.8,332.0,24.91,28.3,28.3,151.91,152.54,148.52,1544.0,159.62,101.53,375.25,52.2,832.98,600.4,148.17,159.16,147.74,1449.0,673.0,888.0,3010.0,141.0,161.0,22.0,296.0,7.0,641.0,876.0,1308.0,1981.0,222.0,490.0,1444.0,1281.0,247.0,826.0,1553.0,374.0,195.0,43.35,47.55,68.73,44.0,48.0,49.0,2990.45,2122.0,2111.52,396.0,22.86,34.42,34.42,148.06,147.6,140.49
OTT,2024,OTT,OTT,Team Level,5on5,53,0.51,0.51,0.52,153069.0,1296.72,100.23,79.92,330.52,43.92,706.95,526.48,97.15,101.14,98.04,1210.0,578.0,714.0,2502.0,85.0,111.0,13.0,264.0,4.0,544.0,780.0,1125.0,1703.0,181.0,400.0,1169.0,1293.0,222.0,605.0,1400.0,289.0,99.0,37.5,35.7,27.04,39.0,27.0,19.0,2524.7,1788.0,1800.8,303.0,16.52,21.99,22.14,94.61,95.23,93.92,1194.99,96.86,74.52,307.29,40.8,648.64,484.9,93.3,96.39,92.86,1113.0,540.0,731.0,2384.0,96.0,120.0,18.0,232.0,5.0,489.0,711.0,1017.0,1557.0,194.0,438.0,1112.0,1215.0,199.0,722.0,1282.0,268.0,103.0,34.76,34.19,27.91,40.0,34.0,22.0,2364.45,1653.0,1642.52,353.0,15.45,22.95,23.47,88.84,88.37,86.83
OTT,2024,OTT,OTT,Team Level,4on5,53,0.12,0.14,0.17,14193.0,42.93,4.6,1.99,5.95,1.32,12.79,29.34,4.54,4.6,4.54,42.0,14.0,5.0,61.0,7.0,3.0,2.0,1.0,0.0,7.0,38.0,35.0,49.0,9.0,16.0,143.0,24.0,19.0,21.0,32.0,21.0,3.0,0.95,2.81,0.85,3.0,3.0,1.0,61.0,56.0,56.0,17.0,0.46,0.62,0.62,4.44,4.44,4.44,209.21,35.08,18.0,42.33,6.54,115.48,60.56,29.72,35.08,29.72,202.0,76.0,92.0,370.0,27.0,23.0,4.0,45.0,2.0,94.0,87.0,175.0,251.0,18.0,32.0,114.0,15.0,15.0,52.0,158.0,69.0,51.0,4.52,8.34,22.22,0.0,10.0,17.0,370.0,278.0,278.0,7.0,4.8,7.23,6.7,33.18,33.18,29.2
OTT,2024,OTT,OTT,Team Level,5on4,53,0.92,0.9,0.89,16217.0,230.12,27.23,21.13,49.68,7.8,138.94,72.22,26.23,27.23,26.23,224.0,93.0,131.0,448.0,34.0,28.0,3.0,49.0,0.0,109.0,97.0,190.0,283.0,9.0,18.0,171.0,13.0,18.0,52.0,222.0,63.0,32.0,6.41,7.12,13.7,8.0,11.0,15.0,448.0,317.0,317.0,3.0,5.51,3.42,3.27,29.46,29.46,28.59,30.72,2.34,1.42,4.86,0.91,9.41,21.07,2.31,2.34,2.31,26.0,14.0,10.0,50.0,1.0,1.0,0.0,2.0,0.0,6.0,30.0,25.0,39.0,7.0,14.0,125.0,26.0,19.0,29.0,31.0,7.0,2.0,0.87,0.92,0.56,1.0,0.0,0.0,50.0,40.0,40.0,25.0,0.32,0.14,0.14,2.52,2.52,2.51
TOR,2024,TOR,TOR,Team Level,other,52,0.53,0.48,0.49,7830.0,103.58,28.85,7.2,17.58,3.51,52.64,33.22,27.06,28.85,27.06,97.0,46.0,40.0,183.0,25.0,13.0,0.0,15.0,0.0,48.0,42.0,72.0,118.0,2.0,6.0,84.0,10.0,7.0,22.0,64.0,32.0,47.0,2.7,4.16,21.99,4.0,3.0,18.0,183.0,143.0,143.0,11.0,2.03,3.43,3.43,27.46,27.46,26.42,107.9,25.97,8.39,19.15,3.7,59.9,30.88,24.15,25.97,24.15,100.0,48.0,48.0,196.0,31.0,10.0,1.0,19.0,0.0,54.0,34.0,69.0,117.0,3.0,14.0,77.0,14.0,10.0,22.0,82.0,31.0,35.0,3.27,4.11,18.59,7.0,7.0,17.0,196.0,148.0,148.0,7.0,2.4,2.47,2.47,25.9,25.9,24.48
TOR,2024,TOR,TOR,Team Level,all,52,0.5,0.49,0.49,188159.0,1615.62,163.94,109.01,387.3,53.4,872.67,626.67,156.92,163.76,156.73,1493.0,720.0,830.0,3043.0,159.0,151.0,16.0,317.0,4.0,653.0,929.0,1334.0,2054.0,174.0,381.0,1496.0,1258.0,248.0,746.0,1616.0,399.0,198.0,45.78,50.11,68.05,47.0,62.0,50.0,3028.65,2213.0,2206.05,369.0,24.12,31.43,31.43,156.63,156.26,152.47,1637.15,163.89,109.28,399.73,55.32,892.11,641.66,155.9,165.02,156.96,1516.0,746.0,911.0,3173.0,150.0,168.0,19.0,327.0,2.0,726.0,889.0,1366.0,2112.0,168.0,382.0,1352.0,1028.0,254.0,724.0,1689.0,388.0,185.0,45.98,48.99,68.92,55.0,47.0,48.0,3187.66,2262.0,2278.97,333.0,24.36,33.71,33.89,154.36,155.53,150.83
TOR,2024,TOR,TOR,Team Level,5on5,52,0.51,0.49,0.5,153065.0,1277.46,103.8,81.33,322.45,42.33,690.68,509.41,100.31,103.63,100.12,1177.0,573.0,689.0,2439.0,102.0,110.0,8.0,259.0,4.0,507.0,768.0,1075.0,1648.0,164.0,356.0,1161.0,1206.0,222.0,659.0,1342.0,302.0,106.0,36.43,37.81,29.56,36.0,52.0,14.0,2424.65,1750.0,1743.05,328.0,16.86,21.43,21.95,98.71,98.34,96.86,1263.99,100.4,79.35,326.44,42.98,689.02,515.81,97.22,101.53,98.29,1159.0,595.0,750.0,2504.0,88.0,132.0,16.0,256.0,2.0,543.0,733.0,1071.0,1666.0,147.0,329.0,1043.0,977.0,218.0,637.0,1371.0,282.0,101.0,36.22,35.5,28.68,44.0,31.0,13.0,2518.66,1754.0,1770.97,303.0,16.41,23.94,24.43,92.38,93.55,92.36
TOR,2024,TOR,TOR,Team Level,4on5,52,0.06,0.1,0.12,14073.0,29.44,2.23,1.36,4.51,0.91,9.59,21.41,2.19,2.23,2.19,34.0,6.0,5.0,45.0,3.0,0.0,0.0,5.0,0.0,8.0,24.0,31.0,37.0,4.0,11.0,134.0,31.0,13.0,25.0,31.0,6.0,3.0,0.85,0.7,0.68,2.0,0.0,1.0,45.0,40.0,40.0,23.0,0.32,0.0,0.0,2.54,2.54,2.49,222.29,32.95,19.2,47.28,7.17,129.62,65.76,30.14,32.95,30.14,207.0,95.0,111.0,413.0,28.0,22.0,2.0,50.0,0.0,118.0,84.0,179.0,274.0,15.0,33.0,124.0,12.0,11.0,47.0,197.0,63.0,42.0,5.41,7.69,19.86,4.0,7.0,17.0,413.0,302.0,302.0,6.0,5.02,6.25,5.95,32.03,32.03,29.95
TOR,2024,TOR,TOR,Team Level,5on4,52,0.86,0.86,0.83,13191.0,205.15,29.06,19.12,42.77,6.65,119.77,62.63,27.36,29.06,27.36,185.0,95.0,96.0,376.0,29.0,28.0,8.0,38.0,0.0,90.0,95.0,156.0,251.0,4.0,8.0,117.0,11.0,6.0,40.0,179.0,59.0,42.0,5.8,7.45,15.81,5.0,7.0,17.0,376.0,280.0,280.0,7.0,4.92,6.57,6.05,27.93,27.93,26.69,42.97,4.57,2.34,6.86,1.46,13.57,29.21,4.38,4.57,4.38,50.0,8.0,2.0,60.0,3.0,4.0,0.0,2.0,0.0,11.0,38.0,47.0,55.0,3.0,6.0,108.0,25.0,15.0,18.0,39.0,12.0,7.0,1.09,1.69,1.79,0.0,2.0,1.0,60.0,58.0,58.0,17.0,0.53,1.04,1.04,4.06,4.06,4.04
NSH,2024,NSH,NSH,Team Level,other,52,0.59,0.62,0.59,8664.0,143.34,37.57,10.18,25.21,4.91,77.08,43.05,32.79,37.57,32.79,127.0,71.0,89.0,287.0,24.0,18.0,3.0,35.0,2.0,61.0,58.0,103.0,174.0,5.0,10.0,114.0,18.0,10.0,23.0,85.0,53.0,60.0,3.82,6.51,27.24,3.0,5.0,16.0,287.0,198.0,198.0,12.0,3.16,6.11,6.5,34.23,34.23,31.09,94.76,26.04,6.12,16.36,3.12,47.84,35.52,24.55,26.04,24.55,91.0,44.0,39.0,174.0,34.0,3.0,1.0,16.0,2.0,36.0,44.0,57.0,101.0,6.0,12.0,109.0,30.0,8.0,33.0,61.0,33.0,41.0,2.36,4.04,19.63,6.0,5.0,23.0,174.0,135.0,135.0,14.0,1.77,1.01,1.01,26.8,26.8,25.55
NSH,2024,NSH,NSH,Team Level,all,52,0.51,0.52,0.51,188528.0,1678.58,170.92,114.14,401.08,56.71,918.04,651.1,161.54,170.89,161.5,1565.0,747.0,940.0,3252.0,135.0,164.0,14.0,359.0,4.0,722.0,928.0,1430.0,2177.0,196.0,470.0,1560.0,1301.0,249.0,817.0,1674.0,444.0,194.0,47.86,54.81,68.25,42.0,54.0,39.0,3235.14,2312.0,2305.26,363.0,25.73,34.36,34.36,162.29,162.15,156.83,1603.47,163.31,108.23,386.32,53.41,861.33,631.41,154.75,163.66,155.12,1528.0,676.0,782.0,2986.0,169.0,144.0,13.0,301.0,3.0,684.0,903.0,1359.0,2035.0,188.0,463.0,1457.0,1095.0,277.0,833.0,1593.0,436.0,175.0,47.52,52.82,62.97,72.0,47.0,50.0,3001.47,2204.0,2214.01,414.0,24.18,30.76,30.76,156.73,157.24,152.11
NSH,2024,NSH,NSH,Team Level,5on5,52,0.51,0.51,0.5,151653.0,1278.12,107.2,83.41,322.8,43.35,696.9,511.33,103.52,107.18,103.47,1187.0,578.0,743.0,2508.0,78.0,120.0,8.0,275.0,2.0,545.0,745.0,1109.0,1687.0,166.0,407.0,1191.0,1226.0,212.0,722.0,1331.0,331.0,103.0,37.72,41.22,28.26,33.0,37.0,8.0,2491.14,1765.0,1758.26,330.0,17.31,23.87,23.54,100.97,100.83,99.35,1263.66,102.84,81.05,319.99,42.36,683.25,510.52,99.1,103.2,99.47,1202.0,538.0,638.0,2378.0,112.0,118.0,9.0,236.0,0.0,531.0,743.0,1090.0,1628.0,166.0,414.0,1096.0,1012.0,242.0,725.0,1329.0,320.0,91.0,38.92,38.66,25.26,64.0,33.0,15.0,2393.47,1740.0,1750.01,371.0,16.82,22.27,22.81,96.85,97.36,95.8
NSH,2024,NSH,NSH,Team Level,4on5,52,0.09,0.12,0.14,14706.0,35.18,3.01,1.64,4.98,1.04,11.31,25.03,2.91,3.01,2.91,39.0,8.0,4.0,51.0,1.0,1.0,0.0,5.0,0.0,7.0,33.0,38.0,46.0,8.0,16.0,128.0,38.0,18.0,23.0,36.0,7.0,4.0,1.08,0.89,1.03,1.0,0.0,0.0,51.0,47.0,47.0,19.0,0.38,0.29,0.29,3.09,3.09,2.99,207.8,31.27,19.07,44.12,6.73,117.67,60.15,27.97,31.27,27.97,193.0,86.0,95.0,374.0,21.0,23.0,3.0,47.0,1.0,107.0,80.0,172.0,258.0,11.0,22.0,130.0,16.0,18.0,51.0,168.0,69.0,42.0,5.13,8.35,17.79,2.0,7.0,12.0,374.0,279.0,279.0,10.0,5.13,7.47,6.93,29.47,29.47,27.17
NSH,2024,NSH,NSH,Team Level,5on4,52,0.88,0.87,0.86,13505.0,221.93,23.14,18.92,48.09,7.41,132.75,71.69,22.32,23.14,22.32,212.0,90.0,104.0,406.0,32.0,25.0,3.0,44.0,0.0,109.0,92.0,180.0,270.0,17.0,37.0,127.0,19.0,9.0,49.0,222.0,53.0,27.0,5.24,6.18,11.72,5.0,12.0,15.0,406.0,302.0,302.0,2.0,4.88,4.09,4.04,24.0,24.0,23.4,37.26,3.16,2.0,5.84,1.21,12.57,25.21,3.14,3.16,3.14,42.0,8.0,10.0,60.0,2.0,0.0,0.0,2.0,0.0,10.0,36.0,40.0,48.0,5.0,15.0,122.0,37.0,9.0,24.0,35.0,14.0,1.0,1.11,1.76,0.29,0.0,2.0,0.0,60.0,50.0,50.0,19.0,0.46,0.0,0.0,3.61,3.61,3.59
WPG,2024,WPG,WPG,Team Level,other,54,0.51,0.48,0.5,6546.0,86.45,22.45,5.81,15.44,2.86,47.31,28.19,21.42,22.45,21.42,84.0,39.0,35.0,158.0,35.0,5.0,2.0,10.0,0.0,35.0,38.0,49.0,88.0,1.0,2.0,80.0,21.0,4.0,18.0,68.0,24.0,31.0,2.51,2.97,16.97,4.0,8.0,23.0,158.0,123.0,123.0,15.0,1.7,1.34,1.34,22.75,22.75,21.88,89.4,21.66,6.44,16.48,2.95,45.92,28.55,19.88,21.66,19.88,86.0,36.0,49.0,171.0,21.0,13.0,2.0,11.0,0.0,46.0,31.0,65.0,101.0,3.0,6.0,63.0,22.0,9.0,12.0,66.0,22.0,34.0,2.54,2.79,16.32,3.0,2.0,16.0,171.0,122.0,122.0,5.0,1.83,3.86,3.86,19.63,19.63,18.47
WPG,2024,WPG,WPG,Team Level,all,54,0.52,0.49,0.5,195463.0,1676.0,168.63,110.18,408.3,56.17,903.75,660.05,160.21,170.75,162.26,1529.0,779.0,810.0,3118.0,195.0,172.0,23.0,323.0,3.0,718.0,897.0,1334.0,2113.0,159.0,353.0,1474.0,1028.0,291.0,771.0,1681.0,435.0,192.0,46.0,53.55,69.07,64.0,65.0,66.0,3175.64,2308.0,2344.23,375.0,24.36,36.44,36.5,156.42,158.36,154.03,1667.27,155.54,111.07,414.74,56.93,912.87,664.86,148.1,154.9,147.45,1512.0,804.0,932.0,3248.0,131.0,171.0,18.0,340.0,5.0,795.0,874.0,1381.0,2185.0,169.0,365.0,1506.0,1325.0,274.0,785.0,1768.0,378.0,170.0,47.87,47.48,60.2,50.0,31.0,50.0,3199.88,2316.0,2293.45,379.0,24.69,32.83,32.83,147.4,146.65,142.98
WPG,2024,WPG,WPG,Team Level,5on5,54,0.52,0.5,0.5,163218.0,1363.2,112.32,85.12,347.84,45.77,735.13,554.83,107.78,114.43,109.83,1230.0,651.0,699.0,2580.0,115.0,140.0,17.0,281.0,3.0,585.0,757.0,1115.0,1766.0,146.0,327.0,1176.0,977.0,253.0,691.0,1437.0,330.0,114.0,38.35,40.35,33.61,51.0,45.0,19.0,2637.64,1881.0,1917.23,334.0,17.66,28.95,29.01,100.95,102.89,101.0,1328.59,103.2,83.87,343.71,45.39,734.08,545.75,99.37,102.56,98.71,1200.0,656.0,764.0,2620.0,81.0,124.0,15.0,291.0,5.0,648.0,707.0,1119.0,1775.0,150.0,327.0,1189.0,1251.0,241.0,713.0,1461.0,304.0,91.0,39.63,38.36,25.21,39.0,26.0,16.0,2571.88,1856.0,1833.45,353.0,17.35,23.98,23.98,96.57,95.81,94.15
WPG,2024,WPG,WPG,Team Level,4on5,54,0.11,0.09,0.11,12970.0,28.39,3.35,1.53,3.63,0.87,8.37,18.25,3.29,3.35,3.29,27.0,9.0,2.0,38.0,1.0,1.0,0.0,1.0,0.0,8.0,25.0,26.0,35.0,6.0,12.0,105.0,24.0,21.0,24.0,19.0,12.0,5.0,0.46,1.64,1.25,0.0,1.0,0.0,38.0,36.0,36.0,22.0,0.35,0.15,0.15,3.55,3.55,3.51,210.95,27.44,18.83,48.11,7.28,120.38,63.96,25.75,27.44,25.75,184.0,102.0,113.0,399.0,27.0,30.0,0.0,34.0,0.0,95.0,100.0,157.0,259.0,13.0,26.0,148.0,16.0,8.0,34.0,202.0,43.0,41.0,4.74,5.13,17.58,7.0,3.0,17.0,399.0,286.0,286.0,0.0,5.05,4.41,4.41,28.09,28.09,27.37
WPG,2024,WPG,WPG,Team Level,5on4,54,0.9,0.85,0.84,12729.0,197.95,30.5,17.72,41.39,6.67,112.95,58.79,27.72,30.5,27.72,188.0,80.0,74.0,342.0,44.0,26.0,4.0,31.0,0.0,90.0,77.0,144.0,224.0,6.0,12.0,113.0,6.0,13.0,38.0,157.0,69.0,42.0,4.68,8.58,17.24,9.0,11.0,24.0,342.0,268.0,268.0,4.0,4.65,6.0,6.0,29.16,29.16,27.64,38.32,3.23,1.93,6.44,1.31,12.49,26.6,3.1,3.23,3.1,42.0,10.0,6.0,58.0,2.0,4.0,1.0,4.0,0.0,6.0,36.0,40.0,50.0,3.0,6.0,106.0,36.0,16.0,26.0,39.0,9.0,4.0,0.96,1.2,1.08,1.0,0.0,1.0,58.0,52.0,52.0,21.0,0.45,0.57,0.57,3.11,3.11,2.99
EDM,2024,EDM,EDM,Team Level,other,52,0.55,0.51,0.52,6904.0,104.52,23.72,7.17,18.92,3.45,50.87,34.87,21.85,23.72,21.85,94.0,45.0,44.0,183.0,23.0,14.0,3.0,9.0,0.0,49.0,44.0,71.0,116.0,3.0,6.0,77.0,13.0,7.0,23.0,65.0,36.0,38.0,2.84,4.66,16.22,4.0,7.0,12.0,183.0,139.0,139.0,7.0,2.03,4.54,4.54,21.21,21.21,20.35,91.16,19.28,6.42,17.77,3.22,51.55,30.76,17.8,19.28,17.8,82.0,47.0,46.0,175.0,11.0,7.0,0.0,11.0,2.0,63.0,35.0,71.0,118.0,2.0,4.0,69.0,15.0,11.0,21.0,75.0,26.0,28.0,2.81,3.06,13.41,4.0,1.0,6.0,175.0,129.0,129.0,10.0,1.85,1.2,1.2,19.94,19.94,18.59
EDM,2024,EDM,EDM,Team Level,all,52,0.56,0.54,0.54,188531.0,1768.19,178.87,117.86,425.16,59.01,936.12,691.98,169.41,179.02,169.55,1692.0,717.0,908.0,3317.0,171.0,200.0,25.0,346.0,2.0,766.0,924.0,1521.0,2238.0,149.0,343.0,1485.0,691.0,277.0,786.0,1743.0,473.0,193.0,51.38,58.94,68.57,63.0,62.0,46.0,3329.36,2409.0,2419.02,322.0,25.94,44.77,44.77,160.04,160.26,156.33,1477.36,140.75,93.82,363.74,49.71,793.69,579.29,134.64,141.3,135.15,1385.0,636.0,792.0,2813.0,141.0,140.0,17.0,286.0,6.0,629.0,819.0,1244.0,1880.0,161.0,368.0,1359.0,1112.0,253.0,766.0,1525.0,334.0,162.0,43.09,41.19,56.48,60.0,45.0,36.0,2801.58,2021.0,2020.87,352.0,20.67,29.76,29.76,131.66,131.76,127.78
EDM,2024,EDM,EDM,Team Level,5on5,52,0.55,0.54,0.55,157915.0,1434.67,122.66,91.38,358.61,47.89,765.82,578.65,117.61,122.81,117.74,1371.0,594.0,767.0,2732.0,116.0,151.0,17.0,305.0,2.0,613.0,778.0,1255.0,1849.0,134.0,310.0,1185.0,651.0,245.0,701.0,1486.0,360.0,119.0,43.31,44.98,34.37,54.0,48.0,14.0,2744.36,1965.0,1975.02,297.0,18.9,32.1,32.23,109.33,109.55,107.75,1197.95,99.59,73.19,306.67,40.11,639.36,476.08,96.04,100.14,96.55,1124.0,511.0,664.0,2299.0,100.0,120.0,16.0,243.0,4.0,484.0,684.0,1024.0,1535.0,151.0,345.0,1103.0,1066.0,221.0,684.0,1258.0,270.0,107.0,35.36,33.59,30.65,51.0,33.0,16.0,2287.58,1635.0,1634.87,319.0,15.13,26.31,26.34,88.38,88.47,86.87
EDM,2024,EDM,EDM,Team Level,4on5,52,0.13,0.14,0.17,11229.0,31.55,2.78,1.48,4.8,0.99,9.86,22.08,2.75,2.78,2.75,32.0,10.0,6.0,48.0,2.0,2.0,0.0,1.0,0.0,11.0,26.0,30.0,40.0,4.0,8.0,100.0,19.0,15.0,16.0,26.0,15.0,1.0,0.66,1.88,0.25,1.0,1.0,0.0,48.0,42.0,42.0,11.0,0.34,0.27,0.27,2.85,2.85,2.84,153.67,18.46,12.54,34.1,5.19,91.8,48.91,17.46,18.46,17.46,150.0,61.0,78.0,289.0,28.0,10.0,1.0,32.0,0.0,75.0,66.0,122.0,183.0,3.0,6.0,92.0,10.0,10.0,40.0,160.0,28.0,23.0,4.0,3.15,11.32,4.0,10.0,14.0,289.0,211.0,211.0,7.0,3.3,1.54,1.51,20.25,20.25,19.25
EDM,2024,EDM,EDM,Team Level,5on4,52,0.9,0.88,0.85,12483.0,197.46,29.71,17.83,42.83,6.67,109.57,56.37,27.2,29.71,27.2,195.0,68.0,91.0,354.0,30.0,33.0,5.0,31.0,0.0,93.0,76.0,165.0,233.0,8.0,19.0,123.0,8.0,10.0,46.0,166.0,62.0,35.0,4.57,7.41,17.73,4.0,6.0,20.0,354.0,263.0,263.0,7.0,4.67,7.86,7.73,26.66,26.66,25.39,34.58,3.42,1.67,5.18,1.19,10.99,23.54,3.33,3.42,3.33,29.0,17.0,4.0,50.0,2.0,3.0,0.0,0.0,0.0,7.0,34.0,27.0,44.0,5.0,13.0,95.0,21.0,11.0,21.0,32.0,10.0,4.0,0.92,1.4,1.1,1.0,1.0,0.0,50.0,46.0,46.0,16.0,0.39,0.71,0.71,3.1,3.1,3.06
SEA,2024,SEA,SEA,Team Level,other,54,0.46,0.55,0.54,9017.0,115.11,26.06,8.69,20.55,4.13,67.56,37.02,23.55,26.06,23.55,102.0,62.0,60.0,224.0,28.0,10.0,2.0,17.0,2.0,61.0,46.0,74.0,136.0,6.0,12.0,77.0,11.0,11.0,25.0,80.0,48.0,36.0,3.12,6.02,16.91,5.0,9.0,14.0,224.0,164.0,164.0,10.0,2.51,2.76,2.76,25.8,25.8,23.47,95.37,31.13,6.4,15.19,3.41,52.45,30.42,27.51,31.13,27.51,79.0,60.0,48.0,187.0,23.0,5.0,1.0,15.0,0.0,59.0,37.0,56.0,116.0,5.0,10.0,97.0,16.0,10.0,22.0,65.0,18.0,56.0,2.42,2.07,26.64,3.0,2.0,18.0,187.0,139.0,139.0,10.0,1.94,1.36,1.36,31.7,31.7,28.13
SEA,2024,SEA,SEA,Team Level,all,54,0.47,0.48,0.48,195598.0,1625.1,155.63,106.3,395.22,55.06,904.35,653.42,148.04,154.74,147.21,1448.0,822.0,858.0,3128.0,160.0,142.0,17.0,298.0,4.0,773.0,893.0,1288.0,2110.0,148.0,327.0,1492.0,1157.0,268.0,762.0,1719.0,400.0,151.0,47.28,51.29,57.06,60.0,58.0,42.0,3090.99,2270.0,2250.49,358.0,23.52,31.24,31.24,147.91,146.99,142.55,1773.64,176.91,119.15,432.2,60.68,979.38,698.68,167.64,178.98,169.65,1555.0,912.0,972.0,3439.0,171.0,179.0,20.0,388.0,3.0,855.0,871.0,1384.0,2296.0,175.0,377.0,1555.0,1108.0,241.0,749.0,1851.0,400.0,216.0,52.3,49.97,74.64,64.0,60.0,47.0,3494.69,2467.0,2504.18,354.0,26.35,35.03,35.03,168.23,169.98,163.34
SEA,2024,SEA,SEA,Team Level,5on5,54,0.45,0.47,0.48,160348.0,1286.9,97.3,79.31,328.24,43.71,712.05,536.39,94.48,96.41,93.65,1137.0,660.0,704.0,2501.0,108.0,111.0,12.0,244.0,2.0,599.0,733.0,1029.0,1689.0,135.0,301.0,1175.0,1109.0,230.0,681.0,1429.0,294.0,74.0,38.32,37.9,21.09,52.0,43.0,13.0,2463.99,1797.0,1777.49,325.0,16.36,21.17,21.39,92.28,91.36,89.96,1414.54,117.15,90.34,362.1,48.32,775.28,571.8,112.93,119.22,114.94,1238.0,727.0,804.0,2769.0,121.0,151.0,17.0,321.0,3.0,661.0,708.0,1117.0,1844.0,154.0,333.0,1219.0,1054.0,207.0,686.0,1522.0,324.0,119.0,42.73,40.66,33.76,55.0,52.0,14.0,2824.69,1965.0,2002.18,331.0,18.71,29.62,29.63,106.23,107.98,106.13
SEA,2024,SEA,SEA,Team Level,4on5,54,0.14,0.1,0.11,11620.0,30.76,3.96,1.74,4.94,1.0,8.92,18.44,3.76,3.96,3.76,31.0,8.0,7.0,46.0,1.0,4.0,0.0,0.0,0.0,10.0,24.0,30.0,38.0,1.0,2.0,117.0,32.0,13.0,21.0,24.0,7.0,8.0,0.62,1.1,2.24,1.0,0.0,0.0,46.0,39.0,39.0,19.0,0.4,0.96,0.96,3.41,3.41,3.36,224.09,25.08,20.46,49.12,7.71,139.4,69.23,23.65,25.08,23.65,199.0,112.0,113.0,424.0,26.0,21.0,2.0,48.0,0.0,128.0,88.0,173.0,285.0,9.0,20.0,115.0,8.0,4.0,25.0,229.0,46.0,36.0,6.3,5.66,13.12,6.0,6.0,14.0,424.0,311.0,311.0,3.0,5.25,4.03,4.03,26.3,26.3,25.1
SEA,2024,SEA,SEA,Team Level,5on4,54,0.89,0.86,0.84,14613.0,192.33,28.31,16.57,41.5,6.23,115.81,61.57,26.25,28.31,26.25,178.0,92.0,87.0,357.0,23.0,17.0,3.0,37.0,0.0,103.0,90.0,155.0,247.0,6.0,12.0,123.0,5.0,14.0,35.0,186.0,51.0,33.0,5.22,6.28,16.82,2.0,6.0,15.0,357.0,270.0,270.0,4.0,4.24,6.36,6.14,26.41,26.41,25.76,39.64,3.56,1.94,5.8,1.23,12.25,27.23,3.55,3.56,3.55,39.0,13.0,7.0,59.0,1.0,2.0,0.0,4.0,0.0,7.0,38.0,38.0,51.0,7.0,14.0,124.0,30.0,20.0,16.0,35.0,12.0,5.0,0.85,1.58,1.13,0.0,0.0,1.0,59.0,52.0,52.0,10.0,0.45,0.02,0.01,4.0,4.0,3.98
MIN,2024,MIN,MIN,Team Level,other,53,0.5,0.41,0.42,6696.0,76.41,22.25,4.8,12.24,2.68,39.82,26.22,21.24,22.25,21.24,72.0,36.0,32.0,140.0,26.0,4.0,0.0,5.0,0.0,35.0,38.0,46.0,82.0,2.0,4.0,73.0,10.0,8.0,19.0,55.0,15.0,38.0,2.1,1.76,18.38,3.0,2.0,21.0,140.0,108.0,108.0,7.0,1.38,1.14,1.14,22.49,22.49,21.84,108.9,22.17,7.98,19.63,3.68,59.84,34.69,19.11,22.17,19.11,103.0,45.0,56.0,204.0,18.0,14.0,2.0,14.0,0.0,46.0,56.0,85.0,130.0,4.0,10.0,69.0,16.0,7.0,19.0,72.0,41.0,35.0,2.98,5.36,13.84,4.0,3.0,11.0,204.0,148.0,148.0,9.0,2.25,4.26,4.26,20.17,20.17,18.23
MIN,2024,MIN,MIN,Team Level,all,53,0.49,0.47,0.48,192666.0,1550.76,148.3,102.62,372.97,52.19,849.94,621.99,141.89,150.0,143.5,1462.0,686.0,792.0,2940.0,153.0,159.0,15.0,255.0,2.0,670.0,909.0,1309.0,1995.0,170.0,403.0,1362.0,1017.0,271.0,792.0,1623.0,370.0,155.0,44.86,45.79,57.64,59.0,47.0,47.0,2973.75,2148.0,2175.49,382.0,22.67,31.69,31.69,139.29,140.69,137.63,1695.32,153.68,111.38,409.43,56.59,944.83,671.15,145.88,153.67,145.87,1581.0,767.0,913.0,3261.0,150.0,141.0,20.0,327.0,3.0,717.0,1010.0,1431.0,2198.0,169.0,399.0,1525.0,1037.0,235.0,765.0,1783.0,401.0,164.0,49.46,48.76,55.46,46.0,51.0,53.0,3244.95,2348.0,2339.12,338.0,24.61,31.25,31.25,146.98,146.89,142.55
MIN,2024,MIN,MIN,Team Level,5on5,53,0.49,0.47,0.48,160583.0,1233.49,97.09,77.06,309.72,41.5,674.09,510.54,93.44,98.79,95.05,1156.0,554.0,667.0,2377.0,101.0,121.0,13.0,218.0,1.0,524.0,745.0,1055.0,1609.0,158.0,377.0,1093.0,967.0,234.0,716.0,1327.0,305.0,78.0,36.75,37.52,22.82,52.0,38.0,11.0,2410.75,1710.0,1737.49,358.0,15.93,24.27,24.72,88.3,89.71,88.53,1339.39,99.62,84.2,338.69,44.59,748.27,546.69,96.2,99.62,96.19,1236.0,627.0,765.0,2628.0,90.0,105.0,14.0,273.0,2.0,565.0,828.0,1146.0,1773.0,151.0,361.0,1195.0,975.0,204.0,694.0,1484.0,290.0,89.0,39.68,35.12,24.82,33.0,37.0,20.0,2611.95,1863.0,1854.12,310.0,17.3,21.67,21.72,95.14,95.05,93.7
MIN,2024,MIN,MIN,Team Level,4on5,53,0.07,0.09,0.1,12256.0,25.31,2.22,1.24,4.48,0.83,7.94,17.29,2.15,2.22,2.15,28.0,6.0,4.0,38.0,2.0,1.0,0.0,2.0,0.0,3.0,26.0,26.0,32.0,6.0,14.0,88.0,25.0,13.0,16.0,28.0,3.0,3.0,0.77,0.51,0.94,0.0,0.0,2.0,38.0,34.0,34.0,11.0,0.3,0.18,0.18,2.34,2.34,2.31,212.87,29.13,17.61,46.28,7.26,125.97,64.75,27.93,29.13,27.93,205.0,86.0,87.0,378.0,38.0,22.0,4.0,37.0,1.0,99.0,94.0,167.0,253.0,9.0,18.0,141.0,9.0,10.0,32.0,191.0,64.0,36.0,5.78,7.53,15.83,8.0,8.0,22.0,378.0,291.0,291.0,3.0,4.69,5.33,5.27,28.55,28.55,27.62
MIN,2024,MIN,MIN,Team Level,5on4,53,0.91,0.88,0.87,13131.0,215.56,26.74,19.52,46.53,7.19,128.08,67.94,25.07,26.74,25.07,206.0,90.0,89.0,385.0,24.0,33.0,2.0,30.0,1.0,108.0,100.0,182.0,272.0,4.0,8.0,108.0,15.0,16.0,41.0,213.0,47.0,36.0,5.24,5.99,15.51,4.0,7.0,13.0,385.0,296.0,296.0,6.0,5.08,6.1,5.66,26.16,26.16,24.95,34.16,2.75,1.59,4.83,1.06,10.76,25.01,2.64,2.75,2.64,37.0,9.0,5.0,51.0,4.0,0.0,0.0,3.0,0.0,7.0,32.0,33.0,42.0,5.0,10.0,120.0,37.0,14.0,20.0,36.0,6.0,4.0,1.02,0.75,0.98,1.0,3.0,0.0,51.0,46.0,46.0,16.0,0.38,0.0,0.0,3.12,3.12,3.0
STL,2024,STL,STL,Team Level,other,53,0.54,0.56,0.53,7223.0,83.26,18.52,6.04,16.05,2.85,44.21,25.32,17.25,18.52,17.25,80.0,33.0,65.0,178.0,22.0,15.0,8.0,7.0,3.0,36.0,30.0,58.0,91.0,2.0,4.0,97.0,21.0,9.0,18.0,62.0,21.0,30.0,2.51,2.75,13.27,7.0,3.0,12.0,178.0,113.0,113.0,6.0,1.74,5.37,5.37,14.9,14.9,14.44,71.48,15.67,4.77,11.75,2.26,39.71,25.84,15.16,15.67,15.16,66.0,34.0,38.0,138.0,20.0,3.0,1.0,10.0,1.0,31.0,35.0,46.0,80.0,2.0,4.0,73.0,19.0,13.0,19.0,50.0,29.0,21.0,1.97,3.48,10.22,2.0,7.0,11.0,138.0,100.0,100.0,6.0,1.33,0.86,0.86,16.14,16.14,15.61
STL,2024,STL,STL,Team Level,all,53,0.48,0.49,0.48,192542.0,1512.04,143.36,100.38,366.35,49.63,821.32,592.97,137.89,143.95,138.44,1421.0,653.0,883.0,2957.0,142.0,136.0,21.0,309.0,6.0,620.0,861.0,1279.0,1932.0,172.0,388.0,1487.0,1273.0,231.0,839.0,1565.0,349.0,160.0,44.78,43.49,55.1,62.0,37.0,43.0,2951.42,2074.0,2072.62,386.0,22.22,31.25,31.25,134.33,134.79,132.17,1607.31,153.35,105.68,392.13,54.03,874.41,634.39,145.18,154.12,145.93,1508.0,706.0,878.0,3092.0,160.0,147.0,16.0,342.0,2.0,693.0,870.0,1348.0,2054.0,159.0,365.0,1471.0,1058.0,269.0,754.0,1654.0,389.0,171.0,46.51,47.53,59.31,56.0,59.0,45.0,3107.92,2214.0,2231.19,339.0,23.22,30.91,30.91,145.65,146.44,142.25
STL,2024,STL,STL,Team Level,5on5,53,0.49,0.49,0.48,161060.0,1221.23,100.89,77.01,307.08,39.62,661.55,489.86,97.86,101.48,98.42,1155.0,521.0,731.0,2407.0,100.0,97.0,11.0,268.0,1.0,497.0,713.0,1055.0,1576.0,161.0,363.0,1172.0,1210.0,205.0,770.0,1288.0,284.0,104.0,36.61,35.68,28.61,53.0,32.0,15.0,2401.42,1676.0,1674.62,361.0,15.91,21.93,22.18,94.63,95.08,93.9,1306.45,104.45,81.82,333.51,44.07,710.42,524.72,100.79,105.23,101.54,1223.0,576.0,748.0,2547.0,101.0,117.0,11.0,299.0,1.0,560.0,721.0,1122.0,1698.0,149.0,342.0,1195.0,989.0,229.0,686.0,1401.0,291.0,107.0,38.78,35.85,29.82,45.0,43.0,13.0,2562.92,1799.0,1816.19,321.0,17.0,22.77,22.78,98.67,99.46,97.84
STL,2024,STL,STL,Team Level,4on5,53,0.05,0.11,0.13,12476.0,29.02,1.66,1.3,4.13,0.88,9.57,22.46,1.64,1.66,1.64,32.0,8.0,4.0,44.0,1.0,0.0,0.0,2.0,0.0,3.0,34.0,31.0,39.0,2.0,4.0,112.0,23.0,11.0,19.0,35.0,5.0,0.0,1.09,0.57,0.0,1.0,0.0,0.0,44.0,40.0,40.0,15.0,0.3,0.0,0.0,1.96,1.96,1.93,196.46,31.05,17.57,41.53,6.61,113.44,59.8,27.09,31.05,27.09,184.0,86.0,85.0,355.0,35.0,26.0,4.0,31.0,0.0,97.0,81.0,149.0,235.0,5.0,10.0,104.0,11.0,15.0,34.0,165.0,65.0,40.0,4.8,7.68,18.57,7.0,8.0,20.0,355.0,270.0,270.0,4.0,4.54,7.12,7.12,28.47,28.47,26.46
STL,2024,STL,STL,Team Level,5on4,53,0.91,0.86,0.84,11783.0,178.52,22.28,16.03,39.09,6.28,105.98,55.33,21.13,22.28,21.13,154.0,91.0,83.0,328.0,19.0,24.0,2.0,32.0,2.0,84.0,84.0,135.0,226.0,7.0,17.0,106.0,19.0,6.0,32.0,180.0,39.0,26.0,4.56,4.5,13.22,1.0,2.0,16.0,328.0,245.0,245.0,4.0,4.28,3.96,3.71,22.86,22.86,21.9,32.92,2.18,1.52,5.33,1.09,10.84,24.04,2.14,2.18,2.14,35.0,10.0,7.0,52.0,4.0,1.0,0.0,2.0,0.0,5.0,33.0,31.0,41.0,3.0,9.0,99.0,39.0,12.0,15.0,38.0,4.0,3.0,0.96,0.52,0.7,2.0,1.0,1.0,52.0,45.0,45.0,8.0,0.35,0.16,0.16,2.37,2.37,2.33
FLA,2024,FLA,FLA,Team Level,other,54,0.49,0.54,0.52,8621.0,127.99,26.43,9.42,25.68,4.81,67.53,44.14,22.92,26.43,22.92,117.0,61.0,66.0,244.0,21.0,22.0,2.0,20.0,1.0,57.0,57.0,96.0,157.0,8.0,16.0,101.0,29.0,11.0,23.0,90.0,43.0,45.0,3.4,4.82,18.22,3.0,3.0,15.0,244.0,178.0,178.0,11.0,2.69,5.87,5.97,23.15,23.15,21.0,122.16,27.13,8.25,23.25,4.01,63.12,39.24,26.0,27.13,26.0,119.0,46.0,46.0,211.0,24.0,10.0,0.0,14.0,1.0,60.0,56.0,95.0,141.0,6.0,12.0,98.0,26.0,10.0,29.0,100.0,28.0,37.0,3.64,3.57,19.92,3.0,2.0,19.0,211.0,165.0,165.0,13.0,2.39,2.2,2.2,27.32,27.32,26.39
FLA,2024,FLA,FLA,Team Level,all,54,0.54,0.55,0.54,196684.0,1845.84,185.61,124.88,457.93,63.22,1010.08,716.28,173.57,186.26,174.21,1704.0,854.0,1003.0,3561.0,177.0,214.0,27.0,402.0,3.0,892.0,870.0,1527.0,2381.0,214.0,465.0,1609.0,1526.0,273.0,746.0,1882.0,456.0,220.0,53.38,55.27,76.96,64.0,60.0,53.0,3591.29,2558.0,2572.67,325.0,27.88,47.71,47.71,165.78,166.44,159.67,1597.77,159.14,106.43,390.48,53.69,859.65,618.61,152.13,158.78,151.82,1478.0,710.0,739.0,2927.0,156.0,162.0,16.0,327.0,5.0,707.0,831.0,1322.0,2032.0,212.0,461.0,1662.0,1219.0,248.0,775.0,1635.0,373.0,180.0,44.86,46.13,68.14,50.0,55.0,51.0,2919.72,2188.0,2182.4,393.0,24.04,34.22,34.22,148.96,148.8,145.0
FLA,2024,FLA,FLA,Team Level,5on5,54,0.54,0.55,0.54,158624.0,1421.22,116.07,90.23,371.0,48.46,781.95,566.29,110.92,116.72,111.55,1310.0,664.0,793.0,2767.0,110.0,152.0,17.0,325.0,1.0,698.0,688.0,1200.0,1864.0,194.0,425.0,1247.0,1423.0,233.0,661.0,1538.0,317.0,119.0,42.7,39.07,34.3,55.0,40.0,15.0,2797.29,1974.0,1988.67,289.0,18.65,30.6,31.18,103.54,104.2,102.14,1223.98,98.24,76.79,314.32,41.11,660.22,493.33,94.69,97.88,94.38,1126.0,558.0,595.0,2279.0,100.0,119.0,12.0,274.0,2.0,536.0,653.0,1026.0,1584.0,187.0,411.0,1271.0,1127.0,201.0,674.0,1304.0,282.0,98.0,35.59,34.74,27.92,44.0,42.0,14.0,2271.72,1684.0,1678.4,353.0,15.95,24.52,24.52,89.67,89.5,88.06
FLA,2024,FLA,FLA,Team Level,4on5,54,0.11,0.15,0.17,14945.0,42.47,3.99,2.23,7.0,1.52,14.84,30.42,3.88,3.99,3.88,48.0,12.0,10.0,70.0,10.0,5.0,3.0,5.0,0.0,8.0,32.0,38.0,50.0,4.0,8.0,112.0,47.0,18.0,31.0,46.0,11.0,3.0,1.5,1.44,1.05,3.0,5.0,2.0,70.0,60.0,60.0,24.0,0.51,1.12,1.12,3.37,3.37,3.33,222.06,30.81,20.04,48.06,7.53,127.36,66.2,29.16,30.81,29.16,200.0,100.0,94.0,394.0,29.0,29.0,4.0,38.0,2.0,101.0,101.0,171.0,271.0,11.0,22.0,156.0,23.0,17.0,48.0,205.0,54.0,41.0,5.1,6.75,18.97,2.0,9.0,18.0,394.0,300.0,300.0,9.0,5.39,6.25,6.25,29.94,29.94,28.68
FLA,2024,FLA,FLA,Team Level,5on4,54,0.93,0.92,0.9,14494.0,254.14,39.13,23.01,54.25,8.44,145.75,75.43,35.86,39.13,35.86,229.0,117.0,134.0,480.0,36.0,35.0,5.0,52.0,1.0,129.0,93.0,193.0,310.0,8.0,16.0,149.0,27.0,11.0,31.0,208.0,85.0,53.0,5.79,9.94,23.4,3.0,12.0,21.0,480.0,346.0,346.0,1.0,6.02,10.12,9.43,35.71,35.71,33.21,29.59,2.95,1.36,4.86,1.04,8.96,19.83,2.28,2.95,2.28,33.0,6.0,4.0,43.0,3.0,4.0,0.0,1.0,0.0,10.0,21.0,30.0,36.0,8.0,16.0,137.0,43.0,20.0,24.0,26.0,9.0,4.0,0.54,1.07,1.34,1.0,2.0,0.0,43.0,39.0,39.0,18.0,0.31,1.25,1.25,2.02,2.02,1.86
UTA,2024,UTA,UTA,Team Level,other,52,0.43,0.46,0.45,7047.0,88.06,19.4,5.82,16.44,2.98,44.92,29.44,18.64,19.4,18.64,79.0,40.0,49.0,168.0,16.0,8.0,1.0,10.0,0.0,40.0,45.0,63.0,103.0,1.0,2.0,92.0,12.0,11.0,18.0,51.0,38.0,30.0,2.27,4.57,12.56,1.0,6.0,9.0,168.0,119.0,119.0,8.0,1.68,2.48,2.48,18.6,18.6,18.26,107.66,26.15,6.77,19.65,3.47,52.33,35.64,24.44,26.15,24.44,95.0,49.0,52.0,196.0,28.0,7.0,2.0,14.0,2.0,45.0,48.0,67.0,116.0,3.0,6.0,85.0,21.0,9.0,17.0,70.0,39.0,35.0,2.71,4.78,18.66,3.0,8.0,17.0,196.0,144.0,144.0,6.0,1.97,2.49,2.49,25.63,25.63,24.06
UTA,2024,UTA,UTA,Team Level,all,52,0.5,0.5,0.51,189739.0,1626.72,159.49,102.49,394.77,54.59,878.41,635.29,152.56,160.29,153.34,1430.0,796.0,901.0,3127.0,144.0,156.0,18.0,275.0,6.0,750.0,895.0,1286.0,2082.0,193.0,459.0,1542.0,870.0,262.0,890.0,1613.0,435.0,178.0,46.78,52.09,60.64,43.0,56.0,45.0,3150.44,2226.0,2243.21,421.0,22.43,33.07,33.07,148.8,149.66,146.5,1592.42,159.36,102.87,387.15,53.16,839.25,617.21,153.24,159.65,153.54,1471.0,688.0,914.0,3073.0,153.0,137.0,23.0,300.0,5.0,765.0,799.0,1318.0,2006.0,179.0,407.0,1477.0,1253.0,311.0,732.0,1556.0,441.0,162.0,46.28,54.09,59.0,53.0,48.0,52.0,3067.11,2159.0,2159.76,339.0,22.99,29.47,29.51,152.83,153.23,148.93
UTA,2024,UTA,UTA,Team Level,5on5,52,0.52,0.52,0.53,153407.0,1324.47,109.57,80.45,337.01,44.81,715.48,526.74,104.78,110.36,105.56,1157.0,658.0,757.0,2572.0,97.0,136.0,16.0,232.0,6.0,606.0,738.0,1060.0,1718.0,170.0,411.0,1173.0,821.0,220.0,800.0,1382.0,323.0,110.0,39.8,38.98,30.79,36.0,43.0,18.0,2595.44,1815.0,1832.21,380.0,16.64,26.79,26.82,99.32,100.17,98.51,1207.59,102.2,73.0,308.36,40.51,634.49,483.44,99.33,102.5,99.64,1116.0,526.0,709.0,2351.0,96.0,107.0,15.0,237.0,2.0,571.0,629.0,1020.0,1546.0,165.0,379.0,1151.0,1181.0,254.0,639.0,1231.0,314.0,97.0,36.15,39.03,27.03,44.0,34.0,18.0,2345.11,1642.0,1642.76,311.0,15.18,22.28,22.32,95.06,95.45,93.99
UTA,2024,UTA,UTA,Team Level,4on5,52,0.09,0.09,0.1,15562.0,29.65,2.7,1.36,4.7,1.04,9.26,19.96,2.62,2.7,2.62,29.0,10.0,9.0,48.0,2.0,1.0,0.0,0.0,0.0,4.0,32.0,27.0,37.0,11.0,24.0,149.0,27.0,17.0,31.0,26.0,8.0,5.0,0.56,0.95,1.19,1.0,1.0,0.0,48.0,39.0,39.0,27.0,0.32,0.18,0.18,2.83,2.83,2.74,247.09,28.06,21.77,54.48,8.24,143.13,77.33,26.56,28.06,26.56,224.0,109.0,144.0,477.0,26.0,22.0,5.0,48.0,1.0,140.0,96.0,198.0,307.0,8.0,16.0,126.0,18.0,27.0,55.0,228.0,78.0,27.0,6.48,9.02,12.56,4.0,5.0,17.0,477.0,333.0,333.0,4.0,5.55,4.57,4.57,29.04,29.04,27.79
UTA,2024,UTA,UTA,Team Level,5on4,52,0.9,0.87,0.86,13723.0,184.55,27.83,14.86,36.63,5.77,108.76,59.16,26.52,27.83,26.52,165.0,88.0,86.0,339.0,29.0,11.0,1.0,33.0,0.0,100.0,80.0,136.0,224.0,11.0,22.0,128.0,10.0,14.0,41.0,154.0,66.0,33.0,4.15,7.58,16.11,5.0,6.0,18.0,339.0,253.0,253.0,6.0,3.8,3.61,3.58,28.06,28.06,26.98,30.06,2.94,1.33,4.66,0.95,9.31,20.8,2.9,2.94,2.9,36.0,4.0,9.0,49.0,3.0,1.0,1.0,1.0,0.0,9.0,26.0,33.0,37.0,3.0,6.0,115.0,33.0,21.0,21.0,27.0,10.0,3.0,0.95,1.25,0.74,2.0,1.0,0.0,49.0,40.0,40.0,18.0,0.3,0.13,0.13,3.11,3.11,3.09
DET,2024,DET,DET,Team Level,other,53,0.54,0.45,0.47,6222.0,85.97,28.31,5.72,13.55,2.71,39.82,24.89,25.46,28.31,25.46,81.0,34.0,31.0,146.0,24.0,8.0,1.0,16.0,1.0,38.0,28.0,57.0,91.0,1.0,2.0,84.0,17.0,11.0,22.0,47.0,27.0,41.0,1.79,3.52,22.99,2.0,4.0,18.0,146.0,115.0,115.0,6.0,1.73,2.52,2.52,27.53,27.53,25.07,97.89,24.11,6.91,17.95,3.38,52.03,27.63,22.27,24.11,22.27,90.0,42.0,49.0,181.0,18.0,12.0,0.0,20.0,0.0,49.0,33.0,72.0,114.0,5.0,10.0,83.0,18.0,14.0,18.0,60.0,37.0,35.0,2.29,4.3,17.51,4.0,2.0,12.0,181.0,132.0,132.0,8.0,2.04,4.08,4.19,21.97,21.97,20.75
DET,2024,DET,DET,Team Level,all,53,0.48,0.48,0.47,192817.0,1536.47,160.47,102.8,367.02,50.83,826.55,591.34,152.36,159.99,151.87,1401.0,698.0,878.0,2977.0,150.0,133.0,14.0,283.0,6.0,670.0,857.0,1251.0,1949.0,147.0,310.0,1527.0,922.0,243.0,820.0,1519.0,406.0,174.0,44.07,50.16,66.25,46.0,51.0,53.0,2954.94,2099.0,2090.37,419.0,22.96,29.87,29.87,153.57,153.09,147.87,1703.67,172.26,114.16,415.75,57.76,925.14,657.93,162.57,173.63,163.88,1558.0,785.0,896.0,3239.0,161.0,169.0,19.0,332.0,5.0,785.0,891.0,1397.0,2182.0,172.0,358.0,1508.0,1142.0,250.0,790.0,1710.0,428.0,205.0,47.88,52.07,72.3,62.0,44.0,55.0,3264.25,2343.0,2356.18,386.0,25.26,37.7,37.72,159.8,161.09,156.18
DET,2024,DET,DET,Team Level,5on5,53,0.46,0.47,0.46,160320.0,1188.93,96.18,74.01,299.86,39.75,645.42,479.78,93.18,95.7,92.69,1078.0,557.0,730.0,2365.0,88.0,98.0,8.0,233.0,5.0,509.0,702.0,990.0,1547.0,137.0,290.0,1198.0,860.0,211.0,733.0,1263.0,289.0,83.0,36.16,35.93,24.09,37.0,38.0,13.0,2342.94,1635.0,1626.37,392.0,15.35,20.86,20.86,90.67,90.2,89.07,1376.41,114.79,88.14,351.25,46.81,745.41,551.58,109.21,116.17,110.52,1251.0,647.0,729.0,2627.0,100.0,130.0,13.0,284.0,3.0,634.0,747.0,1151.0,1798.0,156.0,326.0,1205.0,1088.0,216.0,712.0,1442.0,329.0,127.0,39.23,40.32,35.24,50.0,36.0,14.0,2652.25,1898.0,1911.18,353.0,18.25,27.21,27.13,105.92,107.22,104.99
DET,2024,DET,DET,Team Level,4on5,53,0.06,0.1,0.11,12135.0,27.7,2.14,1.19,4.55,0.81,8.43,18.88,2.03,2.14,2.03,28.0,8.0,6.0,42.0,2.0,1.0,0.0,2.0,0.0,3.0,28.0,26.0,34.0,2.0,4.0,107.0,41.0,11.0,22.0,29.0,4.0,3.0,0.82,0.48,0.84,1.0,1.0,0.0,42.0,36.0,36.0,18.0,0.27,0.29,0.29,2.13,2.13,2.1,204.5,31.08,17.67,43.05,6.77,119.24,61.19,28.85,31.08,28.85,190.0,89.0,109.0,388.0,39.0,27.0,6.0,25.0,2.0,98.0,88.0,151.0,240.0,7.0,14.0,108.0,4.0,6.0,32.0,184.0,54.0,41.0,5.58,6.38,19.12,5.0,6.0,28.0,388.0,279.0,279.0,2.0,4.63,6.41,6.41,29.3,29.3,27.88
DET,2024,DET,DET,Team Level,5on4,53,0.94,0.91,0.9,14140.0,233.87,33.84,21.87,49.05,7.56,132.89,67.79,31.68,33.84,31.68,214.0,99.0,111.0,424.0,36.0,26.0,5.0,32.0,0.0,120.0,99.0,178.0,277.0,7.0,14.0,138.0,4.0,10.0,43.0,180.0,86.0,47.0,5.29,10.23,18.32,6.0,8.0,22.0,424.0,313.0,313.0,3.0,5.61,6.21,6.21,33.24,33.24,31.63,24.87,2.27,1.45,3.5,0.79,8.46,17.53,2.23,2.27,2.23,27.0,7.0,9.0,43.0,4.0,0.0,0.0,3.0,0.0,4.0,23.0,23.0,30.0,4.0,8.0,112.0,32.0,14.0,28.0,24.0,8.0,2.0,0.79,1.05,0.43,3.0,0.0,1.0,43.0,34.0,34.0,23.0,0.34,0.0,0.0,2.6,2.6,2.56
CBJ,2024,CBJ,CBJ,Team Level,other,53,0.52,0.47,0.49,6773.0,103.86,21.94,7.02,20.35,3.6,53.8,35.28,20.09,21.94,20.09,105.0,37.0,41.0,183.0,19.0,11.0,1.0,16.0,1.0,50.0,45.0,86.0,123.0,4.0,8.0,78.0,16.0,12.0,23.0,79.0,30.0,33.0,2.94,3.92,15.09,4.0,3.0,12.0,183.0,142.0,142.0,11.0,2.01,3.07,3.07,20.88,20.88,19.52,105.88,20.33,7.55,19.81,3.61,60.44,36.27,18.62,20.33,18.62,100.0,48.0,56.0,204.0,26.0,6.0,4.0,16.0,2.0,59.0,39.0,74.0,122.0,1.0,0.0,104.0,18.0,18.0,24.0,81.0,37.0,30.0,3.43,4.64,12.26,4.0,9.0,13.0,204.0,148.0,148.0,8.0,2.23,1.81,1.81,20.74,20.74,19.28
CBJ,2024,CBJ,CBJ,Team Level,all,53,0.47,0.48,0.48,193519.0,1610.39,151.12,105.34,395.34,54.94,853.39,642.87,143.03,151.94,143.82,1547.0,656.0,863.0,3066.0,173.0,174.0,22.0,338.0,6.0,673.0,839.0,1374.0,2030.0,177.0,401.0,1417.0,1023.0,264.0,806.0,1660.0,364.0,179.0,44.33,45.5,61.28,63.0,65.0,45.0,3088.56,2203.0,2218.86,384.0,23.28,36.81,36.81,137.58,138.28,134.41,1711.87,170.1,116.22,411.27,57.6,935.78,663.04,162.3,170.19,162.33,1550.0,804.0,995.0,3349.0,175.0,190.0,22.0,278.0,8.0,730.0,973.0,1375.0,2179.0,154.0,360.0,1610.0,1027.0,283.0,819.0,1694.0,473.0,187.0,49.23,59.73,61.13,61.0,67.0,47.0,3338.57,2354.0,2353.67,376.0,25.77,40.96,41.03,154.84,154.94,150.97
CBJ,2024,CBJ,CBJ,Team Level,5on5,53,0.46,0.47,0.48,161038.0,1283.02,104.59,79.86,329.0,43.8,679.34,519.4,99.35,105.41,100.14,1208.0,548.0,721.0,2477.0,121.0,142.0,19.0,279.0,5.0,526.0,683.0,1087.0,1635.0,156.0,359.0,1110.0,975.0,229.0,715.0,1362.0,280.0,114.0,35.75,35.0,33.85,53.0,50.0,18.0,2499.56,1756.0,1771.86,351.0,16.56,30.5,30.5,90.66,91.35,89.45,1382.26,122.78,89.58,345.54,46.58,748.05,547.46,117.62,122.88,117.65,1218.0,682.0,846.0,2746.0,113.0,167.0,16.0,231.0,5.0,570.0,814.0,1105.0,1787.0,143.0,340.0,1276.0,972.0,241.0,721.0,1415.0,361.0,124.0,40.53,45.48,36.77,50.0,45.0,18.0,2735.57,1900.0,1899.67,336.0,18.58,35.14,35.21,106.15,106.25,104.3
CBJ,2024,CBJ,CBJ,Team Level,4on5,53,0.16,0.17,0.2,13412.0,48.46,4.44,2.31,7.7,1.64,15.85,34.06,4.36,4.44,4.36,55.0,11.0,5.0,71.0,6.0,2.0,0.0,7.0,0.0,7.0,44.0,49.0,60.0,3.0,6.0,115.0,16.0,18.0,23.0,50.0,9.0,7.0,1.27,1.19,1.98,0.0,3.0,3.0,71.0,66.0,66.0,20.0,0.54,0.34,0.34,4.64,4.64,4.57,195.72,24.04,17.63,42.11,6.59,118.5,60.14,23.14,24.04,23.14,200.0,69.0,88.0,357.0,33.0,16.0,2.0,31.0,1.0,96.0,92.0,167.0,236.0,8.0,16.0,123.0,13.0,10.0,41.0,174.0,65.0,30.0,4.56,8.19,11.28,5.0,12.0,16.0,357.0,269.0,269.0,7.0,4.63,3.71,3.71,24.96,24.96,24.42
CBJ,2024,CBJ,CBJ,Team Level,5on4,53,0.87,0.89,0.87,12296.0,175.05,20.13,16.16,38.29,5.9,104.4,54.12,19.22,20.13,19.22,179.0,60.0,96.0,335.0,27.0,19.0,2.0,36.0,0.0,90.0,67.0,152.0,212.0,14.0,28.0,114.0,16.0,5.0,45.0,169.0,45.0,25.0,4.37,5.4,10.36,6.0,9.0,12.0,335.0,239.0,239.0,2.0,4.17,2.9,2.9,21.4,21.4,20.87,28.01,2.94,1.46,3.8,0.83,8.79,19.18,2.91,2.94,2.91,32.0,5.0,5.0,42.0,3.0,1.0,0.0,0.0,0.0,5.0,28.0,29.0,34.0,2.0,4.0,107.0,24.0,14.0,33.0,24.0,10.0,3.0,0.72,1.42,0.81,2.0,1.0,0.0,42.0,37.0,37.0,25.0,0.33,0.3,0.3,2.98,2.98,2.97
PIT,2024,PIT,PIT,Team Level,other,54,0.36,0.45,0.44,5709.0,74.87,15.07,5.61,13.5,2.65,42.42,26.76,14.24,15.07,14.24,63.0,43.0,45.0,151.0,19.0,2.0,1.0,7.0,1.0,47.0,30.0,44.0,87.0,3.0,6.0,68.0,24.0,10.0,12.0,65.0,26.0,15.0,2.66,3.32,9.08,6.0,5.0,8.0,151.0,106.0,106.0,5.0,1.61,0.75,0.75,15.93,15.93,15.11,94.73,27.3,6.71,15.98,3.26,50.01,29.74,24.95,27.3,24.95,82.0,51.0,52.0,185.0,30.0,11.0,5.0,12.0,0.0,41.0,39.0,52.0,103.0,2.0,4.0,63.0,23.0,4.0,19.0,63.0,30.0,40.0,2.55,4.05,20.7,4.0,7.0,19.0,185.0,133.0,133.0,9.0,1.91,3.59,3.59,25.63,25.63,23.92
PIT,2024,PIT,PIT,Team Level,all,54,0.48,0.5,0.49,197173.0,1722.7,169.02,120.93,423.84,59.58,931.68,660.95,160.31,169.45,160.75,1543.0,823.0,946.0,3312.0,156.0,204.0,21.0,333.0,4.0,743.0,926.0,1387.0,2210.0,169.0,359.0,1599.0,1063.0,293.0,783.0,1736.0,433.0,197.0,48.98,53.98,66.06,59.0,53.0,44.0,3312.81,2366.0,2364.66,347.0,26.89,42.51,42.51,153.4,153.86,149.74,1764.27,181.76,117.94,426.7,59.56,953.88,696.17,172.36,182.84,173.36,1662.0,774.0,891.0,3327.0,189.0,183.0,21.0,342.0,3.0,769.0,950.0,1473.0,2247.0,179.0,393.0,1477.0,1128.0,281.0,777.0,1773.0,466.0,197.0,50.59,58.71,72.47,65.0,66.0,58.0,3349.25,2436.0,2454.13,389.0,26.1,36.43,36.43,171.43,172.51,166.88
PIT,2024,PIT,PIT,Team Level,5on5,54,0.5,0.51,0.5,162125.0,1373.31,117.59,90.82,352.48,47.38,742.48,543.26,112.45,118.02,112.89,1223.0,671.0,795.0,2689.0,101.0,156.0,14.0,276.0,3.0,592.0,766.0,1122.0,1793.0,154.0,327.0,1276.0,1003.0,258.0,701.0,1425.0,341.0,128.0,39.37,42.6,35.61,47.0,41.0,13.0,2689.81,1894.0,1892.66,320.0,18.87,31.45,31.45,104.99,105.45,103.39,1382.93,117.54,88.84,351.96,46.92,747.34,552.4,112.86,118.63,113.85,1293.0,612.0,725.0,2630.0,128.0,145.0,13.0,269.0,3.0,593.0,767.0,1165.0,1777.0,169.0,375.0,1158.0,1056.0,242.0,688.0,1436.0,355.0,114.0,40.22,45.02,32.3,54.0,55.0,19.0,2652.25,1905.0,1923.13,349.0,18.45,27.5,27.59,108.4,109.47,107.52
PIT,2024,PIT,PIT,Team Level,4on5,54,0.05,0.08,0.1,14254.0,24.77,1.83,1.22,4.24,0.91,8.16,17.63,1.81,1.83,1.81,26.0,8.0,5.0,39.0,0.0,0.0,0.0,3.0,0.0,6.0,25.0,26.0,34.0,6.0,12.0,115.0,26.0,13.0,23.0,29.0,3.0,2.0,0.85,0.47,0.51,0.0,0.0,0.0,39.0,34.0,34.0,17.0,0.28,0.0,0.0,2.12,2.12,2.09,230.07,32.56,19.46,49.5,7.41,137.42,72.66,30.31,32.56,30.31,227.0,92.0,108.0,427.0,28.0,21.0,3.0,55.0,0.0,127.0,88.0,199.0,291.0,8.0,14.0,140.0,9.0,14.0,49.0,213.0,66.0,40.0,6.11,7.72,18.74,5.0,3.0,20.0,427.0,319.0,319.0,13.0,5.07,4.87,4.78,32.85,32.85,30.92
PIT,2024,PIT,PIT,Team Level,5on4,54,0.89,0.84,0.81,15085.0,249.74,34.53,23.28,53.61,8.65,138.63,73.3,31.8,34.53,31.8,231.0,101.0,101.0,433.0,36.0,46.0,6.0,47.0,0.0,98.0,105.0,195.0,296.0,6.0,14.0,140.0,10.0,12.0,47.0,217.0,63.0,52.0,6.11,7.58,20.85,6.0,7.0,23.0,433.0,332.0,332.0,5.0,6.14,10.31,10.31,30.36,30.36,29.14,56.54,4.35,2.92,9.26,1.98,19.11,41.38,4.24,4.35,4.24,60.0,19.0,6.0,85.0,3.0,6.0,0.0,6.0,0.0,8.0,56.0,57.0,76.0,0.0,0.0,116.0,40.0,21.0,21.0,61.0,15.0,3.0,1.71,1.92,0.72,2.0,1.0,0.0,85.0,79.0,79.0,18.0,0.68,0.47,0.47,4.55,4.55,4.52
NYI,2024,NYI,NYI,Team Level,other,52,0.46,0.46,0.48,7067.0,100.37,20.06,7.88,18.53,3.58,61.11,30.85,19.19,20.06,19.19,93.0,49.0,44.0,186.0,20.0,9.0,2.0,13.0,2.0,57.0,41.0,73.0,122.0,5.0,18.0,82.0,22.0,13.0,18.0,79.0,39.0,24.0,3.05,4.47,12.53,3.0,5.0,12.0,186.0,142.0,142.0,9.0,2.22,1.54,1.54,20.74,20.74,19.85,114.14,23.41,8.25,20.72,3.7,62.02,37.9,22.16,23.41,22.16,115.0,41.0,59.0,215.0,28.0,9.0,3.0,12.0,0.0,52.0,55.0,87.0,128.0,3.0,6.0,71.0,18.0,10.0,16.0,85.0,35.0,36.0,3.72,4.56,15.13,4.0,4.0,20.0,215.0,156.0,156.0,5.0,2.36,3.07,3.07,22.7,22.7,21.75
NYI,2024,NYI,NYI,Team Level,all,52,0.49,0.5,0.5,189283.0,1628.23,149.86,110.68,400.67,55.96,896.98,641.85,144.18,150.56,144.83,1502.0,754.0,855.0,3111.0,142.0,157.0,18.0,330.0,3.0,752.0,872.0,1360.0,2114.0,131.0,291.0,1619.0,1170.0,266.0,770.0,1703.0,397.0,156.0,48.98,49.14,51.75,49.0,56.0,37.0,3116.57,2256.0,2260.25,368.0,24.61,31.17,31.19,143.28,143.72,140.27,1616.36,158.63,108.69,389.46,53.68,870.33,631.21,152.03,159.1,152.43,1472.0,740.0,920.0,3132.0,150.0,172.0,14.0,255.0,3.0,720.0,912.0,1322.0,2062.0,139.0,303.0,1304.0,1171.0,292.0,768.0,1640.0,394.0,178.0,47.05,50.14,61.43,51.0,48.0,51.0,3133.11,2212.0,2215.97,384.0,24.07,36.84,36.84,145.85,146.1,143.13
NYI,2024,NYI,NYI,Team Level,5on5,52,0.5,0.49,0.5,158534.0,1297.98,106.61,83.52,332.47,44.62,711.81,520.95,103.06,107.31,103.71,1175.0,625.0,718.0,2518.0,103.0,121.0,13.0,258.0,1.0,594.0,723.0,1072.0,1697.0,121.0,263.0,1281.0,1112.0,230.0,692.0,1402.0,289.0,109.0,40.13,36.34,30.15,44.0,41.0,18.0,2523.57,1800.0,1804.25,344.0,17.36,25.31,25.33,98.65,99.09,97.54,1307.79,108.58,83.61,329.35,43.71,701.9,524.84,104.91,109.06,105.32,1176.0,616.0,780.0,2572.0,89.0,136.0,8.0,215.0,3.0,594.0,755.0,1087.0,1703.0,132.0,289.0,1044.0,1113.0,257.0,702.0,1373.0,312.0,107.0,38.15,39.79,30.65,41.0,37.0,11.0,2573.11,1792.0,1795.97,356.0,17.35,27.85,27.93,98.0,98.25,96.9
NYI,2024,NYI,NYI,Team Level,4on5,52,0.14,0.17,0.2,10602.0,44.13,3.82,2.19,6.04,1.3,13.57,31.07,3.76,3.82,3.76,48.0,10.0,6.0,64.0,5.0,3.0,1.0,5.0,0.0,10.0,35.0,43.0,53.0,3.0,6.0,110.0,25.0,14.0,13.0,40.0,15.0,3.0,1.17,1.87,0.78,2.0,2.0,1.0,64.0,58.0,58.0,8.0,0.49,0.28,0.28,4.03,4.03,4.02,168.64,24.31,15.52,35.6,5.47,97.84,50.25,22.66,24.31,22.66,153.0,76.0,74.0,303.0,31.0,25.0,3.0,28.0,0.0,68.0,77.0,122.0,198.0,2.0,4.0,92.0,13.0,7.0,28.0,156.0,40.0,33.0,4.27,5.0,15.03,5.0,6.0,20.0,303.0,229.0,229.0,6.0,4.06,5.48,5.4,22.97,22.97,22.3
NYI,2024,NYI,NYI,Team Level,5on4,52,0.89,0.89,0.88,13080.0,185.75,19.37,17.08,43.62,6.47,110.49,58.97,18.18,19.37,18.18,186.0,70.0,87.0,343.0,14.0,24.0,2.0,54.0,0.0,91.0,73.0,172.0,242.0,2.0,4.0,146.0,11.0,9.0,47.0,182.0,54.0,20.0,4.62,6.47,8.28,0.0,8.0,6.0,343.0,256.0,256.0,7.0,4.54,4.05,4.05,19.86,19.86,18.85,25.79,2.33,1.31,3.79,0.81,8.56,18.21,2.29,2.33,2.29,28.0,7.0,7.0,42.0,2.0,2.0,0.0,0.0,0.0,6.0,25.0,26.0,33.0,2.0,4.0,97.0,27.0,18.0,22.0,26.0,7.0,2.0,0.91,0.79,0.62,1.0,1.0,0.0,42.0,35.0,35.0,17.0,0.3,0.44,0.44,2.19,2.19,2.18
ANA,2024,ANA,ANA,Team Level,other,52,0.44,0.42,0.43,7228.0,94.15,21.93,6.35,17.8,3.29,49.03,31.59,20.31,21.93,20.31,90.0,40.0,46.0,176.0,20.0,11.0,1.0,16.0,0.0,43.0,40.0,70.0,110.0,5.0,10.0,88.0,20.0,6.0,19.0,67.0,31.0,32.0,2.57,4.02,15.34,6.0,4.0,10.0,176.0,130.0,130.0,8.0,1.82,3.06,3.06,20.69,20.69,19.82,121.89,28.46,8.41,21.18,4.24,67.43,41.28,24.61,28.46,24.61,121.0,50.0,71.0,242.0,23.0,5.0,1.0,23.0,1.0,57.0,62.0,98.0,148.0,2.0,4.0,94.0,21.0,10.0,16.0,82.0,45.0,44.0,3.75,5.34,19.37,2.0,7.0,14.0,242.0,171.0,171.0,9.0,2.58,2.42,2.42,28.61,28.61,24.98
ANA,2024,ANA,ANA,Team Level,all,52,0.44,0.46,0.46,189662.0,1583.68,150.47,102.27,386.0,53.06,857.32,632.95,142.88,149.47,141.97,1456.0,727.0,833.0,3016.0,131.0,167.0,14.0,314.0,6.0,671.0,894.0,1325.0,2052.0,190.0,405.0,1308.0,1205.0,229.0,735.0,1639.0,376.0,168.0,47.8,46.21,56.46,53.0,46.0,32.0,2979.96,2183.0,2166.18,338.0,22.58,34.75,34.75,138.24,137.41,133.82,1844.29,191.79,125.56,441.35,62.03,995.07,714.2,181.16,192.93,182.3,1669.0,861.0,999.0,3529.0,161.0,185.0,24.0,407.0,6.0,792.0,979.0,1508.0,2369.0,184.0,397.0,1661.0,888.0,241.0,693.0,1814.0,492.0,224.0,54.02,61.06,76.69,39.0,60.0,62.0,3568.94,2530.0,2550.27,329.0,28.16,39.14,39.2,180.75,181.76,174.79
ANA,2024,ANA,ANA,Team Level,5on5,52,0.44,0.46,0.46,154169.0,1236.23,98.67,75.66,312.94,41.18,666.62,509.0,94.96,97.67,94.04,1126.0,579.0,678.0,2383.0,93.0,127.0,12.0,253.0,4.0,504.0,724.0,1033.0,1612.0,174.0,373.0,995.0,1143.0,192.0,657.0,1338.0,270.0,97.0,38.14,33.52,27.01,43.0,37.0,13.0,2346.96,1705.0,1688.18,307.0,15.64,25.21,25.4,88.84,88.01,86.36,1450.74,127.87,93.38,365.79,48.98,781.4,576.59,123.25,129.0,124.37,1291.0,703.0,824.0,2818.0,103.0,145.0,15.0,328.0,4.0,621.0,793.0,1188.0,1891.0,175.0,377.0,1288.0,838.0,202.0,616.0,1485.0,375.0,134.0,43.82,47.18,36.87,33.0,45.0,25.0,2857.94,1994.0,2014.27,300.0,19.39,28.27,28.68,118.58,119.59,117.71
ANA,2024,ANA,ANA,Team Level,4on5,52,0.12,0.13,0.13,13606.0,35.46,4.25,1.78,5.92,1.4,11.13,23.52,3.44,4.25,3.44,39.0,9.0,13.0,61.0,1.0,7.0,0.0,1.0,0.0,8.0,31.0,38.0,47.0,6.0,12.0,111.0,37.0,18.0,21.0,32.0,8.0,8.0,0.95,1.0,2.29,1.0,0.0,0.0,61.0,48.0,48.0,17.0,0.41,2.0,2.0,2.66,2.66,2.53,237.3,31.94,21.94,49.52,7.69,135.44,72.47,29.84,31.94,29.84,223.0,96.0,100.0,419.0,32.0,35.0,8.0,52.0,1.0,106.0,93.0,191.0,287.0,1.0,2.0,135.0,6.0,8.0,35.0,218.0,59.0,42.0,5.59,6.92,19.43,3.0,7.0,22.0,419.0,319.0,319.0,1.0,5.78,8.45,8.09,29.63,29.63,28.23
ANA,2024,ANA,ANA,Team Level,5on4,52,0.88,0.89,0.87,14659.0,217.84,25.62,18.48,49.33,7.19,130.55,68.83,24.19,25.62,24.19,201.0,99.0,96.0,396.0,17.0,22.0,1.0,44.0,2.0,116.0,99.0,184.0,283.0,5.0,10.0,114.0,5.0,13.0,38.0,202.0,67.0,31.0,6.15,7.66,11.82,3.0,5.0,9.0,396.0,300.0,300.0,6.0,4.71,4.49,4.3,26.04,26.04,25.1,34.36,3.52,1.81,4.87,1.13,10.81,23.87,3.47,3.52,3.47,34.0,12.0,4.0,50.0,3.0,0.0,0.0,4.0,0.0,8.0,31.0,31.0,43.0,6.0,14.0,144.0,23.0,21.0,26.0,29.0,13.0,4.0,0.87,1.62,1.02,1.0,1.0,1.0,50.0,46.0,46.0,19.0,0.42,0.0,0.0,3.93,3.93,3.87
BOS,2024,BOS,BOS,Team Level,other,54,0.55,0.51,0.51,6903.0,104.67,24.79,7.08,19.05,3.64,55.34,37.09,23.45,24.79,23.45,90.0,57.0,56.0,203.0,26.0,7.0,2.0,11.0,2.0,50.0,51.0,64.0,121.0,3.0,6.0,86.0,22.0,21.0,19.0,78.0,30.0,39.0,3.04,3.57,18.17,5.0,4.0,17.0,203.0,147.0,147.0,7.0,2.01,2.31,2.31,24.49,24.49,23.8,99.84,20.34,6.92,18.76,3.76,54.24,35.99,19.69,20.34,19.69,93.0,47.0,52.0,192.0,25.0,9.0,2.0,15.0,1.0,42.0,48.0,68.0,115.0,3.0,8.0,92.0,12.0,8.0,18.0,82.0,28.0,30.0,3.4,3.25,13.69,5.0,3.0,17.0,192.0,140.0,140.0,10.0,1.97,2.54,2.54,19.77,19.77,19.41
BOS,2024,BOS,BOS,Team Level,all,54,0.5,0.49,0.49,196791.0,1621.53,165.06,108.86,392.29,54.78,859.42,628.57,157.03,165.07,157.04,1474.0,735.0,903.0,3112.0,149.0,168.0,17.0,293.0,5.0,685.0,909.0,1325.0,2060.0,217.0,500.0,1610.0,1437.0,316.0,900.0,1605.0,400.0,204.0,44.25,49.43,71.38,52.0,55.0,42.0,3097.98,2209.0,2206.29,442.0,24.49,36.24,36.24,153.32,153.41,149.42,1694.11,163.98,111.19,417.16,58.0,915.73,672.95,157.77,165.02,158.72,1540.0,799.0,903.0,3242.0,174.0,167.0,20.0,354.0,5.0,717.0,922.0,1366.0,2165.0,213.0,488.0,1505.0,1196.0,305.0,875.0,1751.0,408.0,180.0,49.05,51.58,63.34,69.0,51.0,54.0,3267.66,2339.0,2357.0,408.0,24.77,33.78,33.87,154.87,155.59,152.72
BOS,2024,BOS,BOS,Team Level,5on5,54,0.5,0.49,0.48,158561.0,1228.37,104.85,77.35,309.75,41.08,655.21,489.75,100.86,104.87,100.87,1109.0,569.0,737.0,2415.0,97.0,123.0,13.0,234.0,3.0,501.0,720.0,1012.0,1581.0,195.0,456.0,1224.0,1360.0,266.0,793.0,1259.0,300.0,119.0,33.16,37.48,34.22,41.0,43.0,13.0,2400.98,1678.0,1675.29,404.0,16.06,26.85,27.14,93.78,93.86,92.48,1311.56,103.83,81.0,340.8,44.72,716.77,530.87,100.23,104.88,101.19,1174.0,644.0,736.0,2554.0,101.0,122.0,10.0,278.0,3.0,576.0,738.0,1073.0,1717.0,193.0,446.0,1132.0,1135.0,257.0,778.0,1420.0,306.0,92.0,38.77,38.91,26.16,54.0,32.0,15.0,2579.66,1818.0,1836.0,368.0,16.77,24.18,24.19,96.41,97.13,95.63
BOS,2024,BOS,BOS,Team Level,4on5,54,0.09,0.13,0.16,15423.0,40.83,3.36,2.05,6.25,1.39,14.05,28.89,3.29,3.36,3.29,43.0,13.0,3.0,59.0,3.0,2.0,0.0,3.0,0.0,14.0,34.0,40.0,53.0,5.0,10.0,134.0,33.0,12.0,33.0,45.0,7.0,4.0,1.42,0.89,1.05,3.0,0.0,0.0,59.0,56.0,56.0,24.0,0.47,0.53,0.53,3.3,3.3,3.29,223.09,33.17,20.29,48.53,7.59,126.69,66.74,31.64,33.17,31.64,215.0,88.0,106.0,409.0,42.0,31.0,8.0,59.0,0.0,88.0,83.0,173.0,261.0,13.0,26.0,158.0,14.0,17.0,48.0,194.0,63.0,46.0,5.27,7.98,19.92,7.0,15.0,20.0,409.0,303.0,303.0,6.0,5.34,5.6,5.6,32.91,32.91,31.96
BOS,2024,BOS,BOS,Team Level,5on4,54,0.83,0.83,0.81,15904.0,247.66,32.06,22.37,57.24,8.67,134.83,72.83,29.42,32.06,29.42,232.0,96.0,107.0,435.0,23.0,36.0,2.0,45.0,0.0,120.0,104.0,209.0,305.0,14.0,28.0,166.0,22.0,17.0,55.0,223.0,63.0,42.0,6.62,7.49,17.95,3.0,8.0,12.0,435.0,328.0,328.0,7.0,5.95,6.54,6.25,31.76,31.76,29.85,59.62,6.63,2.99,9.06,1.94,18.03,39.35,6.2,6.63,6.2,58.0,20.0,9.0,87.0,6.0,5.0,0.0,2.0,1.0,11.0,53.0,52.0,72.0,4.0,8.0,123.0,35.0,23.0,31.0,55.0,11.0,12.0,1.61,1.45,3.58,3.0,1.0,2.0,87.0,78.0,78.0,24.0,0.69,1.46,1.53,5.79,5.79,5.72
WSH,2024,WSH,WSH,Team Level,other,52,0.58,0.47,0.48,7851.0,101.18,30.14,5.91,17.41,3.19,48.52,36.82,27.66,30.14,27.66,95.0,47.0,48.0,190.0,29.0,5.0,0.0,18.0,1.0,53.0,36.0,66.0,113.0,3.0,14.0,93.0,22.0,10.0,16.0,82.0,17.0,43.0,3.07,2.27,24.8,5.0,0.0,24.0,190.0,142.0,142.0,4.0,1.71,1.5,1.5,30.36,30.36,27.85,112.29,21.76,8.07,20.7,3.75,63.24,34.48,20.25,21.76,20.25,96.0,56.0,58.0,210.0,16.0,7.0,0.0,24.0,1.0,58.0,46.0,80.0,136.0,2.0,6.0,92.0,16.0,15.0,19.0,84.0,41.0,27.0,3.6,5.12,13.04,2.0,4.0,10.0,210.0,152.0,152.0,5.0,2.36,2.44,2.56,21.56,21.56,20.16
WSH,2024,WSH,WSH,Team Level,all,52,0.53,0.49,0.5,189299.0,1622.89,178.96,107.08,396.14,55.36,861.58,635.87,169.39,180.8,171.22,1428.0,807.0,847.0,3082.0,182.0,173.0,19.0,293.0,3.0,652.0,932.0,1246.0,2053.0,187.0,410.0,1475.0,1034.0,235.0,776.0,1583.0,437.0,215.0,45.88,55.3,77.8,66.0,51.0,65.0,3133.55,2235.0,2270.68,371.0,23.82,35.97,36.04,166.75,168.6,162.96,1608.97,157.61,106.69,388.21,54.45,861.96,625.08,149.44,156.81,148.7,1437.0,757.0,970.0,3164.0,127.0,169.0,14.0,314.0,5.0,698.0,881.0,1310.0,2067.0,182.0,403.0,1446.0,994.0,237.0,803.0,1598.0,409.0,187.0,45.79,51.23,60.6,50.0,36.0,41.0,3121.9,2194.0,2173.75,382.0,23.84,37.43,37.43,144.02,143.26,139.43
WSH,2024,WSH,WSH,Team Level,5on5,52,0.52,0.5,0.51,153217.0,1270.82,114.7,80.59,325.76,43.71,682.82,510.41,110.37,116.54,112.2,1102.0,656.0,694.0,2452.0,121.0,132.0,17.0,235.0,0.0,501.0,769.0,981.0,1637.0,168.0,365.0,1125.0,947.0,195.0,686.0,1297.0,339.0,122.0,37.5,42.95,34.24,54.0,42.0,25.0,2503.55,1758.0,1793.68,341.0,16.77,26.15,26.15,105.32,107.19,105.63,1237.69,107.97,77.86,312.95,42.09,656.08,491.05,102.59,107.16,101.84,1099.0,589.0,796.0,2484.0,84.0,127.0,9.0,240.0,2.0,535.0,700.0,1015.0,1604.0,162.0,358.0,1090.0,938.0,201.0,704.0,1258.0,306.0,124.0,34.86,38.93,34.17,43.0,26.0,15.0,2441.9,1688.0,1667.75,345.0,16.16,28.01,27.89,96.23,95.47,93.7
WSH,2024,WSH,WSH,Team Level,4on5,52,0.14,0.13,0.14,14535.0,37.6,3.96,1.95,5.94,1.34,11.95,24.87,3.87,3.96,3.87,39.0,11.0,8.0,58.0,3.0,3.0,0.0,2.0,1.0,7.0,34.0,36.0,47.0,2.0,4.0,111.0,35.0,18.0,25.0,34.0,12.0,4.0,0.87,1.58,1.52,2.0,1.0,0.0,58.0,50.0,50.0,20.0,0.44,1.01,1.09,3.32,3.32,3.29,215.61,23.66,18.8,48.18,7.33,129.28,69.73,22.42,23.66,22.42,194.0,103.0,109.0,406.0,22.0,31.0,4.0,47.0,2.0,93.0,102.0,172.0,275.0,9.0,18.0,146.0,14.0,5.0,56.0,215.0,52.0,30.0,6.16,5.94,11.57,5.0,3.0,14.0,406.0,297.0,297.0,11.0,4.87,6.19,6.19,22.34,22.34,21.71
WSH,2024,WSH,WSH,Team Level,5on4,52,0.88,0.86,0.83,13696.0,213.28,30.16,18.62,47.05,7.12,118.3,63.76,27.49,30.16,27.49,192.0,93.0,97.0,382.0,29.0,33.0,2.0,38.0,1.0,91.0,93.0,163.0,256.0,14.0,27.0,146.0,30.0,12.0,49.0,170.0,69.0,46.0,4.43,8.49,17.23,5.0,8.0,16.0,382.0,285.0,285.0,6.0,4.89,7.31,7.31,27.74,27.74,26.2,43.37,4.22,1.95,6.37,1.28,13.36,29.82,4.18,4.22,4.18,48.0,9.0,7.0,64.0,5.0,4.0,1.0,3.0,0.0,12.0,33.0,43.0,52.0,9.0,21.0,118.0,26.0,16.0,24.0,41.0,10.0,6.0,1.16,1.25,1.82,0.0,3.0,2.0,64.0,57.0,57.0,21.0,0.44,0.78,0.78,3.88,3.88,3.87
CHI,2024,CHI,CHI,Team Level,other,52,0.41,0.49,0.45,6152.0,74.17,18.45,5.93,13.31,2.6,40.6,20.12,15.82,18.45,15.82,67.0,34.0,45.0,146.0,18.0,9.0,2.0,7.0,0.0,37.0,30.0,49.0,83.0,6.0,12.0,77.0,12.0,3.0,13.0,45.0,25.0,31.0,1.84,3.2,13.41,2.0,4.0,12.0,146.0,101.0,101.0,4.0,1.8,2.97,2.97,17.28,17.28,15.45,86.58,26.05,6.53,14.78,3.07,47.0,25.64,24.67,26.05,24.67,87.0,37.0,28.0,152.0,27.0,14.0,2.0,8.0,0.0,47.0,28.0,60.0,97.0,5.0,10.0,61.0,14.0,6.0,20.0,57.0,27.0,40.0,2.24,3.46,20.35,2.0,4.0,21.0,152.0,124.0,124.0,14.0,1.86,2.73,2.92,24.93,24.93,24.1
CHI,2024,CHI,CHI,Team Level,all,52,0.42,0.44,0.44,188131.0,1361.59,128.87,90.68,328.34,45.01,736.03,537.08,122.77,128.95,122.87,1278.0,588.0,714.0,2580.0,134.0,134.0,15.0,237.0,2.0,549.0,810.0,1144.0,1732.0,172.0,377.0,1267.0,995.0,277.0,705.0,1385.0,333.0,148.0,38.97,41.53,48.37,49.0,48.0,37.0,2558.01,1866.0,1856.53,354.0,20.09,25.9,25.9,123.05,123.22,119.74,1738.2,174.74,120.11,414.79,58.5,947.68,675.23,166.13,175.81,167.18,1639.0,753.0,901.0,3293.0,178.0,196.0,24.0,314.0,4.0,750.0,950.0,1461.0,2214.0,150.0,333.0,1536.0,1077.0,248.0,729.0,1749.0,441.0,202.0,49.9,55.95,68.89,58.0,71.0,49.0,3319.84,2392.0,2409.28,323.0,26.61,38.78,38.78,162.51,163.29,159.07
CHI,2024,CHI,CHI,Team Level,5on5,52,0.44,0.44,0.44,155491.0,1103.99,90.49,69.63,276.99,36.41,594.78,446.69,87.84,90.58,87.94,1038.0,477.0,609.0,2124.0,91.0,109.0,11.0,204.0,2.0,432.0,677.0,947.0,1424.0,162.0,354.0,983.0,947.0,238.0,622.0,1157.0,268.0,90.0,31.87,33.44,25.18,41.0,37.0,13.0,2102.01,1515.0,1505.53,321.0,14.37,19.81,19.81,85.06,85.23,84.18,1390.34,117.13,91.42,346.97,46.75,756.9,556.84,112.57,118.2,113.62,1303.0,613.0,772.0,2688.0,123.0,151.0,18.0,262.0,4.0,589.0,787.0,1180.0,1793.0,130.0,290.0,1227.0,1013.0,216.0,644.0,1449.0,344.0,123.0,41.38,43.97,31.78,52.0,55.0,16.0,2714.84,1916.0,1933.28,289.0,18.96,28.24,28.24,107.85,108.63,106.61
CHI,2024,CHI,CHI,Team Level,4on5,52,0.07,0.11,0.12,15334.0,30.73,2.07,1.49,4.46,0.97,10.25,22.77,2.07,2.07,2.07,35.0,7.0,8.0,50.0,1.0,0.0,0.0,1.0,0.0,4.0,36.0,34.0,41.0,1.0,5.0,113.0,28.0,21.0,26.0,34.0,6.0,2.0,0.79,0.72,0.56,0.0,1.0,0.0,50.0,42.0,42.0,24.0,0.35,0.0,0.0,2.41,2.41,2.41,226.23,28.37,20.52,48.06,7.63,132.79,68.61,25.73,28.37,25.73,215.0,91.0,96.0,402.0,22.0,31.0,4.0,42.0,0.0,108.0,103.0,193.0,284.0,6.0,15.0,139.0,25.0,17.0,42.0,211.0,59.0,36.0,5.37,7.13,15.87,3.0,8.0,11.0,402.0,306.0,306.0,2.0,5.42,7.81,7.62,26.17,26.17,24.84
CHI,2024,CHI,CHI,Team Level,5on4,52,0.85,0.84,0.82,11154.0,152.7,17.86,13.62,33.58,5.03,90.4,47.51,17.03,17.86,17.03,138.0,70.0,52.0,260.0,24.0,16.0,2.0,25.0,0.0,76.0,67.0,114.0,184.0,3.0,6.0,94.0,8.0,15.0,44.0,149.0,34.0,25.0,4.47,4.16,9.23,6.0,6.0,12.0,260.0,208.0,208.0,5.0,3.56,3.12,3.12,18.3,18.3,17.69,35.06,3.18,1.65,4.98,1.07,10.99,24.13,3.16,3.18,3.16,34.0,12.0,5.0,51.0,6.0,0.0,0.0,2.0,0.0,6.0,32.0,28.0,40.0,9.0,18.0,109.0,25.0,9.0,23.0,32.0,11.0,3.0,0.91,1.39,0.88,1.0,4.0,1.0,51.0,46.0,46.0,18.0,0.38,0.0,0.0,3.55,3.55,3.53
COL,2024,COL,COL,Team Level,other,54,0.5,0.51,0.53,9022.0,130.64,30.07,10.08,23.12,4.55,73.51,39.67,28.09,30.07,28.09,123.0,58.0,56.0,237.0,36.0,11.0,2.0,12.0,1.0,64.0,57.0,87.0,145.0,6.0,12.0,93.0,18.0,14.0,30.0,92.0,47.0,42.0,3.88,6.32,19.87,6.0,6.0,24.0,237.0,181.0,181.0,8.0,2.94,2.64,2.64,30.37,30.37,28.83,113.89,29.9,8.81,20.95,4.03,63.99,33.32,27.55,29.9,27.55,101.0,60.0,67.0,228.0,25.0,18.0,2.0,15.0,1.0,71.0,31.0,76.0,136.0,7.0,14.0,107.0,11.0,10.0,23.0,73.0,38.0,50.0,2.52,4.58,22.8,2.0,4.0,19.0,228.0,161.0,161.0,9.0,2.55,5.62,6.01,26.44,26.44,25.38
COL,2024,COL,COL,Team Level,all,54,0.52,0.53,0.53,195754.0,1701.51,168.57,113.76,413.87,57.6,940.22,666.97,160.32,168.6,160.34,1587.0,774.0,1035.0,3396.0,176.0,158.0,23.0,295.0,6.0,772.0,954.0,1411.0,2185.0,145.0,310.0,1389.0,1016.0,261.0,809.0,1754.0,428.0,179.0,51.73,53.02,63.82,66.0,52.0,58.0,3390.61,2361.0,2359.39,343.0,25.31,34.36,34.42,159.46,159.53,154.77,1550.11,154.99,104.92,377.89,52.48,835.23,598.49,148.21,155.35,148.57,1427.0,697.0,859.0,2983.0,164.0,171.0,18.0,306.0,2.0,648.0,833.0,1263.0,1960.0,176.0,367.0,1698.0,1034.0,242.0,788.0,1538.0,411.0,175.0,42.21,51.32,61.46,59.0,55.0,50.0,2991.75,2124.0,2130.66,360.0,23.43,35.38,35.38,143.05,143.47,140.56
COL,2024,COL,COL,Team Level,5on5,54,0.52,0.54,0.53,159539.0,1344.63,108.14,84.48,346.66,45.4,739.47,541.84,105.07,108.16,105.1,1254.0,612.0,866.0,2732.0,107.0,118.0,18.0,248.0,4.0,615.0,774.0,1147.0,1759.0,126.0,269.0,1091.0,957.0,228.0,709.0,1447.0,321.0,98.0,41.43,39.41,27.3,49.0,38.0,20.0,2726.61,1866.0,1864.39,305.0,17.47,23.79,23.85,101.76,101.83,100.55,1207.97,100.0,76.91,308.73,40.68,648.32,482.35,96.58,100.36,96.94,1105.0,552.0,706.0,2363.0,111.0,128.0,15.0,259.0,1.0,468.0,690.0,994.0,1546.0,154.0,321.0,1340.0,977.0,205.0,713.0,1249.0,317.0,91.0,33.95,39.86,26.19,50.0,43.0,18.0,2371.75,1657.0,1663.66,333.0,15.93,25.65,25.4,90.53,90.96,89.75
COL,2024,COL,COL,Team Level,4on5,54,0.11,0.14,0.15,12471.0,35.53,2.78,1.53,5.13,1.13,10.91,25.52,2.76,2.78,2.76,36.0,11.0,7.0,54.0,3.0,2.0,0.0,2.0,0.0,7.0,33.0,33.0,44.0,3.0,6.0,89.0,26.0,12.0,26.0,34.0,10.0,3.0,1.04,1.09,0.66,2.0,1.0,0.0,54.0,47.0,47.0,22.0,0.36,0.33,0.33,2.81,2.81,2.8,190.67,21.66,17.39,42.2,6.54,111.39,57.82,20.73,21.66,20.73,186.0,71.0,81.0,338.0,24.0,20.0,0.0,29.0,0.0,106.0,78.0,162.0,233.0,10.0,22.0,127.0,18.0,11.0,33.0,185.0,42.0,30.0,4.99,5.22,11.46,7.0,6.0,11.0,338.0,257.0,257.0,2.0,4.53,3.26,3.13,23.07,23.07,22.44
COL,2024,COL,COL,Team Level,5on4,54,0.89,0.87,0.84,14722.0,190.72,27.58,17.66,38.97,6.51,116.32,59.94,24.39,27.58,24.39,174.0,93.0,106.0,373.0,30.0,27.0,3.0,33.0,1.0,86.0,90.0,144.0,237.0,10.0,23.0,116.0,15.0,7.0,44.0,181.0,50.0,36.0,5.38,6.2,16.0,9.0,7.0,14.0,373.0,267.0,267.0,8.0,4.55,7.6,7.6,24.52,24.52,22.58,37.57,3.43,1.81,6.01,1.23,11.53,24.98,3.34,3.43,3.34,35.0,14.0,5.0,54.0,4.0,5.0,1.0,3.0,0.0,3.0,34.0,31.0,45.0,5.0,10.0,124.0,28.0,16.0,19.0,31.0,14.0,4.0,0.75,1.66,1.02,0.0,2.0,2.0,54.0,49.0,49.0,16.0,0.42,0.85,0.85,3.0,3.0,2.99
LAK,2024,LAK,LAK,Team Level,other,50,0.5,0.46,0.42,7347.0,71.47,20.5,4.8,12.59,2.33,37.21,22.57,19.44,20.5,19.44,64.0,36.0,51.0,151.0,21.0,3.0,1.0,6.0,0.0,41.0,29.0,43.0,79.0,3.0,4.0,67.0,17.0,12.0,18.0,51.0,19.0,30.0,2.13,2.37,16.0,2.0,1.0,18.0,151.0,100.0,100.0,10.0,1.38,0.91,0.91,20.97,20.97,19.92,99.05,20.52,7.32,18.94,3.42,53.79,32.01,19.35,20.52,19.35,93.0,43.0,41.0,177.0,26.0,15.0,3.0,13.0,1.0,39.0,42.0,67.0,110.0,0.0,0.0,75.0,20.0,12.0,12.0,71.0,38.0,27.0,2.62,4.52,13.38,4.0,9.0,13.0,177.0,136.0,136.0,2.0,2.1,3.23,3.23,19.39,19.39,18.66
LAK,2024,LAK,LAK,Team Level,all,50,0.52,0.52,0.52,181208.0,1556.45,146.97,103.91,383.82,52.89,832.85,612.55,139.9,149.15,141.99,1366.0,767.0,855.0,2988.0,139.0,167.0,23.0,272.0,7.0,706.0,842.0,1227.0,1994.0,173.0,392.0,1413.0,1078.0,244.0,662.0,1601.0,355.0,177.0,43.22,44.38,59.37,52.0,36.0,51.0,3026.63,2133.0,2160.77,305.0,22.91,34.52,34.66,135.21,137.12,134.06,1413.98,135.56,94.99,342.44,47.78,766.34,551.9,130.08,134.82,129.33,1277.0,662.0,812.0,2751.0,126.0,137.0,20.0,240.0,6.0,603.0,827.0,1151.0,1813.0,145.0,333.0,1348.0,1121.0,245.0,660.0,1431.0,371.0,137.0,40.46,46.93,48.18,48.0,43.0,35.0,2725.85,1939.0,1926.6,295.0,21.27,28.16,28.22,128.62,127.8,125.13
LAK,2024,LAK,LAK,Team Level,5on5,50,0.56,0.53,0.54,148532.0,1282.78,107.81,82.0,326.72,43.67,684.26,514.53,103.23,109.99,105.31,1118.0,641.0,709.0,2468.0,101.0,138.0,22.0,236.0,6.0,568.0,710.0,1017.0,1658.0,155.0,360.0,1113.0,1019.0,205.0,571.0,1339.0,299.0,121.0,36.33,37.49,33.99,46.0,30.0,25.0,2506.63,1759.0,1786.77,267.0,17.02,29.68,30.11,94.72,96.62,95.23,1102.85,86.3,69.63,279.38,37.36,598.74,448.59,83.56,85.56,82.82,990.0,530.0,686.0,2206.0,77.0,96.0,12.0,197.0,5.0,472.0,673.0,913.0,1443.0,131.0,303.0,1071.0,1070.0,206.0,588.0,1183.0,267.0,70.0,31.6,34.05,20.65,37.0,29.0,11.0,2180.85,1520.0,1507.6,268.0,14.42,18.1,18.36,82.36,81.55,80.55
LAK,2024,LAK,LAK,Team Level,4on5,50,0.13,0.14,0.16,14031.0,35.01,3.93,1.89,5.53,1.17,10.75,22.74,3.7,3.93,3.7,34.0,12.0,7.0,53.0,1.0,5.0,0.0,2.0,1.0,6.0,31.0,33.0,45.0,5.0,10.0,115.0,33.0,14.0,32.0,29.0,11.0,6.0,0.71,1.41,1.81,1.0,0.0,0.0,53.0,46.0,46.0,24.0,0.43,0.82,0.82,3.54,3.54,3.51,186.73,26.26,16.83,40.76,6.23,105.73,53.19,24.75,26.26,24.75,168.0,81.0,76.0,325.0,21.0,23.0,4.0,29.0,0.0,86.0,90.0,147.0,228.0,9.0,18.0,130.0,8.0,11.0,37.0,156.0,55.0,38.0,5.66,6.97,13.64,6.0,5.0,10.0,325.0,249.0,249.0,6.0,4.49,6.32,6.12,24.63,24.63,23.69
LAK,2024,LAK,LAK,Team Level,5on4,50,0.86,0.88,0.87,11298.0,167.19,14.72,15.22,38.98,5.73,100.63,52.71,13.54,14.72,13.54,150.0,78.0,88.0,316.0,16.0,21.0,0.0,28.0,0.0,91.0,72.0,134.0,212.0,10.0,18.0,118.0,9.0,13.0,41.0,182.0,26.0,20.0,4.06,3.1,7.56,3.0,5.0,8.0,316.0,228.0,228.0,4.0,4.08,3.12,2.82,15.98,15.98,15.41,25.34,2.48,1.21,3.36,0.77,8.07,18.11,2.42,2.48,2.42,26.0,8.0,9.0,43.0,2.0,3.0,1.0,1.0,0.0,6.0,22.0,24.0,32.0,5.0,12.0,72.0,23.0,16.0,23.0,21.0,11.0,2.0,0.58,1.39,0.51,1.0,0.0,1.0,43.0,34.0,34.0,19.0,0.27,0.52,0.52,2.24,2.24,2.23
BUF,2024,BUF,BUF,Team Level,other,52,0.47,0.5,0.51,9087.0,121.03,26.7,8.75,22.2,3.99,65.52,35.85,24.93,26.7,24.93,102.0,61.0,56.0,219.0,20.0,16.0,4.0,21.0,2.0,62.0,42.0,82.0,143.0,8.0,16.0,83.0,25.0,13.0,25.0,87.0,41.0,35.0,3.62,5.17,17.91,4.0,3.0,13.0,219.0,163.0,163.0,11.0,2.52,5.56,6.06,23.16,23.16,22.13,113.6,30.29,7.93,19.76,3.84,59.93,35.25,28.33,30.29,28.33,100.0,57.0,62.0,219.0,33.0,8.0,2.0,12.0,1.0,60.0,43.0,67.0,124.0,5.0,10.0,131.0,26.0,17.0,21.0,77.0,37.0,43.0,3.18,4.45,22.66,6.0,7.0,20.0,219.0,157.0,157.0,14.0,2.3,2.09,2.09,30.5,30.5,28.67
BUF,2024,BUF,BUF,Team Level,all,52,0.48,0.5,0.5,189057.0,1642.81,158.69,111.53,400.43,55.02,899.02,637.31,151.51,158.99,151.79,1454.0,808.0,865.0,3127.0,162.0,166.0,21.0,303.0,6.0,700.0,925.0,1292.0,2100.0,199.0,449.0,1471.0,1115.0,240.0,731.0,1695.0,399.0,168.0,49.57,49.35,59.78,72.0,52.0,38.0,3130.35,2262.0,2264.05,361.0,24.92,36.3,36.3,147.32,147.5,143.92,1652.89,174.44,111.74,397.73,55.55,894.6,644.96,165.9,174.27,165.8,1523.0,756.0,832.0,3111.0,176.0,178.0,33.0,292.0,9.0,734.0,890.0,1347.0,2103.0,198.0,436.0,1584.0,1133.0,278.0,760.0,1654.0,422.0,203.0,47.43,53.36,73.65,56.0,55.0,65.0,3096.65,2279.0,2276.43,367.0,24.81,36.07,36.78,162.47,162.57,158.32
BUF,2024,BUF,BUF,Team Level,5on5,52,0.48,0.5,0.5,150196.0,1256.31,99.64,81.54,323.02,42.32,692.35,503.12,96.35,99.95,96.63,1104.0,638.0,698.0,2440.0,115.0,118.0,14.0,238.0,3.0,530.0,738.0,989.0,1627.0,173.0,397.0,1120.0,1025.0,203.0,647.0,1368.0,284.0,90.0,38.57,35.88,25.2,62.0,41.0,12.0,2443.35,1742.0,1744.05,328.0,16.86,24.69,24.29,92.22,92.4,90.95,1272.24,109.52,82.17,324.18,42.9,686.27,507.95,105.5,109.36,105.4,1160.0,593.0,661.0,2414.0,111.0,146.0,27.0,227.0,5.0,559.0,705.0,1049.0,1642.0,174.0,388.0,1170.0,1045.0,231.0,676.0,1312.0,330.0,111.0,37.19,42.06,30.27,47.0,40.0,24.0,2399.66,1753.0,1750.43,321.0,17.04,28.27,28.63,97.94,98.03,96.6
BUF,2024,BUF,BUF,Team Level,4on5,52,0.12,0.15,0.17,14882.0,46.56,4.1,2.46,7.38,1.51,15.15,32.39,3.94,4.1,3.94,53.0,10.0,7.0,70.0,4.0,5.0,1.0,1.0,1.0,6.0,46.0,49.0,59.0,5.0,10.0,140.0,55.0,12.0,21.0,45.0,13.0,5.0,1.36,1.56,1.18,2.0,1.0,1.0,70.0,63.0,63.0,18.0,0.58,0.86,0.85,3.83,3.83,3.78,221.78,30.67,19.36,47.31,7.36,134.0,70.3,28.17,30.67,28.17,213.0,96.0,103.0,412.0,29.0,22.0,4.0,49.0,2.0,104.0,103.0,184.0,280.0,14.0,28.0,146.0,17.0,16.0,39.0,221.0,44.0,44.0,5.78,5.29,19.61,2.0,7.0,20.0,412.0,309.0,309.0,11.0,4.95,5.57,5.92,29.7,29.7,28.74
BUF,2024,BUF,BUF,Team Level,5on4,52,0.88,0.86,0.83,14892.0,218.92,28.26,18.77,47.83,7.2,125.99,65.96,26.28,28.26,26.28,195.0,99.0,104.0,398.0,23.0,27.0,2.0,43.0,0.0,102.0,99.0,172.0,271.0,13.0,26.0,128.0,10.0,12.0,38.0,195.0,61.0,38.0,6.02,6.74,15.49,4.0,7.0,12.0,398.0,294.0,294.0,4.0,4.97,5.18,5.1,28.13,28.13,27.06,45.27,3.95,2.29,6.47,1.44,14.4,31.45,3.91,3.95,3.91,50.0,10.0,6.0,66.0,3.0,2.0,0.0,4.0,1.0,11.0,39.0,47.0,57.0,5.0,10.0,137.0,45.0,14.0,24.0,44.0,11.0,5.0,1.28,1.57,1.11,1.0,1.0,1.0,66.0,60.0,60.0,21.0,0.52,0.14,0.14,4.34,4.34,4.3
