playerId,season,name,team,position,situation,games_played,icetime,xGoals,goals,unblocked_shot_attempts,xRebounds,rebounds,xFreeze,freeze,xOnGoal,ongoal,xPlayStopped,playStopped,xPlayContinuedInZone,playContinuedInZone,xPlayContinuedOutsideZone,playContinuedOutsideZone,flurryAdjustedxGoals,lowDangerShots,mediumDangerShots,highDangerShots,lowDangerxGoals,mediumDangerxGoals,highDangerxGoals,lowDangerGoals,mediumDangerGoals,highDangerGoals,blocked_shot_attempts,penalityMinutes,penalties
8478048,2024,Igor Shesterkin,NYR,G,other,39,3264.0,9.96,10.0,100.0,4.7,6.0,12.38,5.0,61.0,54.0,1.33,0.0,32.89,29.0,18.0,30.0,9.19,45.0,21.0,14.0,1.65,2.65,5.67,3.0,0.0,7.0,20.0,0.0,0.0
8478048,2024,Igor Shesterkin,NYR,G,all,39,134229.0,119.12,107.0,2347.0,86.22,131.0,301.16,208.0,1253.58,1135.0,38.71,3.0,668.88,512.0,478.0,735.0,112.92,1222.0,331.0,142.0,33.91,41.45,43.77,36.0,47.0,24.0,652.0,4.0,2.0
8478048,2024,Igor Shesterkin,NYR,G,5on5,39,108757.0,86.3,80.0,1878.0,62.77,97.0,243.79,168.0,980.33,887.0,30.21,3.0,520.74,380.0,385.73,606.0,82.71,978.0,257.0,97.0,27.13,32.26,26.92,31.0,39.0,10.0,546.0,4.0,2.0
8478048,2024,Igor Shesterkin,NYR,G,4on5,39,12341.0,20.85,15.0,329.0,17.77,27.0,41.89,34.0,189.28,173.0,1.37,0.0,108.27,99.0,57.99,77.0,19.04,175.0,49.0,29.0,4.42,6.07,10.35,1.0,7.0,7.0,76.0,0.0,0.0
8478048,2024,Igor Shesterkin,NYR,G,5on4,39,9867.0,2.01,2.0,40.0,0.98,1.0,3.09,1.0,22.98,21.0,5.81,0.0,6.98,4.0,16.28,22.0,1.98,24.0,4.0,2.0,0.71,0.47,0.83,1.0,1.0,0.0,10.0,0.0,0.0
8477967,2024,Thatcher Demko,VAN,G,other,17,2040.0,6.63,9.0,61.0,2.35,7.0,6.76,2.0,32.94,30.0,0.66,0.0,16.29,17.0,9.85,8.0,5.73,21.0,10.0,12.0,0.72,1.22,4.69,1.0,3.0,5.0,18.0,0.0,0.0
8477967,2024,Thatcher Demko,VAN,G,all,17,56465.0,45.95,45.0,872.0,30.32,52.0,110.86,94.0,457.97,412.0,13.84,1.0,243.47,202.0,181.97,234.0,43.18,457.0,115.0,56.0,12.73,14.45,18.76,13.0,17.0,15.0,244.0,0.0,0.0
8477967,2024,Thatcher Demko,VAN,G,5on5,17,45490.0,29.25,26.0,684.0,22.33,37.0,90.92,79.0,354.93,315.0,10.22,1.0,191.29,156.0,145.14,192.0,27.93,382.0,77.0,32.0,10.66,9.53,9.06,10.0,10.0,6.0,193.0,0.0,0.0
8477967,2024,Thatcher Demko,VAN,G,4on5,17,4279.0,8.42,8.0,102.0,4.82,6.0,10.57,12.0,53.75,47.0,0.25,0.0,30.28,26.0,16.21,20.0,7.9,40.0,22.0,10.0,0.85,3.04,4.53,1.0,3.0,4.0,30.0,0.0,0.0
8477967,2024,Thatcher Demko,VAN,G,5on4,17,4656.0,1.33,1.0,21.0,0.65,2.0,1.97,1.0,13.16,17.0,2.61,0.0,4.36,3.0,9.23,11.0,1.31,12.0,4.0,2.0,0.41,0.44,0.48,1.0,0.0,0.0,3.0,0.0,0.0
8478872,2024,Karel Vejmelka,UTA,G,other,34,2773.0,6.62,5.0,89.0,3.29,4.0,9.56,10.0,48.12,46.0,0.72,0.0,26.83,21.0,16.03,24.0,6.02,38.0,15.0,11.0,1.35,1.94,3.33,1.0,1.0,3.0,25.0,0.0,0.0
8478872,2024,Karel Vejmelka,UTA,G,all,34,119263.0,95.46,85.0,1910.0,64.97,91.0,244.1,194.0,997.87,929.0,35.64,5.0,527.41,470.0,384.52,507.0,91.72,966.0,287.0,97.0,28.95,35.63,30.87,27.0,25.0,33.0,560.0,0.0,0.0
8478872,2024,Karel Vejmelka,UTA,G,5on5,34,97952.0,65.61,56.0,1471.0,46.12,73.0,194.61,156.0,761.33,699.0,30.19,5.0,398.77,344.0,302.23,402.0,63.79,762.0,208.0,63.0,22.27,26.08,17.27,21.0,19.0,16.0,438.0,0.0,0.0
8478872,2024,Karel Vejmelka,UTA,G,4on5,34,9435.0,20.35,18.0,306.0,13.98,13.0,34.46,27.0,159.99,151.0,0.59,0.0,91.64,95.0,49.4,61.0,19.09,144.0,49.0,22.0,4.53,5.81,10.02,3.0,1.0,14.0,91.0,0.0,0.0
8478872,2024,Karel Vejmelka,UTA,G,5on4,34,9103.0,1.47,3.0,29.0,0.85,0.0,3.16,1.0,16.82,21.0,3.78,0.0,5.46,7.0,11.43,12.0,1.46,16.0,6.0,1.0,0.53,0.68,0.26,2.0,1.0,0.0,6.0,0.0,0.0
8479979,2024,Jake Oettinger,DAL,G,other,40,3385.0,7.47,6.0,107.0,4.23,6.0,10.06,6.0,53.08,40.0,1.3,1.0,31.81,29.0,15.56,24.0,6.66,35.0,27.0,9.0,1.43,3.36,2.69,1.0,4.0,1.0,36.0,0.0,0.0
8479979,2024,Jake Oettinger,DAL,G,all,40,140915.0,101.28,92.0,2188.0,75.74,103.0,287.56,244.0,1169.98,1037.0,41.69,6.0,627.45,482.0,461.15,671.0,97.1,1197.0,287.0,108.0,34.72,33.95,32.62,35.0,34.0,23.0,596.0,0.0,0.0
8479979,2024,Jake Oettinger,DAL,G,5on5,40,115947.0,78.1,67.0,1800.0,58.08,82.0,242.67,203.0,952.95,834.0,33.19,3.0,505.23,384.0,383.38,563.0,75.34,992.0,226.0,81.0,29.16,26.45,22.5,27.0,27.0,13.0,501.0,0.0,0.0
8479979,2024,Jake Oettinger,DAL,G,4on5,40,10156.0,13.74,14.0,244.0,12.23,15.0,30.33,33.0,135.93,130.0,0.79,0.0,81.96,66.0,43.1,58.0,13.15,143.0,26.0,17.0,3.53,3.09,7.12,4.0,2.0,8.0,58.0,0.0,0.0
8479979,2024,Jake Oettinger,DAL,G,5on4,40,11427.0,1.88,4.0,36.0,1.13,0.0,4.35,2.0,27.1,32.0,6.4,2.0,8.14,3.0,18.71,26.0,1.87,26.0,8.0,1.0,0.53,1.05,0.3,2.0,1.0,1.0,1.0,0.0,0.0
8477968,2024,Alex Nedeljkovic,PIT,G,other,27,2581.0,6.47,9.0,89.0,3.44,5.0,8.75,9.0,43.38,42.0,0.75,1.0,23.54,22.0,14.33,13.0,6.01,31.0,19.0,8.0,1.33,2.63,2.51,1.0,6.0,2.0,31.0,0.0,0.0
8477968,2024,Alex Nedeljkovic,PIT,G,all,27,95705.0,79.58,78.0,1607.0,56.4,93.0,205.66,174.0,838.18,779.0,29.38,2.0,457.4,374.0,330.24,438.0,75.26,858.0,219.0,81.0,24.16,27.76,27.66,26.0,29.0,23.0,449.0,2.0,1.0
8477968,2024,Alex Nedeljkovic,PIT,G,5on5,27,78508.0,54.56,52.0,1263.0,41.65,74.0,166.57,131.0,646.4,601.0,23.41,1.0,353.78,285.0,256.91,353.0,52.29,681.0,163.0,52.0,19.09,20.37,15.09,21.0,21.0,10.0,367.0,2.0,1.0
8477968,2024,Alex Nedeljkovic,PIT,G,4on5,27,7254.0,15.8,15.0,208.0,9.72,11.0,25.15,30.0,116.33,107.0,0.48,0.0,68.91,62.0,36.75,42.0,14.29,115.0,25.0,20.0,2.79,3.2,9.81,3.0,1.0,11.0,48.0,0.0,0.0
8477968,2024,Alex Nedeljkovic,PIT,G,5on4,27,7362.0,2.19,1.0,40.0,1.34,3.0,4.6,4.0,28.54,27.0,4.49,0.0,9.16,3.0,20.76,28.0,2.1,30.0,8.0,1.0,0.88,1.06,0.25,1.0,0.0,0.0,1.0,0.0,0.0
8476999,2024,Linus Ullmark,OTT,G,other,25,3017.0,8.0,4.0,95.0,4.03,11.0,10.47,4.0,50.49,47.0,0.75,0.0,30.78,27.0,14.75,24.0,6.05,45.0,13.0,12.0,1.7,1.71,4.59,1.0,1.0,2.0,25.0,0.0,0.0
8476999,2024,Linus Ullmark,OTT,G,all,25,84017.0,69.1,58.0,1378.0,48.82,80.0,175.12,152.0,711.62,686.0,24.99,2.0,395.88,317.0,273.72,375.0,62.75,731.0,182.0,74.0,21.1,23.16,24.84,24.0,17.0,17.0,391.0,0.0,0.0
8476999,2024,Linus Ullmark,OTT,G,5on5,25,67138.0,45.58,42.0,1088.0,35.32,60.0,142.49,118.0,550.96,529.0,19.84,2.0,302.64,236.0,223.0,308.0,43.45,599.0,123.0,46.0,16.9,15.59,13.09,22.0,10.0,10.0,320.0,0.0,0.0
8476999,2024,Linus Ullmark,OTT,G,4on5,25,6593.0,15.03,12.0,179.0,9.15,9.0,20.63,29.0,101.81,104.0,0.65,0.0,59.73,51.0,30.28,36.0,12.77,79.0,43.0,16.0,2.35,5.51,7.16,1.0,6.0,5.0,41.0,0.0,0.0
8476999,2024,Linus Ullmark,OTT,G,5on4,25,7269.0,0.23,0.0,13.0,0.24,0.0,1.24,1.0,6.65,4.0,3.58,0.0,2.14,3.0,4.97,5.0,0.23,8.0,1.0,0.0,0.15,0.08,0.0,0.0,0.0,0.0,4.0,0.0,0.0
8478009,2024,Ilya Sorokin,NYI,G,other,40,3841.0,12.41,11.0,150.0,6.16,9.0,15.48,9.0,80.34,74.0,1.22,0.0,45.36,44.0,23.96,33.0,10.88,60.0,27.0,19.0,2.63,3.54,6.24,2.0,3.0,6.0,44.0,0.0,0.0
8478009,2024,Ilya Sorokin,NYI,G,all,40,137943.0,110.93,103.0,2328.0,81.87,124.0,291.94,205.0,1209.36,1107.0,40.13,1.0,654.88,540.0,471.28,676.0,106.4,1247.0,288.0,116.0,35.96,37.01,37.96,35.0,39.0,29.0,677.0,2.0,1.0
8478009,2024,Ilya Sorokin,NYI,G,5on5,40,116757.0,78.13,69.0,1901.0,62.34,94.0,245.32,175.0,974.4,890.0,32.88,1.0,525.6,433.0,392.11,562.0,76.16,1037.0,230.0,69.0,29.2,29.56,19.37,29.0,33.0,7.0,565.0,2.0,1.0
8478009,2024,Ilya Sorokin,NYI,G,4on5,40,8628.0,18.23,21.0,238.0,12.07,19.0,26.96,20.0,128.98,117.0,0.94,0.0,75.06,56.0,38.5,59.0,17.22,124.0,25.0,26.0,3.2,3.29,11.73,3.0,2.0,16.0,63.0,0.0,0.0
8478009,2024,Ilya Sorokin,NYI,G,5on4,40,8717.0,1.73,2.0,32.0,1.01,2.0,3.31,1.0,21.1,21.0,5.06,0.0,6.72,6.0,14.58,17.0,1.7,22.0,4.0,2.0,0.76,0.35,0.62,1.0,1.0,0.0,4.0,0.0,0.0
8480280,2024,Jeremy Swayman,BOS,G,other,40,3860.0,7.91,9.0,126.0,4.91,7.0,13.52,11.0,65.49,58.0,1.33,2.0,37.84,29.0,22.24,32.0,7.38,59.0,20.0,10.0,2.55,2.25,3.11,3.0,2.0,4.0,37.0,0.0,0.0
8480280,2024,Jeremy Swayman,BOS,G,all,40,141437.0,116.05,117.0,2362.0,80.87,116.0,301.77,270.0,1234.59,1149.0,38.4,4.0,670.92,536.0,495.11,665.0,110.97,1277.0,305.0,125.0,36.22,37.73,42.1,51.0,35.0,31.0,655.0,0.0,0.0
8480280,2024,Jeremy Swayman,BOS,G,5on5,40,113738.0,76.04,71.0,1858.0,58.9,86.0,244.65,209.0,952.39,876.0,30.01,2.0,523.59,430.0,389.31,528.0,73.24,1033.0,224.0,68.0,28.52,27.85,19.67,41.0,21.0,9.0,533.0,0.0,0.0
8480280,2024,Jeremy Swayman,BOS,G,4on5,40,11510.0,25.8,32.0,299.0,14.22,18.0,35.3,48.0,163.85,163.0,0.87,0.0,92.85,66.0,49.35,59.0,24.48,139.0,48.0,36.0,3.88,5.94,15.99,5.0,11.0,16.0,76.0,0.0,0.0
8480280,2024,Jeremy Swayman,BOS,G,5on4,40,12329.0,5.98,4.0,75.0,2.68,5.0,7.63,2.0,49.75,49.0,6.02,0.0,15.44,11.0,32.63,43.0,5.55,44.0,11.0,11.0,1.2,1.45,3.34,1.0,1.0,2.0,9.0,0.0,0.0
8476945,2024,Connor Hellebuyck,WPG,G,other,43,4346.0,9.96,8.0,127.0,5.46,12.0,13.53,8.0,66.39,64.0,1.33,0.0,37.37,34.0,19.4,26.0,8.84,53.0,20.0,15.0,1.93,2.56,5.46,2.0,2.0,4.0,39.0,0.0,0.0
8476945,2024,Connor Hellebuyck,WPG,G,all,43,155193.0,116.81,89.0,2591.0,89.31,149.0,331.52,259.0,1326.44,1188.0,43.6,0.0,728.16,637.0,530.63,704.0,110.9,1423.0,293.0,126.0,38.13,36.93,41.76,38.0,20.0,31.0,749.0,0.0,0.0
8476945,2024,Connor Hellebuyck,WPG,G,5on5,43,130506.0,82.07,59.0,2082.0,66.21,105.0,272.07,220.0,1050.66,931.0,35.98,0.0,581.31,520.0,433.38,563.0,78.96,1164.0,234.0,73.0,31.79,29.6,20.67,29.0,16.0,14.0,611.0,0.0,0.0
8476945,2024,Connor Hellebuyck,WPG,G,4on5,43,10340.0,21.97,20.0,328.0,15.94,28.0,39.8,27.0,173.96,154.0,0.76,0.0,97.62,78.0,52.59,81.0,20.35,168.0,31.0,35.0,3.46,3.68,14.82,6.0,2.0,12.0,94.0,0.0,0.0
8476945,2024,Connor Hellebuyck,WPG,G,5on4,43,10001.0,2.73,2.0,52.0,1.64,4.0,5.89,4.0,34.16,37.0,5.48,0.0,11.33,5.0,24.22,32.0,2.66,36.0,8.0,3.0,0.85,1.08,0.8,1.0,0.0,1.0,5.0,0.0,0.0
8481020,2024,Justus Annunen,NSH,G,other,22,3024.0,6.44,6.0,90.0,3.74,4.0,9.68,12.0,46.14,41.0,1.08,1.0,28.16,25.0,13.29,16.0,5.68,33.0,23.0,7.0,1.19,2.77,2.48,1.0,4.0,1.0,27.0,0.0,0.0
8481020,2024,Justus Annunen,NSH,G,all,22,66858.0,52.79,57.0,1079.0,38.0,46.0,134.94,122.0,561.51,519.0,19.17,1.0,309.14,254.0,219.37,294.0,49.83,562.0,164.0,47.0,16.77,20.02,16.0,29.0,18.0,10.0,306.0,0.0,0.0
8481020,2024,Justus Annunen,NSH,G,5on5,22,54440.0,33.89,36.0,852.0,27.52,36.0,109.06,91.0,432.56,395.0,14.77,0.0,237.25,195.0,175.87,240.0,32.57,463.0,110.0,25.0,13.36,13.44,7.09,25.0,8.0,3.0,254.0,0.0,0.0
8481020,2024,Justus Annunen,NSH,G,4on5,22,4360.0,11.38,14.0,112.0,6.06,5.0,13.82,18.0,67.91,68.0,0.18,0.0,38.83,33.0,19.71,22.0,10.51,52.0,25.0,15.0,1.85,3.1,6.43,3.0,5.0,6.0,20.0,0.0,0.0
8481020,2024,Justus Annunen,NSH,G,5on4,22,5034.0,1.08,1.0,25.0,0.68,1.0,2.37,1.0,14.9,15.0,3.14,0.0,4.9,1.0,10.49,16.0,1.07,14.0,6.0,0.0,0.37,0.71,0.0,0.0,1.0,0.0,5.0,0.0,0.0
8476914,2024,Joonas Korpisalo,BOS,G,other,19,1506.0,3.07,1.0,47.0,1.84,2.0,4.87,4.0,23.54,20.0,0.8,0.0,14.14,14.0,9.18,13.0,2.99,23.0,7.0,4.0,0.89,0.88,1.3,1.0,0.0,0.0,13.0,0.0,0.0
8476914,2024,Joonas Korpisalo,BOS,G,all,19,64275.0,48.87,51.0,1052.0,36.71,62.0,139.42,104.0,554.61,474.0,17.65,1.0,298.74,230.0,216.37,310.0,47.39,582.0,127.0,50.0,16.02,16.74,16.11,22.0,17.0,12.0,293.0,0.0,0.0
8476914,2024,Joonas Korpisalo,BOS,G,5on5,19,53414.0,35.38,34.0,857.0,27.59,47.0,117.46,88.0,447.79,380.0,13.17,1.0,240.88,188.0,177.54,255.0,34.2,480.0,102.0,32.0,13.11,13.46,8.82,16.0,12.0,6.0,243.0,0.0,0.0
8476914,2024,Joonas Korpisalo,BOS,G,4on5,19,4981.0,9.58,12.0,131.0,6.78,13.0,15.0,11.0,70.08,60.0,0.61,0.0,39.66,27.0,20.57,31.0,9.37,64.0,17.0,13.0,1.52,2.29,5.76,2.0,4.0,6.0,37.0,0.0,0.0
8476914,2024,Joonas Korpisalo,BOS,G,5on4,19,4374.0,0.73,3.0,16.0,0.47,0.0,1.95,1.0,12.41,13.0,2.96,0.0,3.76,1.0,8.68,11.0,0.73,15.0,0.0,1.0,0.49,0.0,0.24,3.0,0.0,0.0,0.0,0.0,0.0
8477831,2024,Pheonix Copley,LAK,G,other,1,0.0,0.0,0.0,0.0,0.0,0.0,0.0,0.0,0.0,0.0,0.0,0.0,0.0,0.0,0.0,0.0,0.0,0.0,0.0,0.0,0.0,0.0,0.0,0.0,0.0,0.0,0.0,0.0,0.0
8477831,2024,Pheonix Copley,LAK,G,all,1,1649.0,1.01,2.0,16.0,0.71,1.0,1.89,1.0,9.47,12.0,0.48,0.0,4.45,5.0,3.67,3.0,0.94,7.0,3.0,2.0,0.16,0.34,0.51,1.0,1.0,0.0,4.0,0.0,0.0
8477831,2024,Pheonix Copley,LAK,G,5on5,1,1142.0,0.24,0.0,9.0,0.26,0.0,0.98,1.0,4.53,6.0,0.35,0.0,2.51,4.0,1.87,1.0,0.24,5.0,1.0,0.0,0.13,0.12,0.0,0.0,0.0,0.0,3.0,0.0,0.0
8477831,2024,Pheonix Copley,LAK,G,4on5,1,147.0,0.64,2.0,5.0,0.38,1.0,0.73,0.0,3.43,4.0,0.0,0.0,1.46,1.0,0.69,0.0,0.57,1.0,1.0,2.0,0.03,0.1,0.51,1.0,1.0,0.0,1.0,0.0,0.0
8477831,2024,Pheonix Copley,LAK,G,5on4,1,360.0,0.13,0.0,2.0,0.06,0.0,0.18,0.0,1.5,2.0,0.13,0.0,0.48,0.0,1.11,2.0,0.13,1.0,1.0,0.0,0.01,0.12,0.0,0.0,0.0,0.0,0.0,0.0,0.0
8475660,2024,Cam Talbot,DET,G,other,31,2055.0,7.42,4.0,77.0,3.18,5.0,7.68,13.0,39.62,35.0,0.79,0.0,22.98,23.0,9.32,7.0,6.41,20.0,20.0,12.0,0.76,2.2,4.45,1.0,2.0,1.0,25.0,0.0,0.0
8475660,2024,Cam Talbot,DET,G,all,31,102541.0,89.83,81.0,1779.0,62.12,97.0,228.75,194.0,930.98,854.0,26.75,1.0,502.8,442.0,358.07,456.0,84.2,945.0,219.0,109.0,26.04,26.86,36.93,31.0,21.0,29.0,506.0,0.0,0.0
8475660,2024,Cam Talbot,DET,G,5on5,31,87031.0,63.37,50.0,1456.0,48.49,79.0,195.54,164.0,762.76,694.0,21.38,1.0,408.48,363.0,304.2,388.0,59.93,799.0,177.0,70.0,21.94,21.85,19.59,25.0,18.0,7.0,410.0,0.0,0.0
8475660,2024,Cam Talbot,DET,G,4on5,31,6352.0,17.19,24.0,213.0,9.37,13.0,22.91,15.0,111.44,104.0,0.48,0.0,64.75,52.0,33.25,46.0,16.04,111.0,15.0,25.0,2.85,1.88,12.46,3.0,1.0,20.0,62.0,0.0,0.0
8475660,2024,Cam Talbot,DET,G,5on4,31,7103.0,1.5,3.0,25.0,0.86,0.0,1.91,2.0,13.39,17.0,3.94,0.0,4.8,2.0,9.47,12.0,1.47,12.0,5.0,2.0,0.37,0.69,0.43,2.0,0.0,1.0,6.0,0.0,0.0
8475831,2024,Philipp Grubauer,SEA,G,other,21,1640.0,1.86,0.0,35.0,1.14,0.0,4.07,4.0,18.69,12.0,0.4,0.0,10.82,8.0,7.48,14.0,1.85,19.0,4.0,3.0,0.58,0.44,0.83,0.0,0.0,0.0,9.0,0.0,0.0
8475831,2024,Philipp Grubauer,SEA,G,all,21,69564.0,56.54,74.0,1230.0,42.62,48.0,154.58,126.0,634.36,552.0,19.13,0.0,353.06,296.0,251.68,335.0,54.48,665.0,153.0,62.0,18.73,19.32,18.49,30.0,31.0,13.0,350.0,0.0,0.0
8475831,2024,Philipp Grubauer,SEA,G,5on5,21,59137.0,43.63,63.0,1034.0,33.95,40.0,133.51,104.0,531.26,464.0,16.37,0.0,293.92,243.0,215.0,287.0,42.41,571.0,126.0,41.0,16.19,15.88,11.56,29.0,28.0,6.0,296.0,0.0,0.0
8475831,2024,Philipp Grubauer,SEA,G,4on5,21,3683.0,9.97,11.0,144.0,7.01,8.0,15.52,18.0,73.32,66.0,0.3,0.0,45.09,41.0,21.86,24.0,9.12,66.0,20.0,16.0,1.76,2.52,5.68,1.0,3.0,7.0,42.0,0.0,0.0
8475831,2024,Philipp Grubauer,SEA,G,5on4,21,5104.0,1.09,0.0,17.0,0.53,0.0,1.49,0.0,11.09,10.0,2.06,0.0,3.23,4.0,7.33,10.0,1.09,9.0,3.0,2.0,0.2,0.48,0.41,0.0,0.0,0.0,3.0,0.0,0.0
8478916,2024,Joey Daccord,SEA,G,other,38,3391.0,11.22,9.0,106.0,4.68,5.0,10.87,11.0,59.34,55.0,1.22,1.0,35.4,39.0,15.74,16.0,8.3,46.0,16.0,18.0,1.92,1.83,7.48,2.0,2.0,5.0,26.0,0.0,0.0
8478916,2024,Joey Daccord,SEA,G,all,38,132967.0,112.4,92.0,2355.0,82.55,142.0,302.8,284.0,1224.45,1088.0,36.66,3.0,675.11,595.0,482.04,582.0,105.42,1299.0,266.0,132.0,36.61,33.04,42.75,35.0,32.0,25.0,658.0,0.0,0.0
8478916,2024,Joey Daccord,SEA,G,5on5,38,110476.0,79.48,64.0,1882.0,60.94,118.0,248.5,234.0,959.55,848.0,29.96,2.0,522.76,455.0,389.28,461.0,76.29,1037.0,213.0,84.0,28.89,26.67,23.92,28.0,27.0,9.0,548.0,0.0,0.0
8478916,2024,Joey Daccord,SEA,G,4on5,38,8734.0,18.66,18.0,317.0,15.26,17.0,38.19,32.0,171.02,149.0,0.76,0.0,105.86,97.0,53.13,73.0,17.82,183.0,28.0,26.0,4.94,3.45,10.28,5.0,3.0,10.0,80.0,0.0,0.0
8478916,2024,Joey Daccord,SEA,G,5on4,38,10366.0,2.89,1.0,47.0,1.57,2.0,4.81,6.0,32.3,33.0,4.6,0.0,10.11,4.0,22.62,30.0,2.88,30.0,9.0,4.0,0.72,1.1,1.07,0.0,0.0,1.0,4.0,0.0,0.0
8480051,2024,Cayden Primeau,MTL,G,other,11,1194.0,2.56,3.0,36.0,1.21,0.0,2.61,4.0,15.42,16.0,0.48,0.0,9.3,8.0,4.84,5.0,2.5,10.0,9.0,2.0,0.44,1.22,0.91,0.0,2.0,1.0,15.0,0.0,0.0
8480051,2024,Cayden Primeau,MTL,G,all,11,31422.0,31.53,41.0,557.0,20.4,34.0,68.04,58.0,289.39,250.0,7.83,0.0,155.31,119.0,107.12,139.0,29.98,267.0,88.0,37.0,9.05,10.95,11.52,22.0,14.0,5.0,165.0,2.0,1.0
8480051,2024,Cayden Primeau,MTL,G,5on5,11,24401.0,20.95,33.0,419.0,14.69,27.0,53.45,41.0,218.9,187.0,6.15,0.0,116.73,84.0,83.89,112.0,20.23,216.0,57.0,24.0,7.04,7.25,6.66,18.0,11.0,4.0,122.0,2.0,1.0
8480051,2024,Cayden Primeau,MTL,G,4on5,11,3160.0,6.9,4.0,92.0,4.0,6.0,10.94,13.0,47.72,39.0,0.26,0.0,26.81,23.0,13.77,18.0,6.14,35.0,20.0,9.0,1.37,2.3,3.23,3.0,1.0,0.0,28.0,0.0,0.0
8480051,2024,Cayden Primeau,MTL,G,5on4,11,2667.0,1.12,1.0,10.0,0.49,1.0,1.04,0.0,7.35,8.0,0.94,0.0,2.46,4.0,4.62,4.0,1.11,6.0,2.0,2.0,0.2,0.18,0.73,1.0,0.0,0.0,0.0,0.0,0.0
8479406,2024,Filip Gustavsson,MIN,G,other,37,3456.0,15.17,9.0,141.0,6.01,9.0,14.26,13.0,79.95,77.0,1.0,0.0,43.95,34.0,23.02,40.0,12.28,46.0,35.0,24.0,1.96,4.77,8.44,2.0,4.0,3.0,36.0,0.0,0.0
8479406,2024,Filip Gustavsson,MIN,G,all,37,130263.0,109.56,95.0,2310.0,80.22,103.0,292.39,252.0,1212.84,1117.0,35.46,2.0,674.91,481.0,475.3,739.0,103.11,1265.0,286.0,123.0,35.44,34.83,39.29,28.0,32.0,35.0,636.0,0.0,0.0
8479406,2024,Filip Gustavsson,MIN,G,5on5,37,108945.0,71.89,57.0,1838.0,59.53,79.0,238.39,203.0,943.22,850.0,28.67,1.0,523.76,366.0,381.95,600.0,69.29,1033.0,204.0,71.0,27.97,24.51,19.42,20.0,20.0,17.0,530.0,0.0,0.0
8479406,2024,Filip Gustavsson,MIN,G,4on5,37,8725.0,20.44,25.0,290.0,13.4,15.0,35.93,33.0,162.4,159.0,0.64,0.0,98.13,78.0,50.39,72.0,19.56,156.0,42.0,26.0,4.59,4.9,10.95,4.0,6.0,15.0,66.0,0.0,0.0
8479406,2024,Filip Gustavsson,MIN,G,5on4,37,9137.0,2.02,3.0,39.0,1.22,0.0,3.47,3.0,25.83,29.0,5.11,1.0,8.36,3.0,19.15,26.0,1.91,28.0,5.0,2.0,0.88,0.65,0.49,1.0,2.0,0.0,4.0,0.0,0.0
8477992,2024,Jonas Johansson,TBL,G,other,13,1296.0,1.91,0.0,26.0,1.1,0.0,2.66,1.0,13.72,9.0,0.56,0.0,7.63,9.0,4.18,8.0,1.79,9.0,7.0,2.0,0.31,1.03,0.56,0.0,0.0,0.0,8.0,0.0,0.0
8477992,2024,Jonas Johansson,TBL,G,all,13,44460.0,36.72,40.0,748.0,27.3,36.0,99.71,74.0,400.38,369.0,13.14,1.0,217.83,176.0,156.7,226.0,34.97,403.0,113.0,36.0,12.23,13.95,10.53,20.0,16.0,4.0,196.0,0.0,0.0
8477992,2024,Jonas Johansson,TBL,G,5on5,13,37934.0,28.36,30.0,632.0,22.12,30.0,86.53,66.0,337.19,309.0,10.8,1.0,182.9,144.0,134.74,196.0,27.13,354.0,84.0,28.0,10.21,10.12,8.02,17.0,9.0,4.0,166.0,0.0,0.0
8477992,2024,Jonas Johansson,TBL,G,4on5,13,2500.0,5.83,8.0,78.0,3.66,6.0,8.99,7.0,40.99,40.0,0.38,0.0,23.91,22.0,12.05,13.0,5.44,30.0,20.0,6.0,1.33,2.55,1.95,2.0,6.0,0.0,22.0,0.0,0.0
8477992,2024,Jonas Johansson,TBL,G,5on4,13,2730.0,0.57,1.0,11.0,0.37,0.0,1.4,0.0,7.8,10.0,1.32,0.0,2.98,1.0,5.39,9.0,0.56,9.0,2.0,0.0,0.33,0.24,0.0,0.0,1.0,0.0,0.0,0.0,0.0
8477480,2024,Eric Comrie,WPG,G,other,13,1038.0,0.88,0.0,26.0,0.67,0.0,2.56,3.0,11.82,8.0,0.39,0.0,6.09,9.0,5.45,4.0,0.88,13.0,3.0,0.0,0.53,0.35,0.0,0.0,0.0,0.0,10.0,0.0,0.0
8477480,2024,Eric Comrie,WPG,G,all,13,46112.0,33.31,33.0,781.0,26.56,28.0,100.78,94.0,402.39,375.0,13.18,3.0,221.9,200.0,160.97,201.0,32.25,432.0,94.0,31.0,12.08,11.72,9.52,14.0,11.0,8.0,224.0,0.0,0.0
8477480,2024,Eric Comrie,WPG,G,5on5,13,38654.0,25.5,25.0,658.0,21.67,25.0,86.86,83.0,337.53,320.0,11.15,3.0,185.28,164.0,137.24,170.0,24.6,367.0,78.0,23.0,9.89,9.8,5.81,12.0,10.0,3.0,190.0,0.0,0.0
8477480,2024,Eric Comrie,WPG,G,4on5,13,3179.0,6.27,7.0,87.0,3.83,3.0,10.49,8.0,46.67,39.0,0.2,0.0,28.57,26.0,14.35,21.0,6.18,46.0,12.0,7.0,1.4,1.45,3.42,1.0,1.0,5.0,22.0,0.0,0.0
8477480,2024,Eric Comrie,WPG,G,5on4,13,3241.0,0.58,0.0,8.0,0.35,0.0,0.77,0.0,5.65,7.0,1.39,0.0,1.64,1.0,3.49,6.0,0.52,5.0,1.0,1.0,0.18,0.11,0.29,0.0,0.0,0.0,1.0,0.0,0.0
8476434,2024,John Gibson,ANA,G,other,23,1901.0,7.27,3.0,80.0,3.26,1.0,7.26,11.0,37.83,42.0,0.48,0.0,23.8,27.0,9.84,11.0,5.17,24.0,18.0,11.0,1.02,2.09,4.16,0.0,1.0,2.0,27.0,0.0,0.0
8476434,2024,John Gibson,ANA,G,all,23,76146.0,71.57,57.0,1375.0,48.74,74.0,174.88,172.0,719.14,662.0,21.03,3.0,389.54,298.0,277.83,384.0,67.16,718.0,184.0,85.0,21.09,22.51,27.96,12.0,21.0,24.0,388.0,2.0,1.0
8476434,2024,John Gibson,ANA,G,5on5,23,63936.0,50.57,40.0,1132.0,37.67,63.0,149.17,144.0,585.72,531.0,16.74,1.0,314.56,233.0,233.23,323.0,48.75,608.0,141.0,56.0,17.47,17.28,15.81,10.0,18.0,12.0,327.0,2.0,1.0
8476434,2024,John Gibson,ANA,G,4on5,23,4886.0,11.65,12.0,138.0,6.76,9.0,15.08,15.0,76.54,70.0,0.7,0.0,43.95,35.0,24.15,33.0,11.19,69.0,20.0,15.0,1.95,2.52,7.19,1.0,2.0,9.0,34.0,0.0,0.0
8476434,2024,John Gibson,ANA,G,5on4,23,5423.0,1.18,1.0,12.0,0.52,0.0,1.46,2.0,9.35,11.0,3.0,2.0,2.77,1.0,5.75,8.0,1.17,7.0,3.0,2.0,0.2,0.39,0.59,1.0,0.0,0.0,0.0,0.0,0.0
8481033,2024,Akira Schmid,VGK,G,other,1,64.0,0.0,0.0,1.0,0.0,0.0,0.0,0.0,0.0,0.0,0.02,0.0,0.0,0.0,0.0,0.0,0.0,0.0,0.0,0.0,0.0,0.0,0.0,0.0,0.0,0.0,1.0,0.0,0.0
8481033,2024,Akira Schmid,VGK,G,all,1,2005.0,0.75,0.0,31.0,1.36,1.0,4.1,4.0,17.92,12.0,0.63,0.0,9.74,11.0,7.51,8.0,0.74,23.0,1.0,0.0,0.61,0.14,0.0,0.0,0.0,0.0,7.0,0.0,0.0
8481033,2024,Akira Schmid,VGK,G,5on5,1,1490.0,0.61,0.0,21.0,0.67,0.0,2.67,2.0,11.83,7.0,0.55,0.0,6.21,8.0,5.48,6.0,0.61,15.0,1.0,0.0,0.47,0.14,0.0,0.0,0.0,0.0,5.0,0.0,0.0
8481033,2024,Akira Schmid,VGK,G,4on5,1,296.0,0.14,0.0,9.0,0.69,1.0,1.43,2.0,6.09,5.0,0.0,0.0,3.53,3.0,2.03,2.0,0.13,8.0,0.0,0.0,0.14,0.0,0.0,0.0,0.0,0.0,1.0,0.0,0.0
8481033,2024,Akira Schmid,VGK,G,5on4,1,155.0,0.0,0.0,0.0,0.0,0.0,0.0,0.0,0.0,0.0,0.06,0.0,0.0,0.0,0.0,0.0,0.0,0.0,0.0,0.0,0.0,0.0,0.0,0.0,0.0,0.0,0.0,0.0,0.0
8475839,2024,Louis Domingue,NYR,G,other,1,38.0,0.0,0.0,0.0,0.0,0.0,0.0,0.0,0.0,0.0,0.0,0.0,0.0,0.0,0.0,0.0,0.0,0.0,0.0,0.0,0.0,0.0,0.0,0.0,0.0,0.0,0.0,0.0,0.0
8475839,2024,Louis Domingue,NYR,G,all,1,3600.0,1.93,2.0,45.0,1.52,2.0,5.99,8.0,24.12,27.0,1.03,0.0,13.45,12.0,10.32,10.0,1.82,27.0,4.0,3.0,0.61,0.54,0.78,1.0,1.0,0.0,11.0,0.0,0.0
8475839,2024,Louis Domingue,NYR,G,5on5,1,3442.0,1.89,2.0,44.0,1.47,2.0,5.83,7.0,23.39,26.0,1.03,0.0,13.04,12.0,10.0,10.0,1.78,26.0,4.0,3.0,0.57,0.54,0.78,1.0,1.0,0.0,11.0,0.0,0.0
8475839,2024,Louis Domingue,NYR,G,4on5,1,120.0,0.04,0.0,1.0,0.05,0.0,0.16,1.0,0.73,1.0,0.0,0.0,0.41,0.0,0.32,0.0,0.04,1.0,0.0,0.0,0.04,0.0,0.0,0.0,0.0,0.0,0.0,0.0,0.0
8475839,2024,Louis Domingue,NYR,G,5on4,1,0.0,0.0,0.0,0.0,0.0,0.0,0.0,0.0,0.0,0.0,0.0,0.0,0.0,0.0,0.0,0.0,0.0,0.0,0.0,0.0,0.0,0.0,0.0,0.0,0.0,0.0,0.0,0.0,0.0
8483530,2024,Jaxson Stauber,UTA,G,other,4,499.0,0.85,0.0,19.0,0.74,1.0,2.29,0.0,10.04,7.0,0.17,0.0,6.06,6.0,3.71,6.0,0.79,12.0,1.0,1.0,0.43,0.11,0.3,0.0,0.0,0.0,5.0,0.0,0.0
8483530,2024,Jaxson Stauber,UTA,G,all,4,14545.0,12.53,9.0,258.0,8.38,12.0,31.72,22.0,129.24,120.0,3.82,0.0,68.22,67.0,49.0,63.0,11.96,128.0,31.0,15.0,3.98,3.99,4.55,4.0,3.0,2.0,84.0,0.0,0.0
8483530,2024,Jaxson Stauber,UTA,G,5on5,4,11497.0,8.9,8.0,198.0,6.23,11.0,25.79,18.0,99.87,97.0,3.02,0.0,52.0,50.0,38.85,48.0,8.49,105.0,19.0,11.0,3.08,2.58,3.23,4.0,3.0,1.0,63.0,0.0,0.0
8483530,2024,Jaxson Stauber,UTA,G,4on5,4,1321.0,2.36,1.0,37.0,1.27,0.0,3.41,4.0,16.72,13.0,0.07,0.0,9.5,10.0,4.95,7.0,2.27,10.0,10.0,2.0,0.46,1.1,0.8,0.0,0.0,1.0,15.0,0.0,0.0
8483530,2024,Jaxson Stauber,UTA,G,5on4,4,1228.0,0.42,0.0,4.0,0.14,0.0,0.23,0.0,2.62,3.0,0.56,0.0,0.67,1.0,1.48,2.0,0.42,1.0,1.0,1.0,0.01,0.2,0.22,0.0,0.0,0.0,1.0,0.0,0.0
8482447,2024,Leevi Merilainen,OTT,G,other,12,1262.0,2.73,2.0,37.0,1.33,3.0,4.01,6.0,19.59,24.0,0.48,0.0,10.55,7.0,6.67,8.0,2.51,17.0,5.0,4.0,0.68,0.65,1.4,1.0,0.0,1.0,11.0,0.0,0.0
8482447,2024,Leevi Merilainen,OTT,G,all,12,39779.0,28.75,22.0,610.0,19.6,32.0,77.0,71.0,310.3,295.0,11.26,1.0,164.68,125.0,125.21,176.0,26.54,320.0,76.0,30.0,8.77,9.67,10.32,8.0,6.0,8.0,184.0,0.0,0.0
8482447,2024,Leevi Merilainen,OTT,G,5on5,12,31817.0,17.36,17.0,481.0,14.25,21.0,62.06,55.0,235.34,220.0,8.55,1.0,127.86,100.0,98.12,135.0,16.8,262.0,50.0,16.0,6.71,6.54,4.12,7.0,5.0,5.0,153.0,0.0,0.0
8482447,2024,Leevi Merilainen,OTT,G,4on5,12,3267.0,7.78,3.0,74.0,3.47,7.0,8.7,9.0,42.91,42.0,0.22,0.0,22.34,17.0,12.36,20.0,6.39,29.0,17.0,10.0,1.02,1.97,4.79,0.0,1.0,2.0,18.0,0.0,0.0
8482447,2024,Leevi Merilainen,OTT,G,5on4,12,3433.0,0.69,0.0,15.0,0.42,1.0,1.96,0.0,10.89,8.0,1.94,0.0,3.23,1.0,7.36,12.0,0.67,11.0,3.0,0.0,0.33,0.37,0.0,0.0,0.0,0.0,1.0,0.0,0.0
8482783,2024,Aleksei Kolosov,PHI,G,other,15,1491.0,3.55,5.0,47.0,1.92,3.0,5.71,3.0,28.09,22.0,0.4,0.0,13.23,9.0,12.68,18.0,3.2,24.0,11.0,3.0,0.98,1.34,1.24,3.0,0.0,2.0,9.0,0.0,0.0
8482783,2024,Aleksei Kolosov,PHI,G,all,15,46986.0,39.32,45.0,809.0,26.43,37.0,94.35,65.0,397.58,347.0,12.5,2.0,212.83,165.0,159.88,234.0,37.54,400.0,102.0,44.0,12.62,12.78,13.92,17.0,8.0,20.0,263.0,0.0,0.0
8482783,2024,Aleksei Kolosov,PHI,G,5on5,15,40666.0,27.32,32.0,671.0,20.18,29.0,77.58,56.0,315.95,272.0,11.13,1.0,171.3,126.0,128.1,192.0,26.34,330.0,77.0,28.0,10.28,9.56,7.49,14.0,6.0,12.0,236.0,0.0,0.0
8482783,2024,Aleksei Kolosov,PHI,G,4on5,15,2436.0,8.07,8.0,83.0,4.09,5.0,10.26,5.0,47.39,45.0,0.16,0.0,26.43,29.0,14.55,18.0,7.64,39.0,13.0,13.0,1.13,1.74,5.2,0.0,2.0,6.0,18.0,0.0,0.0
8482783,2024,Aleksei Kolosov,PHI,G,5on4,15,2393.0,0.37,0.0,8.0,0.24,0.0,0.79,1.0,6.16,8.0,0.82,1.0,1.89,1.0,4.56,6.0,0.36,7.0,1.0,0.0,0.23,0.14,0.0,0.0,0.0,0.0,0.0,0.0,0.0
8476341,2024,Anton Forsberg,OTT,G,other,21,2067.0,4.45,4.0,42.0,1.71,3.0,5.03,5.0,24.1,24.0,0.73,0.0,13.37,11.0,6.62,9.0,4.24,18.0,8.0,6.0,0.73,1.11,2.61,1.0,3.0,0.0,10.0,0.0,0.0
8476341,2024,Anton Forsberg,OTT,G,all,21,71060.0,57.96,57.0,1137.0,38.03,55.0,141.6,96.0,589.82,535.0,19.32,0.0,315.58,226.0,229.51,366.0,55.72,586.0,141.0,75.0,16.37,17.83,23.76,14.0,25.0,18.0,335.0,0.0,0.0
8476341,2024,Anton Forsberg,OTT,G,5on5,21,57923.0,38.25,38.0,924.0,28.72,44.0,118.8,80.0,470.7,423.0,15.75,0.0,253.93,176.0,189.7,306.0,37.12,495.0,105.0,45.0,13.46,13.31,11.48,12.0,18.0,8.0,279.0,0.0,0.0
8476341,2024,Anton Forsberg,OTT,G,4on5,21,5308.0,13.74,13.0,146.0,6.82,8.0,15.75,9.0,80.01,72.0,0.5,0.0,43.61,37.0,23.6,38.0,12.88,61.0,22.0,23.0,1.72,2.55,9.47,0.0,3.0,10.0,40.0,0.0,0.0
8476341,2024,Anton Forsberg,OTT,G,5on4,21,5762.0,1.14,1.0,21.0,0.65,0.0,1.53,1.0,12.63,13.0,2.32,0.0,3.7,1.0,8.64,13.0,1.13,11.0,4.0,1.0,0.39,0.55,0.21,1.0,0.0,0.0,5.0,0.0,0.0
8480045,2024,Ukko-Pekka Luukkonen,BUF,G,other,39,4530.0,9.64,16.0,156.0,6.39,7.0,16.27,8.0,79.61,74.0,1.31,1.0,48.57,48.0,24.25,29.0,8.97,68.0,32.0,8.0,2.83,3.84,2.97,5.0,6.0,5.0,48.0,0.0,0.0
8480045,2024,Ukko-Pekka Luukkonen,BUF,G,all,39,135729.0,113.03,114.0,2283.0,81.01,132.0,290.69,207.0,1196.52,1082.0,38.53,3.0,653.95,549.0,469.83,641.0,107.18,1216.0,315.0,118.0,34.21,40.02,38.81,42.0,38.0,34.0,634.0,0.0,0.0
8480045,2024,Ukko-Pekka Luukkonen,BUF,G,5on5,39,109686.0,78.52,75.0,1795.0,60.15,108.0,236.94,169.0,931.83,831.0,30.55,1.0,505.54,423.0,373.45,507.0,75.7,965.0,248.0,73.0,27.02,31.67,19.83,36.0,27.0,12.0,509.0,0.0,0.0
8480045,2024,Ukko-Pekka Luukkonen,BUF,G,4on5,39,10434.0,21.55,20.0,280.0,12.66,16.0,32.28,28.0,148.79,142.0,1.09,1.0,88.61,68.0,47.78,75.0,19.24,149.0,27.0,32.0,3.35,3.3,14.9,0.0,4.0,16.0,72.0,0.0,0.0
8480045,2024,Ukko-Pekka Luukkonen,BUF,G,5on4,39,11079.0,3.22,3.0,50.0,1.75,1.0,4.87,2.0,34.74,35.0,5.37,0.0,10.6,10.0,23.5,28.0,3.19,32.0,8.0,5.0,0.9,1.21,1.11,1.0,1.0,1.0,5.0,0.0,0.0
8482123,2024,Drew Commesso,CHI,G,other,2,0.0,0.0,0.0,0.0,0.0,0.0,0.0,0.0,0.0,0.0,0.0,0.0,0.0,0.0,0.0,0.0,0.0,0.0,0.0,0.0,0.0,0.0,0.0,0.0,0.0,0.0,0.0,0.0,0.0
8482123,2024,Drew Commesso,CHI,G,all,2,4281.0,3.84,4.0,73.0,2.66,5.0,7.99,4.0,35.68,26.0,1.04,0.0,18.59,19.0,12.73,15.0,3.55,35.0,6.0,6.0,1.28,0.89,1.67,1.0,2.0,1.0,26.0,0.0,0.0
8482123,2024,Drew Commesso,CHI,G,5on5,2,3441.0,2.79,4.0,57.0,2.0,3.0,6.56,4.0,29.28,19.0,0.94,0.0,15.55,14.0,11.2,14.0,2.7,29.0,6.0,4.0,0.93,0.89,0.96,1.0,2.0,1.0,18.0,0.0,0.0
8482123,2024,Drew Commesso,CHI,G,4on5,2,480.0,1.06,0.0,16.0,0.66,2.0,1.42,0.0,6.39,7.0,0.03,0.0,3.04,5.0,1.53,1.0,0.86,6.0,0.0,2.0,0.35,0.0,0.71,0.0,0.0,0.0,8.0,0.0,0.0
8482123,2024,Drew Commesso,CHI,G,5on4,2,360.0,0.0,0.0,0.0,0.0,0.0,0.0,0.0,0.0,0.0,0.07,0.0,0.0,0.0,0.0,0.0,0.0,0.0,0.0,0.0,0.0,0.0,0.0,0.0,0.0,0.0,0.0,0.0,0.0
8481707,2024,Erik Portillo,LAK,G,other,1,91.0,0.19,0.0,4.0,0.13,0.0,0.44,0.0,1.64,1.0,0.04,0.0,0.89,1.0,0.3,1.0,0.17,1.0,1.0,0.0,0.05,0.14,0.0,0.0,0.0,0.0,2.0,0.0,0.0
8481707,2024,Erik Portillo,LAK,G,all,1,3517.0,2.74,1.0,59.0,2.33,5.0,8.63,6.0,35.68,29.0,0.89,0.0,20.03,18.0,14.08,19.0,2.55,37.0,10.0,2.0,1.13,1.14,0.47,0.0,1.0,0.0,10.0,0.0,0.0
8481707,2024,Erik Portillo,LAK,G,5on5,1,2826.0,1.71,1.0,46.0,1.6,3.0,6.75,5.0,27.11,21.0,0.7,0.0,15.51,14.0,11.5,15.0,1.64,32.0,5.0,1.0,0.93,0.54,0.23,0.0,1.0,0.0,8.0,0.0,0.0
8481707,2024,Erik Portillo,LAK,G,4on5,1,360.0,0.81,0.0,8.0,0.57,2.0,1.36,1.0,6.24,7.0,0.02,0.0,3.4,3.0,1.65,2.0,0.71,3.0,4.0,1.0,0.12,0.46,0.23,0.0,0.0,0.0,0.0,0.0,0.0
8481707,2024,Erik Portillo,LAK,G,5on4,1,240.0,0.03,0.0,1.0,0.03,0.0,0.08,0.0,0.69,0.0,0.13,0.0,0.23,0.0,0.63,1.0,0.03,1.0,0.0,0.0,0.03,0.0,0.0,0.0,0.0,0.0,0.0,0.0,0.0
8480819,2024,Jakub Skarek,NYI,G,other,1,126.0,0.17,0.0,2.0,0.08,1.0,0.39,1.0,1.42,2.0,0.0,0.0,0.65,0.0,0.66,0.0,0.16,1.0,1.0,0.0,0.03,0.14,0.0,0.0,0.0,0.0,0.0,0.0,0.0
8480819,2024,Jakub Skarek,NYI,G,all,1,3405.0,2.18,5.0,60.0,2.11,5.0,7.36,7.0,29.27,32.0,1.26,0.0,17.86,11.0,12.39,15.0,2.14,32.0,11.0,0.0,0.97,1.21,0.0,2.0,3.0,0.0,17.0,0.0,0.0
8480819,2024,Jakub Skarek,NYI,G,5on5,1,2883.0,1.63,4.0,50.0,1.71,4.0,6.09,4.0,23.86,24.0,1.13,0.0,14.48,11.0,10.18,12.0,1.61,27.0,8.0,0.0,0.77,0.86,0.0,1.0,3.0,0.0,15.0,0.0,0.0
8480819,2024,Jakub Skarek,NYI,G,4on5,1,132.0,0.3,1.0,7.0,0.28,0.0,0.79,2.0,3.22,5.0,0.01,0.0,2.51,0.0,0.98,2.0,0.29,4.0,1.0,0.0,0.18,0.12,0.0,1.0,0.0,0.0,2.0,0.0,0.0
8480819,2024,Jakub Skarek,NYI,G,5on4,1,264.0,0.08,0.0,1.0,0.03,0.0,0.09,0.0,0.78,1.0,0.11,0.0,0.22,0.0,0.57,1.0,0.08,0.0,1.0,0.0,0.0,0.08,0.0,0.0,0.0,0.0,0.0,0.0,0.0
8478007,2024,Elvis Merzlikins,CBJ,G,other,37,3601.0,9.73,11.0,135.0,5.07,5.0,13.77,10.0,68.35,61.0,1.15,0.0,39.58,42.0,22.49,24.0,8.74,57.0,24.0,12.0,2.48,3.11,4.14,1.0,6.0,4.0,42.0,0.0,0.0
8478007,2024,Elvis Merzlikins,CBJ,G,all,37,133691.0,109.09,111.0,2355.0,79.76,115.0,285.87,192.0,1177.57,1058.0,36.65,4.0,646.0,525.0,459.49,669.0,104.41,1208.0,293.0,119.0,34.18,36.88,38.02,43.0,36.0,32.0,735.0,6.0,3.0
8478007,2024,Elvis Merzlikins,CBJ,G,5on5,37,112703.0,80.04,72.0,1919.0,60.48,99.0,236.85,156.0,943.24,828.0,30.78,4.0,512.3,403.0,378.44,563.0,76.84,997.0,220.0,83.0,27.82,27.78,24.43,37.0,21.0,14.0,619.0,6.0,3.0
8478007,2024,Elvis Merzlikins,CBJ,G,4on5,37,9736.0,17.36,25.0,268.0,13.11,11.0,32.09,25.0,145.7,146.0,1.12,0.0,87.07,73.0,44.48,65.0,16.86,135.0,42.0,22.0,3.4,5.03,8.93,3.0,8.0,14.0,69.0,0.0,0.0
8478007,2024,Elvis Merzlikins,CBJ,G,5on4,37,7651.0,1.7,3.0,28.0,0.88,0.0,2.5,0.0,17.62,21.0,3.48,0.0,5.6,4.0,12.78,17.0,1.7,17.0,5.0,2.0,0.45,0.74,0.51,2.0,1.0,0.0,4.0,0.0,0.0
8474596,2024,Jake Allen,NJD,G,other,21,2554.0,4.62,1.0,52.0,1.82,2.0,4.98,8.0,25.25,20.0,0.62,1.0,15.25,13.0,7.43,11.0,3.38,21.0,7.0,7.0,0.84,0.78,3.0,0.0,0.0,1.0,17.0,0.0,0.0
8474596,2024,Jake Allen,NJD,G,all,21,71697.0,67.09,51.0,1204.0,43.58,91.0,157.35,116.0,639.47,568.0,20.18,2.0,336.47,248.0,245.29,362.0,60.95,633.0,151.0,88.0,17.78,19.06,30.24,16.0,22.0,13.0,332.0,0.0,0.0
8474596,2024,Jake Allen,NJD,G,5on5,21,58223.0,45.7,37.0,986.0,32.91,69.0,132.81,99.0,514.76,455.0,15.48,0.0,274.85,204.0,203.75,297.0,43.23,531.0,122.0,55.0,14.61,15.61,15.47,14.0,17.0,6.0,278.0,0.0,0.0
8474596,2024,Jake Allen,NJD,G,4on5,21,5333.0,14.41,10.0,133.0,7.64,18.0,16.12,8.0,77.12,69.0,0.6,0.0,39.35,25.0,19.83,39.0,12.06,64.0,12.0,24.0,1.75,1.38,11.28,1.0,3.0,6.0,33.0,0.0,0.0
8474596,2024,Jake Allen,NJD,G,5on4,21,5587.0,1.97,2.0,28.0,1.03,2.0,2.91,1.0,19.15,20.0,3.33,1.0,5.66,5.0,12.82,14.0,1.89,16.0,7.0,2.0,0.52,0.96,0.49,1.0,1.0,0.0,3.0,0.0,0.0
8479496,2024,David Rittich,LAK,G,other,25,2496.0,3.57,6.0,60.0,2.17,5.0,6.26,3.0,28.9,28.0,0.77,0.0,16.78,13.0,9.12,12.0,3.48,25.0,9.0,5.0,0.99,0.89,1.7,3.0,2.0,1.0,21.0,0.0,0.0
8479496,2024,David Rittich,LAK,G,all,25,82027.0,57.03,59.0,1208.0,40.85,65.0,146.74,84.0,598.96,536.0,25.48,2.0,320.97,246.0,233.82,363.0,54.79,594.0,169.0,57.0,16.45,21.37,19.21,24.0,21.0,14.0,388.0,2.0,1.0
8479496,2024,David Rittich,LAK,G,5on5,25,69145.0,41.68,41.0,1003.0,31.66,52.0,123.79,73.0,486.19,436.0,21.6,1.0,259.37,195.0,194.79,304.0,40.07,492.0,140.0,36.0,13.32,17.63,10.74,19.0,17.0,5.0,335.0,2.0,1.0
8479496,2024,David Rittich,LAK,G,4on5,25,5445.0,10.85,11.0,121.0,6.44,8.0,14.94,7.0,71.1,59.0,0.56,1.0,40.38,35.0,20.04,34.0,10.33,62.0,17.0,16.0,1.68,2.4,6.77,1.0,2.0,8.0,26.0,0.0,0.0
8479496,2024,David Rittich,LAK,G,5on4,25,4941.0,0.92,1.0,24.0,0.59,0.0,1.75,1.0,12.77,13.0,2.56,0.0,4.44,3.0,9.87,13.0,0.92,15.0,3.0,0.0,0.46,0.46,0.0,1.0,0.0,0.0,6.0,0.0,0.0
8478499,2024,Adin Hill,VGK,G,other,34,2525.0,11.92,4.0,109.0,4.8,7.0,11.13,12.0,62.71,51.0,0.52,0.0,37.89,37.0,15.14,22.0,9.47,43.0,25.0,15.0,1.76,3.18,6.98,0.0,2.0,2.0,26.0,0.0,0.0
8478499,2024,Adin Hill,VGK,G,all,34,120050.0,96.8,88.0,1992.0,67.15,112.0,247.71,175.0,1013.91,883.0,34.46,3.0,555.68,502.0,394.98,518.0,90.34,1028.0,262.0,107.0,30.22,32.58,33.99,29.0,32.0,27.0,595.0,2.0,1.0
8478499,2024,Adin Hill,VGK,G,5on5,34,103381.0,71.61,69.0,1649.0,51.87,91.0,210.66,146.0,827.25,721.0,29.14,3.0,447.77,399.0,332.73,437.0,68.55,866.0,200.0,77.0,25.12,24.99,21.51,27.0,23.0,19.0,506.0,2.0,1.0
8478499,2024,Adin Hill,VGK,G,4on5,34,6520.0,10.98,13.0,200.0,9.54,11.0,22.8,16.0,104.08,93.0,0.63,0.0,63.73,62.0,34.41,43.0,10.06,104.0,28.0,13.0,2.82,3.23,4.93,2.0,6.0,5.0,55.0,0.0,0.0
8478499,2024,Adin Hill,VGK,G,5on4,34,7624.0,2.09,2.0,27.0,0.84,3.0,2.73,1.0,17.62,16.0,4.02,0.0,5.26,3.0,11.49,14.0,2.05,13.0,8.0,2.0,0.41,1.1,0.58,0.0,1.0,1.0,4.0,0.0,0.0
8479973,2024,Stuart Skinner,EDM,G,other,37,3115.0,7.37,4.0,107.0,4.31,6.0,12.55,7.0,57.82,55.0,1.02,0.0,34.58,41.0,19.09,22.0,7.02,52.0,19.0,9.0,2.08,2.33,2.97,3.0,0.0,1.0,27.0,0.0,0.0
8479973,2024,Stuart Skinner,EDM,G,all,37,128619.0,96.33,98.0,2000.0,67.98,109.0,263.15,214.0,1058.39,982.0,38.87,1.0,564.66,447.0,411.0,568.0,92.12,1094.0,233.0,112.0,30.58,28.89,36.86,43.0,32.0,23.0,561.0,0.0,0.0
8479973,2024,Stuart Skinner,EDM,G,5on5,37,109190.0,72.09,71.0,1631.0,52.04,89.0,218.49,182.0,851.11,782.0,32.35,1.0,449.56,341.0,335.27,470.0,69.45,881.0,195.0,80.0,24.78,24.26,23.05,35.0,25.0,11.0,475.0,0.0,0.0
8479973,2024,Stuart Skinner,EDM,G,4on5,37,7840.0,14.08,20.0,216.0,9.79,11.0,26.82,22.0,118.39,115.0,0.68,0.0,69.16,58.0,37.13,50.0,12.9,130.0,11.0,20.0,2.81,1.27,10.0,3.0,6.0,11.0,55.0,0.0,0.0
8479973,2024,Stuart Skinner,EDM,G,5on4,37,8474.0,2.52,2.0,35.0,1.24,2.0,3.62,1.0,24.52,22.0,4.47,0.0,7.99,4.0,16.77,24.0,2.48,23.0,7.0,3.0,0.74,0.94,0.85,1.0,1.0,0.0,2.0,0.0,0.0
8478435,2024,Dan Vladar,CGY,G,other,22,1885.0,6.47,6.0,74.0,2.8,4.0,7.26,7.0,38.69,30.0,0.92,1.0,21.09,18.0,13.04,17.0,5.99,30.0,13.0,9.0,1.22,1.8,3.45,3.0,1.0,2.0,22.0,0.0,0.0
8478435,2024,Dan Vladar,CGY,G,all,22,79679.0,63.84,68.0,1278.0,43.47,59.0,159.21,140.0,654.79,608.0,23.33,3.0,357.1,280.0,257.43,353.0,60.84,660.0,179.0,65.0,18.74,23.02,22.08,24.0,30.0,14.0,374.0,2.0,1.0
8478435,2024,Dan Vladar,CGY,G,5on5,22,65662.0,43.12,41.0,1033.0,32.62,47.0,132.79,122.0,518.49,482.0,18.91,1.0,281.37,220.0,209.65,284.0,41.61,550.0,131.0,37.0,15.04,17.23,10.85,17.0,22.0,2.0,315.0,2.0,1.0
8478435,2024,Dan Vladar,CGY,G,4on5,22,5856.0,12.85,19.0,153.0,7.45,7.0,17.25,11.0,85.15,84.0,0.44,0.0,50.91,40.0,26.77,41.0,11.91,71.0,29.0,18.0,2.27,3.16,7.43,4.0,6.0,9.0,35.0,0.0,0.0
8478435,2024,Dan Vladar,CGY,G,5on4,22,6276.0,1.1,1.0,15.0,0.44,1.0,1.5,0.0,10.02,9.0,3.04,1.0,2.92,1.0,6.72,10.0,1.05,8.0,4.0,1.0,0.18,0.57,0.34,0.0,0.0,1.0,2.0,0.0,0.0
8476932,2024,Anthony Stolarz,TOR,G,other,18,1704.0,3.03,6.0,52.0,2.43,4.0,5.15,6.0,25.74,28.0,0.5,0.0,16.28,13.0,6.16,5.0,2.6,23.0,6.0,5.0,0.68,0.73,1.62,1.0,2.0,3.0,18.0,0.0,0.0
8476932,2024,Anthony Stolarz,TOR,G,all,18,62179.0,47.04,36.0,1088.0,37.21,54.0,134.46,101.0,542.22,507.0,16.49,1.0,298.98,268.0,212.0,289.0,45.06,566.0,130.0,52.0,14.26,16.64,16.14,10.0,14.0,12.0,340.0,0.0,0.0
8476932,2024,Anthony Stolarz,TOR,G,5on5,18,48528.0,31.64,18.0,838.0,25.8,44.0,105.82,74.0,406.8,381.0,12.54,1.0,219.9,195.0,165.12,231.0,30.48,443.0,85.0,34.0,11.25,11.06,9.32,6.0,8.0,4.0,276.0,0.0,0.0
8476932,2024,Anthony Stolarz,TOR,G,4on5,18,6603.0,10.68,11.0,177.0,8.17,6.0,21.03,21.0,94.1,80.0,0.56,0.0,57.7,56.0,30.3,37.0,10.29,86.0,33.0,12.0,1.81,3.93,4.95,3.0,3.0,5.0,46.0,0.0,0.0
8476932,2024,Anthony Stolarz,TOR,G,5on4,18,5344.0,1.46,1.0,18.0,0.72,0.0,1.95,0.0,13.25,17.0,2.84,0.0,4.19,4.0,9.25,13.0,1.46,12.0,5.0,1.0,0.39,0.82,0.25,0.0,1.0,0.0,0.0,0.0,0.0
8481611,2024,Pyotr Kochetkov,CAR,G,other,34,3248.0,9.53,8.0,110.0,4.01,6.0,10.47,9.0,51.85,47.0,0.95,1.0,29.4,31.0,13.72,15.0,9.03,40.0,16.0,13.0,1.51,1.92,6.1,2.0,0.0,6.0,41.0,0.0,0.0
8481611,2024,Pyotr Kochetkov,CAR,G,all,34,120981.0,95.35,84.0,1686.0,64.17,111.0,221.36,174.0,923.92,874.0,40.93,3.0,488.87,365.0,348.03,508.0,90.72,865.0,259.0,125.0,25.05,31.68,38.62,27.0,33.0,24.0,437.0,4.0,2.0
8481611,2024,Pyotr Kochetkov,CAR,G,5on5,34,100066.0,70.27,65.0,1359.0,48.96,84.0,182.42,143.0,742.05,706.0,34.55,2.0,390.33,291.0,289.99,417.0,67.34,712.0,204.0,91.0,20.54,25.14,24.6,24.0,29.0,12.0,352.0,4.0,2.0
8481611,2024,Pyotr Kochetkov,CAR,G,4on5,34,8982.0,13.65,10.0,189.0,10.16,21.0,26.04,21.0,113.16,103.0,0.81,0.0,63.89,40.0,33.44,59.0,12.47,100.0,33.0,18.0,2.67,3.91,7.07,0.0,4.0,6.0,38.0,0.0,0.0
8481611,2024,Pyotr Kochetkov,CAR,G,5on4,34,8685.0,1.86,0.0,27.0,0.99,0.0,2.3,1.0,16.17,17.0,4.6,0.0,4.92,3.0,10.45,17.0,1.84,12.0,6.0,3.0,0.29,0.72,0.84,0.0,0.0,0.0,6.0,0.0,0.0
8483710,2024,Dennis Hildeby,TOR,G,other,6,712.0,1.16,1.0,16.0,0.58,0.0,1.82,3.0,8.23,9.0,0.25,0.0,4.64,4.0,3.5,4.0,1.15,9.0,2.0,1.0,0.36,0.29,0.5,1.0,0.0,0.0,4.0,0.0,0.0
8483710,2024,Dennis Hildeby,TOR,G,all,6,21649.0,15.65,20.0,345.0,11.63,19.0,44.39,36.0,179.51,157.0,5.93,1.0,97.15,78.0,73.77,96.0,15.03,193.0,42.0,14.0,5.46,5.49,4.7,9.0,6.0,5.0,96.0,0.0,0.0
8483710,2024,Dennis Hildeby,TOR,G,5on5,6,17794.0,12.21,16.0,280.0,9.16,18.0,38.05,25.0,148.59,122.0,4.83,1.0,79.76,66.0,60.5,80.0,11.67,160.0,34.0,11.0,4.3,4.33,3.58,8.0,5.0,3.0,75.0,0.0,0.0
8483710,2024,Dennis Hildeby,TOR,G,4on5,6,1384.0,1.78,2.0,40.0,1.54,1.0,3.49,7.0,16.23,18.0,0.08,0.0,10.55,7.0,5.07,6.0,1.71,17.0,5.0,1.0,0.66,0.72,0.4,0.0,1.0,1.0,17.0,0.0,0.0
8483710,2024,Dennis Hildeby,TOR,G,5on4,6,1759.0,0.5,1.0,9.0,0.35,0.0,1.03,1.0,6.46,8.0,0.77,0.0,2.21,1.0,4.69,6.0,0.5,7.0,1.0,1.0,0.14,0.15,0.21,0.0,0.0,1.0,0.0,0.0,0.0
8480981,2024,Joel Hofer,STL,G,other,20,1899.0,2.81,2.0,45.0,1.72,2.0,4.47,5.0,23.18,26.0,0.66,2.0,13.85,12.0,7.4,10.0,2.72,16.0,13.0,2.0,0.48,1.45,0.88,0.0,2.0,0.0,14.0,0.0,0.0
8480981,2024,Joel Hofer,STL,G,all,20,66204.0,45.83,53.0,1092.0,36.95,46.0,140.29,142.0,567.36,548.0,16.55,4.0,316.85,254.0,228.94,293.0,43.93,607.0,143.0,38.0,16.78,16.9,12.15,19.0,26.0,8.0,304.0,2.0,1.0
8480981,2024,Joel Hofer,STL,G,5on5,20,56436.0,34.81,34.0,915.0,28.86,38.0,119.05,125.0,465.83,445.0,13.46,1.0,257.64,205.0,190.84,245.0,33.54,514.0,105.0,28.0,13.99,12.62,8.2,13.0,17.0,4.0,268.0,2.0,1.0
8480981,2024,Joel Hofer,STL,G,4on5,20,3463.0,7.2,13.0,108.0,5.62,6.0,14.26,11.0,63.17,60.0,0.25,0.0,39.94,34.0,19.89,25.0,6.69,60.0,22.0,7.0,1.89,2.46,2.85,4.0,5.0,4.0,19.0,0.0,0.0
8480981,2024,Joel Hofer,STL,G,5on4,20,4406.0,0.9,3.0,23.0,0.7,0.0,2.36,1.0,14.47,16.0,2.06,1.0,4.94,3.0,10.6,13.0,0.87,17.0,2.0,1.0,0.42,0.25,0.23,2.0,1.0,0.0,3.0,0.0,0.0
8481668,2024,Arturs Silovs,VAN,G,other,7,490.0,0.41,1.0,6.0,0.25,0.0,0.79,0.0,3.92,4.0,0.19,0.0,1.82,1.0,1.63,3.0,0.41,4.0,0.0,1.0,0.17,0.0,0.24,0.0,0.0,1.0,1.0,0.0,0.0
8481668,2024,Arturs Silovs,VAN,G,all,7,21900.0,16.01,25.0,330.0,11.98,17.0,44.61,30.0,180.2,163.0,5.43,0.0,98.39,87.0,70.11,88.0,15.25,194.0,34.0,19.0,5.5,4.35,6.16,13.0,5.0,7.0,83.0,0.0,0.0
8481668,2024,Arturs Silovs,VAN,G,5on5,7,17850.0,12.66,19.0,278.0,9.72,15.0,38.72,27.0,151.73,135.0,4.36,0.0,82.09,75.0,58.88,71.0,11.96,163.0,29.0,15.0,4.52,3.8,4.34,13.0,3.0,3.0,71.0,0.0,0.0
8481668,2024,Arturs Silovs,VAN,G,4on5,7,1801.0,2.5,3.0,41.0,1.79,2.0,4.65,3.0,20.83,19.0,0.18,0.0,13.29,10.0,7.01,12.0,2.45,24.0,3.0,3.0,0.65,0.28,1.57,0.0,0.0,3.0,11.0,0.0,0.0
8481668,2024,Arturs Silovs,VAN,G,5on4,7,1759.0,0.43,2.0,5.0,0.21,0.0,0.46,0.0,3.72,5.0,0.69,0.0,1.19,1.0,2.6,2.0,0.43,3.0,2.0,0.0,0.17,0.27,0.0,0.0,2.0,0.0,0.0,0.0,0.0
8477484,2024,Spencer Martin,CAR,G,other,9,802.0,2.02,1.0,15.0,0.76,2.0,1.73,3.0,9.39,7.0,0.3,0.0,4.7,5.0,2.39,1.0,1.72,2.0,5.0,5.0,0.11,0.55,1.36,0.0,0.0,1.0,3.0,0.0,0.0
8477484,2024,Spencer Martin,CAR,G,all,9,24959.0,18.46,27.0,354.0,14.31,19.0,47.35,35.0,200.91,175.0,7.37,0.0,110.26,81.0,78.63,114.0,17.72,196.0,57.0,23.0,5.5,6.73,6.24,11.0,7.0,9.0,78.0,0.0,0.0
8477484,2024,Spencer Martin,CAR,G,5on5,9,19543.0,13.86,19.0,273.0,10.12,12.0,38.16,26.0,155.63,134.0,5.5,0.0,85.22,60.0,61.37,97.0,13.47,154.0,45.0,15.0,4.49,5.37,4.0,8.0,5.0,6.0,59.0,0.0,0.0
8477484,2024,Spencer Martin,CAR,G,4on5,9,2103.0,1.71,5.0,49.0,3.08,4.0,6.22,5.0,27.88,26.0,0.09,0.0,17.6,13.0,9.34,12.0,1.69,31.0,7.0,1.0,0.61,0.81,0.29,2.0,2.0,1.0,10.0,0.0,0.0
8477484,2024,Spencer Martin,CAR,G,5on4,9,2511.0,0.81,2.0,14.0,0.3,1.0,1.12,1.0,7.26,7.0,1.44,0.0,2.37,2.0,5.14,4.0,0.79,8.0,0.0,2.0,0.22,0.0,0.58,1.0,0.0,1.0,4.0,0.0,0.0
8482487,2024,Jakub Dobes,MTL,G,other,9,639.0,0.63,0.0,15.0,0.52,0.0,1.64,2.0,8.16,8.0,0.18,0.0,4.62,3.0,3.35,6.0,0.61,8.0,3.0,0.0,0.28,0.35,0.0,0.0,0.0,0.0,4.0,0.0,0.0
8482487,2024,Jakub Dobes,MTL,G,all,9,30605.0,28.2,23.0,549.0,17.68,27.0,69.79,63.0,281.87,249.0,8.0,1.0,148.88,108.0,110.96,164.0,25.97,280.0,73.0,32.0,7.96,9.31,10.93,7.0,11.0,5.0,164.0,0.0,0.0
8482487,2024,Jakub Dobes,MTL,G,5on5,9,26044.0,20.29,18.0,448.0,13.81,24.0,59.74,54.0,229.65,201.0,6.71,0.0,121.88,81.0,91.4,138.0,19.51,236.0,56.0,23.0,6.59,7.05,6.64,7.0,8.0,3.0,133.0,0.0,0.0
8482487,2024,Jakub Dobes,MTL,G,4on5,9,1950.0,6.01,4.0,65.0,2.73,3.0,6.44,6.0,32.22,27.0,0.1,0.0,17.65,19.0,9.21,11.0,4.64,27.0,8.0,8.0,0.89,1.15,3.96,0.0,2.0,2.0,22.0,0.0,0.0
8482487,2024,Jakub Dobes,MTL,G,5on4,9,1972.0,0.68,0.0,13.0,0.35,0.0,1.22,1.0,7.29,7.0,0.81,0.0,2.48,1.0,5.04,8.0,0.65,7.0,2.0,1.0,0.07,0.27,0.33,0.0,0.0,0.0,3.0,0.0,0.0
8482221,2024,Devon Levi,BUF,G,other,9,647.0,0.4,1.0,9.0,0.21,0.0,0.75,1.0,3.87,4.0,0.14,0.0,1.75,1.0,1.77,2.0,0.4,3.0,2.0,0.0,0.13,0.27,0.0,0.0,1.0,0.0,4.0,0.0,0.0
8482221,2024,Devon Levi,BUF,G,all,9,28838.0,24.97,33.0,452.0,17.98,34.0,62.89,48.0,254.57,258.0,8.47,0.0,138.27,100.0,99.16,136.0,23.97,265.0,57.0,30.0,7.94,7.39,9.63,12.0,12.0,9.0,100.0,0.0,0.0
8482221,2024,Devon Levi,BUF,G,5on5,9,23510.0,17.43,24.0,351.0,12.88,27.0,50.62,34.0,194.48,196.0,7.23,0.0,103.47,73.0,77.78,110.0,16.75,204.0,46.0,19.0,6.0,6.13,5.31,10.0,10.0,4.0,82.0,0.0,0.0
8482221,2024,Devon Levi,BUF,G,4on5,9,2583.0,6.72,8.0,84.0,4.56,7.0,10.68,12.0,50.77,51.0,0.16,0.0,30.92,26.0,15.52,17.0,6.4,52.0,7.0,11.0,1.63,0.76,4.33,2.0,1.0,5.0,14.0,0.0,0.0
8482221,2024,Devon Levi,BUF,G,5on4,9,2098.0,0.42,0.0,8.0,0.33,0.0,0.84,1.0,5.45,7.0,0.84,0.0,2.13,0.0,4.08,7.0,0.41,6.0,2.0,0.0,0.19,0.23,0.0,0.0,0.0,0.0,0.0,0.0,0.0
8482661,2024,Jesper Wallstedt,MIN,G,other,2,141.0,0.14,0.0,2.0,0.1,0.0,0.31,0.0,1.41,1.0,0.02,0.0,0.69,0.0,0.72,2.0,0.14,1.0,1.0,0.0,0.03,0.12,0.0,0.0,0.0,0.0,0.0,0.0,0.0
8482661,2024,Jesper Wallstedt,MIN,G,all,2,7046.0,5.3,8.0,114.0,3.62,5.0,13.88,10.0,56.98,51.0,1.6,0.0,31.32,29.0,23.06,27.0,5.11,57.0,17.0,5.0,1.49,2.18,1.63,2.0,4.0,2.0,35.0,2.0,1.0
8482661,2024,Jesper Wallstedt,MIN,G,5on5,2,6087.0,4.04,5.0,104.0,2.99,5.0,12.64,9.0,49.8,44.0,1.22,0.0,27.39,27.0,20.35,23.0,3.88,54.0,11.0,4.0,1.4,1.41,1.23,1.0,3.0,1.0,35.0,2.0,1.0
8482661,2024,Jesper Wallstedt,MIN,G,4on5,2,338.0,1.09,3.0,7.0,0.51,0.0,0.8,1.0,5.03,6.0,0.04,0.0,3.02,1.0,1.42,2.0,1.06,1.0,5.0,1.0,0.04,0.65,0.4,1.0,1.0,1.0,0.0,0.0,0.0
8482661,2024,Jesper Wallstedt,MIN,G,5on4,2,480.0,0.03,0.0,1.0,0.03,0.0,0.12,0.0,0.73,0.0,0.32,0.0,0.22,1.0,0.58,0.0,0.03,1.0,0.0,0.0,0.03,0.0,0.0,0.0,0.0,0.0,0.0,0.0,0.0
8481529,2024,Trent Miner,COL,G,other,2,15.0,0.03,0.0,1.0,0.07,0.0,0.12,0.0,0.61,0.0,0.0,0.0,0.57,0.0,0.2,1.0,0.03,1.0,0.0,0.0,0.03,0.0,0.0,0.0,0.0,0.0,0.0,0.0,0.0
8481529,2024,Trent Miner,COL,G,all,2,5498.0,2.35,4.0,74.0,2.29,3.0,9.06,8.0,33.96,33.0,1.58,0.0,19.64,11.0,14.41,23.0,2.33,42.0,5.0,2.0,1.25,0.49,0.61,2.0,1.0,1.0,25.0,0.0,0.0
8481529,2024,Trent Miner,COL,G,5on5,2,5123.0,2.24,4.0,71.0,2.14,3.0,8.66,8.0,32.0,33.0,1.47,0.0,18.37,11.0,13.41,20.0,2.21,39.0,5.0,2.0,1.14,0.49,0.61,2.0,1.0,1.0,25.0,0.0,0.0
8481529,2024,Trent Miner,COL,G,4on5,2,120.0,0.03,0.0,1.0,0.05,0.0,0.2,0.0,0.67,0.0,0.0,0.0,0.47,0.0,0.23,1.0,0.03,1.0,0.0,0.0,0.03,0.0,0.0,0.0,0.0,0.0,0.0,0.0,0.0
8481529,2024,Trent Miner,COL,G,5on4,2,240.0,0.06,0.0,1.0,0.04,0.0,0.09,0.0,0.68,0.0,0.1,0.0,0.23,0.0,0.57,1.0,0.06,1.0,0.0,0.0,0.06,0.0,0.0,0.0,0.0,0.0,0.0,0.0,0.0
8479193,2024,Casey DeSmith,DAL,G,other,17,1900.0,2.31,1.0,54.0,2.25,1.0,5.4,5.0,26.41,21.0,0.25,0.0,18.79,20.0,7.23,10.0,2.2,29.0,6.0,2.0,0.99,0.74,0.58,0.0,0.0,1.0,17.0,0.0,0.0
8479193,2024,Casey DeSmith,DAL,G,all,17,56219.0,44.92,39.0,895.0,32.11,46.0,113.83,79.0,472.79,438.0,17.08,2.0,257.47,210.0,183.0,271.0,43.27,464.0,136.0,47.0,13.28,16.76,14.88,15.0,15.0,9.0,248.0,2.0,1.0
8479193,2024,Casey DeSmith,DAL,G,5on5,17,45944.0,34.21,33.0,738.0,25.09,38.0,97.33,68.0,389.6,362.0,13.71,1.0,209.09,165.0,154.53,227.0,33.23,392.0,107.0,34.0,10.85,13.17,10.18,13.0,13.0,7.0,205.0,0.0,0.0
8479193,2024,Casey DeSmith,DAL,G,4on5,17,3860.0,7.24,5.0,86.0,4.03,6.0,9.26,6.0,45.88,42.0,0.52,0.0,25.49,23.0,13.55,21.0,6.71,34.0,16.0,11.0,1.2,1.91,4.12,2.0,2.0,1.0,25.0,0.0,0.0
8479193,2024,Casey DeSmith,DAL,G,5on4,17,4515.0,1.17,0.0,17.0,0.73,1.0,1.84,0.0,10.9,13.0,2.61,1.0,4.1,2.0,7.69,13.0,1.14,9.0,7.0,0.0,0.23,0.93,0.0,0.0,0.0,0.0,1.0,2.0,1.0
8478905,2024,Ivan Fedotov,PHI,G,other,17,1430.0,2.42,4.0,34.0,1.11,2.0,2.56,2.0,14.58,14.0,0.61,0.0,8.67,5.0,4.77,7.0,2.29,7.0,11.0,2.0,0.33,1.09,1.0,1.0,2.0,1.0,14.0,0.0,0.0
8478905,2024,Ivan Fedotov,PHI,G,all,17,56238.0,41.48,51.0,900.0,29.41,47.0,108.85,85.0,445.93,413.0,15.59,1.0,241.79,184.0,181.45,251.0,39.77,442.0,141.0,35.0,12.55,17.42,11.51,21.0,23.0,7.0,282.0,0.0,0.0
8478905,2024,Ivan Fedotov,PHI,G,5on5,17,47106.0,31.5,40.0,764.0,24.16,40.0,95.62,74.0,377.22,349.0,12.91,1.0,205.91,159.0,155.05,212.0,30.23,396.0,104.0,25.0,10.8,12.99,7.71,18.0,19.0,3.0,239.0,0.0,0.0
8478905,2024,Ivan Fedotov,PHI,G,4on5,17,3551.0,5.85,6.0,79.0,3.29,5.0,8.26,7.0,39.51,33.0,0.34,0.0,21.72,16.0,12.59,19.0,5.53,27.0,19.0,7.0,0.94,2.41,2.5,1.0,2.0,3.0,26.0,0.0,0.0
8478905,2024,Ivan Fedotov,PHI,G,5on4,17,4151.0,0.97,0.0,13.0,0.43,0.0,1.13,2.0,7.47,10.0,1.53,0.0,2.6,3.0,5.59,6.0,0.97,7.0,3.0,1.0,0.3,0.36,0.3,0.0,0.0,0.0,2.0,0.0,0.0
8480313,2024,Logan Thompson,WSH,G,other,31,3802.0,9.43,8.0,126.0,4.83,4.0,12.4,8.0,63.93,58.0,1.27,1.0,38.35,37.0,18.8,28.0,8.69,49.0,26.0,11.0,2.27,3.32,3.83,1.0,3.0,4.0,40.0,0.0,0.0
8480313,2024,Logan Thompson,WSH,G,all,31,111409.0,95.81,69.0,1940.0,65.79,114.0,243.16,192.0,995.02,873.0,32.42,3.0,528.6,423.0,384.03,551.0,90.24,983.0,252.0,116.0,28.67,31.45,35.7,27.0,23.0,19.0,589.0,0.0,0.0
8480313,2024,Logan Thompson,WSH,G,5on5,31,92631.0,72.16,47.0,1583.0,51.28,94.0,204.86,160.0,805.17,698.0,25.53,0.0,421.58,341.0,315.76,451.0,67.71,807.0,201.0,85.0,23.11,25.24,23.81,24.0,18.0,5.0,490.0,0.0,0.0
8480313,2024,Logan Thompson,WSH,G,4on5,31,7614.0,11.42,11.0,189.0,8.47,14.0,21.7,22.0,99.24,90.0,0.76,1.0,59.97,36.0,32.19,53.0,11.05,102.0,19.0,16.0,2.49,2.22,6.71,2.0,1.0,8.0,52.0,0.0,0.0
8480313,2024,Logan Thompson,WSH,G,5on4,31,7362.0,1.71,2.0,33.0,0.81,2.0,3.08,1.0,20.3,23.0,4.61,1.0,6.14,7.0,14.62,15.0,1.69,21.0,4.0,2.0,0.57,0.45,0.68,0.0,1.0,1.0,6.0,0.0,0.0
8480843,2024,Lukas Dostal,ANA,G,other,32,3450.0,10.09,8.0,115.0,4.02,3.0,11.32,12.0,60.78,60.0,1.19,0.0,33.99,25.0,20.65,34.0,8.46,45.0,25.0,12.0,2.12,2.99,4.98,1.0,5.0,2.0,33.0,0.0,0.0
8480843,2024,Lukas Dostal,ANA,G,all,32,111926.0,109.15,89.0,2131.0,76.27,114.0,267.6,244.0,1114.23,1004.0,31.16,2.0,599.78,479.0,432.76,594.0,103.46,1094.0,312.0,117.0,32.05,38.84,38.26,26.0,37.0,26.0,608.0,0.0,0.0
8480843,2024,Lukas Dostal,ANA,G,5on5,32,90434.0,76.89,60.0,1691.0,55.69,84.0,217.35,194.0,863.91,760.0,24.69,2.0,464.37,378.0,342.51,468.0,74.1,870.0,239.0,77.0,25.48,30.35,21.05,23.0,26.0,11.0,505.0,0.0,0.0
8480843,2024,Lukas Dostal,ANA,G,4on5,32,8715.0,18.98,18.0,274.0,14.69,26.0,33.9,35.0,156.54,152.0,0.77,0.0,89.55,68.0,47.69,62.0,17.75,149.0,36.0,25.0,3.47,4.0,11.5,2.0,4.0,12.0,64.0,0.0,0.0
8480843,2024,Lukas Dostal,ANA,G,5on4,32,9327.0,2.51,2.0,39.0,1.34,0.0,3.57,2.0,25.86,25.0,4.3,0.0,8.23,7.0,18.52,24.0,2.47,23.0,9.0,3.0,0.69,1.09,0.72,0.0,1.0,1.0,4.0,0.0,0.0
8479292,2024,Charlie Lindgren,WSH,G,other,25,3186.0,5.61,4.0,83.0,3.25,4.0,8.56,15.0,43.27,37.0,0.81,0.0,25.67,21.0,14.41,15.0,4.96,35.0,18.0,6.0,1.4,2.25,1.96,2.0,1.0,1.0,24.0,0.0,0.0
8479292,2024,Charlie Lindgren,WSH,G,all,25,87686.0,64.18,64.0,1397.0,47.48,62.0,167.58,136.0,704.05,642.0,24.84,0.0,384.65,324.0,279.04,378.0,61.55,712.0,185.0,70.0,20.23,23.38,20.56,25.0,17.0,22.0,430.0,0.0,0.0
8479292,2024,Charlie Lindgren,WSH,G,5on5,25,70140.0,42.64,44.0,1049.0,32.22,39.0,127.8,93.0,512.56,469.0,20.5,0.0,278.01,240.0,207.78,288.0,41.57,536.0,125.0,45.0,14.38,16.21,12.04,20.0,11.0,13.0,343.0,0.0,0.0
8479292,2024,Charlie Lindgren,WSH,G,4on5,25,7335.0,13.19,13.0,229.0,10.76,17.0,27.55,25.0,121.77,108.0,0.63,0.0,72.82,58.0,39.41,54.0,12.3,118.0,35.0,15.0,3.8,3.97,5.43,3.0,3.0,7.0,61.0,0.0,0.0
8479292,2024,Charlie Lindgren,WSH,G,5on4,25,7025.0,2.75,3.0,36.0,1.25,2.0,3.67,3.0,26.45,28.0,2.9,0.0,8.14,5.0,17.45,21.0,2.71,23.0,7.0,4.0,0.66,0.95,1.14,0.0,2.0,1.0,2.0,0.0,0.0
8481035,2024,Samuel Ersson,PHI,G,other,31,2934.0,8.38,5.0,96.0,3.17,9.0,8.19,5.0,42.43,38.0,0.55,0.0,22.62,23.0,12.09,14.0,7.13,25.0,18.0,13.0,0.98,2.35,5.05,2.0,2.0,1.0,40.0,0.0,0.0
8481035,2024,Samuel Ersson,PHI,G,all,31,102564.0,74.52,80.0,1739.0,54.93,89.0,204.05,135.0,837.63,768.0,27.23,0.0,450.91,376.0,335.73,464.0,70.57,871.0,198.0,79.0,24.39,24.81,25.32,41.0,27.0,12.0,591.0,2.0,1.0
8481035,2024,Samuel Ersson,PHI,G,5on5,31,84117.0,47.98,58.0,1364.0,39.92,59.0,165.22,110.0,643.16,580.0,22.16,0.0,348.27,279.0,261.39,374.0,46.18,705.0,138.0,41.0,19.26,17.53,11.19,35.0,20.0,3.0,480.0,2.0,1.0
8481035,2024,Samuel Ersson,PHI,G,4on5,31,7556.0,14.24,12.0,207.0,9.27,18.0,22.92,13.0,106.45,97.0,0.69,0.0,61.83,59.0,32.32,42.0,13.44,94.0,27.0,23.0,2.74,3.24,8.26,2.0,2.0,8.0,63.0,0.0,0.0
8481035,2024,Samuel Ersson,PHI,G,5on4,31,7957.0,2.91,4.0,50.0,1.67,2.0,4.75,4.0,31.74,39.0,3.37,0.0,10.91,9.0,23.54,26.0,2.81,33.0,10.0,2.0,0.9,1.19,0.82,1.0,3.0,0.0,5.0,0.0,0.0
8480947,2024,Kevin Lankinen,VAN,G,other,34,3316.0,6.42,10.0,103.0,4.32,4.0,11.73,6.0,55.45,50.0,0.89,1.0,33.84,31.0,17.69,25.0,6.15,54.0,14.0,8.0,2.23,1.68,2.5,6.0,1.0,3.0,27.0,0.0,0.0
8480947,2024,Kevin Lankinen,VAN,G,all,34,120788.0,86.64,85.0,1931.0,66.59,89.0,246.38,179.0,1000.44,899.0,31.03,4.0,553.58,462.0,398.49,571.0,82.63,1057.0,247.0,82.0,28.36,31.47,26.82,41.0,24.0,20.0,545.0,0.0,0.0
8480947,2024,Kevin Lankinen,VAN,G,5on5,34,99519.0,56.17,57.0,1501.0,46.12,59.0,195.79,144.0,759.76,676.0,25.31,2.0,418.37,352.0,314.9,445.0,54.25,840.0,174.0,43.0,21.07,22.74,12.36,32.0,18.0,7.0,444.0,0.0,0.0
8480947,2024,Kevin Lankinen,VAN,G,4on5,34,9906.0,21.74,15.0,285.0,14.46,24.0,34.63,27.0,160.46,145.0,0.98,1.0,91.22,79.0,49.21,72.0,19.91,137.0,52.0,28.0,4.25,6.19,11.29,2.0,3.0,10.0,68.0,0.0,0.0
8480947,2024,Kevin Lankinen,VAN,G,5on4,34,8047.0,1.93,1.0,35.0,1.39,2.0,3.22,2.0,19.61,22.0,3.68,0.0,7.84,0.0,13.83,24.0,1.92,21.0,5.0,3.0,0.59,0.68,0.66,0.0,1.0,0.0,6.0,0.0,0.0
8478406,2024,Mackenzie Blackwood,COL,G,other,41,3422.0,9.21,7.0,140.0,5.69,10.0,13.85,17.0,67.2,59.0,1.42,1.0,39.99,37.0,19.69,20.0,8.04,59.0,16.0,16.0,2.02,2.09,5.11,3.0,3.0,1.0,49.0,0.0,0.0
8478406,2024,Mackenzie Blackwood,COL,G,all,41,139655.0,111.22,98.0,2384.0,84.97,146.0,309.91,213.0,1259.37,1164.0,39.39,4.0,688.46,591.0,491.13,676.0,105.73,1301.0,310.0,117.0,37.67,38.79,34.76,52.0,27.0,19.0,656.0,0.0,0.0
8478406,2024,Mackenzie Blackwood,COL,G,5on5,41,114395.0,81.46,77.0,1906.0,63.04,114.0,254.64,168.0,995.54,911.0,31.56,2.0,539.01,453.0,396.78,553.0,78.39,1057.0,232.0,79.0,30.08,29.39,21.99,45.0,20.0,12.0,538.0,0.0,0.0
8478406,2024,Mackenzie Blackwood,COL,G,4on5,41,10292.0,17.01,11.0,285.0,14.52,18.0,35.97,27.0,161.07,158.0,1.22,0.0,98.24,96.0,50.7,70.0,15.88,153.0,51.0,18.0,4.7,6.01,6.3,3.0,3.0,5.0,63.0,0.0,0.0
8478406,2024,Mackenzie Blackwood,COL,G,5on4,41,11546.0,3.45,3.0,52.0,1.69,4.0,5.33,1.0,34.85,35.0,5.05,1.0,10.89,5.0,23.53,32.0,3.33,32.0,10.0,4.0,0.88,1.21,1.36,1.0,1.0,1.0,6.0,0.0,0.0
8473503,2024,James Reimer,BUF,G,other,11,1031.0,3.43,2.0,31.0,1.08,1.0,2.8,5.0,15.84,11.0,0.26,0.0,7.34,4.0,4.89,8.0,2.72,8.0,5.0,7.0,0.33,0.53,2.57,1.0,0.0,1.0,11.0,0.0,0.0
8473503,2024,James Reimer,BUF,G,all,11,35413.0,32.86,29.0,584.0,21.35,23.0,73.47,64.0,315.3,284.0,9.09,1.0,169.55,139.0,120.79,172.0,30.71,304.0,78.0,46.0,9.78,9.57,13.5,6.0,11.0,12.0,156.0,0.0,0.0
8473503,2024,James Reimer,BUF,G,5on5,11,29408.0,22.7,23.0,463.0,15.99,19.0,61.96,47.0,251.96,230.0,7.06,1.0,136.98,117.0,99.22,139.0,21.88,259.0,55.0,31.0,7.9,6.75,8.05,5.0,8.0,10.0,118.0,0.0,0.0
8473503,2024,James Reimer,BUF,G,4on5,11,2605.0,6.16,4.0,79.0,3.98,2.0,7.63,11.0,40.18,34.0,0.32,0.0,22.93,17.0,11.15,18.0,5.56,29.0,16.0,8.0,1.26,2.01,2.88,0.0,3.0,1.0,26.0,0.0,0.0
8473503,2024,James Reimer,BUF,G,5on4,11,2369.0,0.56,0.0,11.0,0.3,1.0,1.08,1.0,7.33,9.0,1.44,0.0,2.3,1.0,5.53,7.0,0.55,8.0,2.0,0.0,0.29,0.27,0.0,0.0,0.0,0.0,1.0,0.0,0.0
8477970,2024,Vitek Vanecek,SJS,G,other,16,1210.0,3.62,2.0,39.0,1.91,6.0,5.12,3.0,22.1,22.0,0.43,0.0,10.95,9.0,6.52,9.0,3.24,16.0,8.0,5.0,0.72,1.1,1.8,1.0,0.0,1.0,10.0,0.0,0.0
8477970,2024,Vitek Vanecek,SJS,G,all,16,51219.0,47.87,57.0,958.0,35.6,67.0,120.26,82.0,501.3,467.0,13.34,0.0,277.65,229.0,196.29,259.0,45.12,518.0,118.0,59.0,14.34,14.23,19.3,22.0,21.0,14.0,263.0,0.0,0.0
8477970,2024,Vitek Vanecek,SJS,G,5on5,16,40074.0,33.87,40.0,739.0,26.26,56.0,96.65,68.0,387.35,358.0,10.76,0.0,213.12,171.0,155.69,203.0,31.98,410.0,89.0,40.0,11.67,10.81,11.39,19.0,16.0,5.0,200.0,0.0,0.0
8477970,2024,Vitek Vanecek,SJS,G,4on5,16,5638.0,9.15,14.0,156.0,6.72,5.0,16.08,8.0,77.95,76.0,0.26,0.0,48.82,45.0,25.61,37.0,8.68,80.0,17.0,12.0,1.59,1.92,5.64,1.0,5.0,8.0,47.0,0.0,0.0
8477970,2024,Vitek Vanecek,SJS,G,5on4,16,4297.0,0.62,1.0,15.0,0.37,0.0,1.44,2.0,9.1,8.0,1.67,0.0,2.73,1.0,6.56,8.0,0.61,10.0,1.0,1.0,0.28,0.1,0.24,1.0,0.0,0.0,3.0,0.0,0.0
8479361,2024,Joseph Woll,TOR,G,other,30,3668.0,9.24,10.0,115.0,5.38,6.0,11.77,10.0,60.91,51.0,0.95,0.0,38.33,40.0,16.07,17.0,7.97,45.0,26.0,12.0,2.0,3.37,3.88,3.0,5.0,2.0,32.0,0.0,0.0
8479361,2024,Joseph Woll,TOR,G,all,30,105943.0,92.32,78.0,1791.0,63.01,101.0,230.04,192.0,939.62,857.0,30.59,2.0,514.21,410.0,364.85,513.0,86.86,957.0,231.0,108.0,26.96,28.55,36.8,32.0,27.0,19.0,495.0,0.0,0.0
8479361,2024,Joseph Woll,TOR,G,5on5,30,89321.0,58.82,52.0,1432.0,45.96,76.0,188.41,159.0,731.22,665.0,25.51,2.0,401.86,296.0,298.27,433.0,57.23,791.0,166.0,61.0,21.03,20.52,17.28,28.0,17.0,7.0,414.0,0.0,0.0
8479361,2024,Joseph Woll,TOR,G,4on5,30,6677.0,21.36,15.0,205.0,10.2,15.0,25.16,21.0,119.86,111.0,0.4,0.0,64.89,65.0,32.63,42.0,18.96,95.0,33.0,30.0,3.1,3.95,14.31,1.0,4.0,10.0,47.0,0.0,0.0
8479361,2024,Joseph Woll,TOR,G,5on4,30,6277.0,2.68,1.0,34.0,1.33,4.0,4.13,1.0,24.85,27.0,3.63,0.0,7.64,8.0,16.37,19.0,2.5,22.0,6.0,5.0,0.64,0.71,1.33,0.0,1.0,0.0,1.0,0.0,0.0
8473575,2024,Semyon Varlamov,NYI,G,other,10,471.0,0.78,1.0,18.0,0.87,0.0,2.0,3.0,9.89,10.0,0.08,0.0,7.17,5.0,2.84,5.0,0.7,11.0,3.0,0.0,0.47,0.31,0.0,1.0,0.0,0.0,4.0,0.0,0.0
8473575,2024,Semyon Varlamov,NYI,G,all,10,36144.0,28.34,29.0,568.0,18.7,26.0,68.66,37.0,290.18,262.0,9.89,1.0,155.52,140.0,117.33,166.0,27.06,289.0,79.0,30.0,8.48,9.92,9.94,14.0,7.0,8.0,170.0,0.0,0.0
8473575,2024,Semyon Varlamov,NYI,G,5on5,10,30592.0,21.64,19.0,484.0,14.97,25.0,59.15,31.0,240.01,212.0,8.17,0.0,128.0,120.0,98.28,135.0,20.51,245.0,61.0,24.0,6.71,7.7,7.22,12.0,3.0,4.0,154.0,0.0,0.0
8473575,2024,Semyon Varlamov,NYI,G,4on5,10,1526.0,4.21,8.0,44.0,2.04,1.0,5.17,3.0,25.68,24.0,0.23,0.0,15.17,10.0,7.66,13.0,4.13,20.0,11.0,4.0,0.69,1.25,2.27,1.0,3.0,4.0,9.0,0.0,0.0
8473575,2024,Semyon Varlamov,NYI,G,5on4,10,3555.0,0.63,0.0,10.0,0.3,0.0,0.91,0.0,6.66,8.0,1.17,0.0,2.12,2.0,4.85,7.0,0.63,7.0,2.0,0.0,0.27,0.36,0.0,0.0,0.0,0.0,1.0,0.0,0.0
8484293,2024,Yaniv Perets,CAR,G,other,1,0.0,0.0,0.0,0.0,0.0,0.0,0.0,0.0,0.0,0.0,0.0,0.0,0.0,0.0,0.0,0.0,0.0,0.0,0.0,0.0,0.0,0.0,0.0,0.0,0.0,0.0,0.0,0.0,0.0
8484293,2024,Yaniv Perets,CAR,G,all,1,492.0,0.97,1.0,10.0,0.58,1.0,1.44,1.0,6.79,7.0,0.04,0.0,3.65,4.0,2.13,2.0,0.87,4.0,3.0,2.0,0.09,0.26,0.62,0.0,1.0,0.0,1.0,0.0,0.0
8484293,2024,Yaniv Perets,CAR,G,5on5,1,381.0,0.26,0.0,7.0,0.28,0.0,1.06,1.0,4.5,4.0,0.03,0.0,2.61,4.0,1.65,1.0,0.25,4.0,2.0,0.0,0.09,0.17,0.0,0.0,0.0,0.0,1.0,0.0,0.0
8484293,2024,Yaniv Perets,CAR,G,4on5,1,111.0,0.71,1.0,3.0,0.3,1.0,0.38,0.0,2.29,3.0,0.02,0.0,1.04,0.0,0.48,1.0,0.61,0.0,1.0,2.0,0.0,0.09,0.62,0.0,1.0,0.0,0.0,0.0,0.0
8484293,2024,Yaniv Perets,CAR,G,5on4,1,0.0,0.0,0.0,0.0,0.0,0.0,0.0,0.0,0.0,0.0,0.0,0.0,0.0,0.0,0.0,0.0,0.0,0.0,0.0,0.0,0.0,0.0,0.0,0.0,0.0,0.0,0.0,0.0,0.0
8476883,2024,Andrei Vasilevskiy,TBL,G,other,43,3287.0,6.94,4.0,98.0,3.65,3.0,9.88,8.0,49.53,38.0,0.8,0.0,27.81,26.0,16.0,25.0,6.27,40.0,15.0,11.0,1.58,1.97,3.39,1.0,2.0,1.0,32.0,0.0,0.0
8476883,2024,Andrei Vasilevskiy,TBL,G,all,43,152319.0,111.73,98.0,2410.0,85.5,121.0,313.36,268.0,1262.22,1196.0,42.06,2.0,680.01,520.0,492.06,713.0,106.29,1303.0,307.0,116.0,36.08,37.36,38.29,43.0,37.0,18.0,684.0,6.0,3.0
8476883,2024,Andrei Vasilevskiy,TBL,G,5on5,43,126226.0,82.89,70.0,1973.0,64.79,94.0,264.26,232.0,1025.9,977.0,34.36,2.0,550.34,421.0,409.26,586.0,79.65,1079.0,249.0,79.0,29.96,29.95,22.98,37.0,28.0,5.0,566.0,4.0,2.0
8476883,2024,Andrei Vasilevskiy,TBL,G,4on5,43,11145.0,18.91,17.0,287.0,15.07,23.0,34.55,25.0,155.18,145.0,0.9,0.0,89.1,66.0,47.2,77.0,17.54,155.0,29.0,26.0,3.46,3.53,11.93,2.0,3.0,12.0,77.0,0.0,0.0
8476883,2024,Andrei Vasilevskiy,TBL,G,5on4,43,11661.0,1.88,5.0,37.0,1.24,1.0,3.25,2.0,22.68,27.0,5.82,0.0,7.67,1.0,16.23,22.0,1.87,24.0,7.0,0.0,0.81,1.07,0.0,3.0,2.0,0.0,6.0,2.0,1.0
8481692,2024,Dustin Wolf,CGY,G,other,33,4138.0,10.58,12.0,115.0,4.52,8.0,11.1,8.0,59.21,57.0,1.51,0.0,31.17,30.0,18.7,20.0,9.29,42.0,19.0,17.0,1.27,2.63,6.68,3.0,2.0,7.0,37.0,0.0,0.0
8481692,2024,Dustin Wolf,CGY,G,all,33,118920.0,96.83,87.0,2010.0,69.38,106.0,258.04,246.0,1041.09,990.0,35.02,3.0,555.79,453.0,409.55,529.0,92.72,1059.0,264.0,102.0,29.13,33.28,34.42,29.0,31.0,27.0,585.0,2.0,1.0
8481692,2024,Dustin Wolf,CGY,G,5on5,33,97377.0,66.77,50.0,1593.0,50.47,76.0,209.16,198.0,813.6,766.0,28.31,2.0,436.86,354.0,332.41,442.0,65.08,866.0,193.0,64.0,24.11,24.13,18.54,23.0,17.0,10.0,470.0,0.0,0.0
8481692,2024,Dustin Wolf,CGY,G,4on5,33,8574.0,17.14,19.0,263.0,13.17,22.0,34.06,37.0,142.43,135.0,0.77,0.0,79.55,59.0,41.71,53.0,16.06,129.0,43.0,19.0,2.99,5.46,8.69,1.0,8.0,10.0,72.0,0.0,0.0
8481692,2024,Dustin Wolf,CGY,G,5on4,33,8831.0,1.93,5.0,29.0,0.96,0.0,2.69,2.0,20.59,26.0,4.39,1.0,5.9,7.0,13.92,12.0,1.88,17.0,7.0,2.0,0.52,0.89,0.51,1.0,4.0,0.0,3.0,2.0,1.0
8477405,2024,Marcus Hogberg,NYI,G,other,7,251.0,0.29,0.0,11.0,0.23,0.0,0.77,0.0,3.8,4.0,0.0,0.0,2.31,3.0,1.3,2.0,0.28,3.0,2.0,0.0,0.11,0.18,0.0,0.0,0.0,0.0,6.0,0.0,0.0
8477405,2024,Marcus Hogberg,NYI,G,all,7,19921.0,16.4,8.0,338.0,11.9,26.0,43.7,25.0,173.63,151.0,5.79,0.0,91.07,76.0,65.12,99.0,15.02,169.0,41.0,24.0,4.35,5.23,6.83,4.0,3.0,1.0,104.0,0.0,0.0
8477405,2024,Marcus Hogberg,NYI,G,5on5,7,17507.0,13.6,6.0,292.0,9.63,20.0,38.04,21.0,149.19,126.0,5.09,0.0,77.54,66.0,57.26,88.0,12.86,147.0,34.0,20.0,3.68,4.34,5.57,3.0,2.0,1.0,91.0,0.0,0.0
8477405,2024,Marcus Hogberg,NYI,G,4on5,7,899.0,2.49,2.0,31.0,1.96,6.0,4.67,4.0,19.6,19.0,0.12,0.0,10.53,7.0,5.66,7.0,1.85,17.0,5.0,4.0,0.53,0.71,1.26,1.0,1.0,0.0,5.0,0.0,0.0
8477405,2024,Marcus Hogberg,NYI,G,5on4,7,1264.0,0.03,0.0,4.0,0.09,0.0,0.23,0.0,1.04,2.0,0.59,0.0,0.68,0.0,0.9,2.0,0.03,2.0,0.0,0.0,0.03,0.0,0.0,0.0,0.0,0.0,2.0,0.0,0.0
8482076,2024,Nico Daws,NJD,G,other,2,399.0,0.79,1.0,6.0,0.29,2.0,0.86,0.0,3.94,3.0,0.17,0.0,1.42,1.0,1.48,1.0,0.67,1.0,2.0,2.0,0.01,0.24,0.54,0.0,1.0,0.0,1.0,0.0,0.0
8482076,2024,Nico Daws,NJD,G,all,2,4995.0,3.15,2.0,70.0,2.65,4.0,9.79,4.0,39.48,34.0,1.16,0.0,22.36,9.0,15.74,36.0,2.99,42.0,10.0,3.0,1.15,1.26,0.74,0.0,2.0,0.0,15.0,0.0,0.0
8482076,2024,Nico Daws,NJD,G,5on5,2,3534.0,1.51,1.0,48.0,1.66,0.0,7.09,3.0,27.98,22.0,0.84,0.0,16.3,3.0,11.57,32.0,1.51,34.0,5.0,0.0,0.85,0.66,0.0,0.0,1.0,0.0,9.0,0.0,0.0
8482076,2024,Nico Daws,NJD,G,4on5,2,621.0,0.84,0.0,14.0,0.67,2.0,1.67,1.0,6.78,8.0,0.04,0.0,4.39,5.0,2.16,2.0,0.8,6.0,3.0,1.0,0.27,0.36,0.2,0.0,0.0,0.0,4.0,0.0,0.0
8482076,2024,Nico Daws,NJD,G,5on4,2,441.0,0.01,0.0,2.0,0.02,0.0,0.16,0.0,0.77,1.0,0.11,0.0,0.25,0.0,0.53,1.0,0.01,1.0,0.0,0.0,0.01,0.0,0.0,0.0,0.0,0.0,1.0,0.0,0.0
8480382,2024,Alexandar Georgiev,SJS,G,other,32,2205.0,6.72,3.0,77.0,3.48,10.0,10.08,6.0,43.72,41.0,0.81,0.0,22.8,24.0,12.27,13.0,5.57,27.0,21.0,9.0,1.08,2.52,3.13,1.0,1.0,1.0,20.0,0.0,0.0
8480382,2024,Alexandar Georgiev,SJS,G,all,32,102257.0,91.88,104.0,1709.0,62.06,109.0,217.36,185.0,892.65,830.0,27.91,3.0,473.63,366.0,339.81,450.0,86.63,861.0,246.0,108.0,25.25,30.93,35.7,36.0,42.0,26.0,494.0,0.0,0.0
8480382,2024,Alexandar Georgiev,SJS,G,5on5,32,86664.0,65.93,77.0,1415.0,47.38,74.0,179.57,157.0,716.56,658.0,23.08,2.0,382.98,286.0,281.1,387.0,62.9,717.0,194.0,70.0,20.87,24.53,20.54,31.0,33.0,13.0,434.0,0.0,0.0
8480382,2024,Alexandar Georgiev,SJS,G,4on5,32,6386.0,17.2,19.0,189.0,10.11,24.0,24.49,19.0,112.66,110.0,0.41,0.0,61.76,53.0,33.56,36.0,16.17,100.0,25.0,26.0,2.78,3.26,11.16,3.0,5.0,11.0,38.0,0.0,0.0
8480382,2024,Alexandar Georgiev,SJS,G,5on4,32,7002.0,2.03,5.0,28.0,1.1,1.0,3.22,3.0,19.72,21.0,3.45,1.0,6.09,3.0,12.87,14.0,1.99,17.0,6.0,3.0,0.52,0.63,0.88,1.0,3.0,1.0,2.0,0.0,0.0
8482657,2024,Sebastian Cossa,DET,G,other,1,120.0,0.08,0.0,1.0,0.06,0.0,0.13,0.0,0.87,0.0,0.15,0.0,0.36,0.0,0.35,1.0,0.08,1.0,0.0,0.0,0.08,0.0,0.0,0.0,0.0,0.0,0.0,0.0,0.0
8482657,2024,Sebastian Cossa,DET,G,all,1,2700.0,1.67,2.0,34.0,1.12,1.0,3.75,2.0,16.7,14.0,0.77,0.0,9.02,4.0,6.88,14.0,1.63,17.0,5.0,1.0,0.78,0.59,0.31,1.0,0.0,1.0,11.0,0.0,0.0
8482657,2024,Sebastian Cossa,DET,G,5on5,1,2167.0,1.3,2.0,27.0,0.87,1.0,3.03,2.0,12.93,12.0,0.51,0.0,7.15,4.0,5.2,9.0,1.27,14.0,3.0,1.0,0.6,0.39,0.31,1.0,0.0,1.0,9.0,0.0,0.0
8482657,2024,Sebastian Cossa,DET,G,4on5,1,240.0,0.28,0.0,5.0,0.15,0.0,0.39,0.0,2.11,1.0,0.02,0.0,1.25,0.0,0.86,3.0,0.28,1.0,2.0,0.0,0.08,0.2,0.0,0.0,0.0,0.0,2.0,0.0,0.0
8482657,2024,Sebastian Cossa,DET,G,5on4,1,173.0,0.02,0.0,1.0,0.03,0.0,0.19,0.0,0.79,1.0,0.09,0.0,0.26,0.0,0.48,1.0,0.01,1.0,0.0,0.0,0.02,0.0,0.0,0.0,0.0,0.0,0.0,0.0,0.0
8475683,2024,Sergei Bobrovsky,FLA,G,other,37,4759.0,9.16,6.0,129.0,5.28,5.0,15.37,9.0,72.47,67.0,1.61,0.0,40.82,37.0,24.89,41.0,8.39,66.0,20.0,12.0,2.4,2.54,4.23,2.0,2.0,2.0,31.0,0.0,0.0
8475683,2024,Sergei Bobrovsky,FLA,G,all,37,131058.0,97.0,97.0,1906.0,68.78,103.0,256.27,208.0,1041.71,994.0,42.18,2.0,561.16,465.0,406.8,551.0,92.43,1082.0,232.0,111.0,29.37,28.51,39.12,33.0,39.0,25.0,481.0,0.0,0.0
8475683,2024,Sergei Bobrovsky,FLA,G,5on5,37,105280.0,62.21,64.0,1472.0,48.17,77.0,202.63,172.0,785.97,753.0,33.11,1.0,421.2,345.0,319.37,422.0,59.86,848.0,169.0,63.0,23.03,20.78,18.4,28.0,29.0,7.0,392.0,0.0,0.0
8475683,2024,Sergei Bobrovsky,FLA,G,4on5,37,10486.0,23.97,25.0,273.0,14.34,20.0,34.68,26.0,161.33,150.0,1.02,0.0,91.79,76.0,47.81,70.0,22.62,146.0,38.0,34.0,3.28,4.65,16.04,2.0,7.0,16.0,55.0,0.0,0.0
8475683,2024,Sergei Bobrovsky,FLA,G,5on4,37,10533.0,1.08,2.0,26.0,0.77,1.0,2.95,0.0,18.69,20.0,6.27,1.0,5.99,5.0,13.63,17.0,1.06,20.0,5.0,0.0,0.54,0.54,0.0,1.0,1.0,0.0,1.0,0.0,0.0
8481544,2024,Mads Sogaard,OTT,G,other,2,145.0,0.06,0.0,1.0,0.04,0.0,0.15,0.0,0.71,1.0,0.09,0.0,0.33,0.0,0.4,1.0,0.06,1.0,0.0,0.0,0.06,0.0,0.0,0.0,0.0,0.0,0.0,0.0,0.0
8481544,2024,Mads Sogaard,OTT,G,all,2,5493.0,6.21,8.0,86.0,3.54,7.0,11.22,5.0,45.23,40.0,2.02,0.0,22.75,15.0,16.51,27.0,4.99,38.0,13.0,11.0,1.0,1.7,3.5,4.0,3.0,1.0,24.0,2.0,1.0
8481544,2024,Mads Sogaard,OTT,G,5on5,2,4415.0,3.58,6.0,69.0,2.44,5.0,9.14,2.0,34.72,31.0,1.54,0.0,18.58,13.0,13.87,23.0,3.36,34.0,10.0,5.0,0.87,1.2,1.51,4.0,2.0,0.0,20.0,2.0,1.0
8481544,2024,Mads Sogaard,OTT,G,4on5,2,401.0,2.21,2.0,14.0,0.91,2.0,1.72,3.0,8.54,7.0,0.08,0.0,3.25,1.0,1.62,2.0,1.22,2.0,3.0,5.0,0.06,0.5,1.65,0.0,1.0,1.0,4.0,0.0,0.0
8481544,2024,Mads Sogaard,OTT,G,5on4,2,532.0,0.36,0.0,2.0,0.15,0.0,0.21,0.0,1.25,1.0,0.32,0.0,0.59,1.0,0.63,1.0,0.36,1.0,0.0,1.0,0.01,0.0,0.35,0.0,0.0,0.0,0.0,0.0,0.0
8478470,2024,Sam Montembeault,MTL,G,other,42,3759.0,11.32,5.0,115.0,4.88,12.0,11.43,10.0,61.97,52.0,0.88,2.0,34.4,31.0,17.81,24.0,9.87,44.0,20.0,18.0,2.06,2.72,6.54,1.0,3.0,1.0,33.0,0.0,0.0
8478470,2024,Sam Montembeault,MTL,G,all,42,139494.0,123.99,116.0,2366.0,83.71,121.0,286.69,218.0,1227.54,1123.0,37.23,6.0,652.64,515.0,473.39,690.0,117.69,1184.0,323.0,154.0,34.76,40.15,49.08,43.0,46.0,27.0,705.0,0.0,0.0
8478470,2024,Sam Montembeault,MTL,G,5on5,42,112433.0,88.98,86.0,1838.0,60.34,97.0,232.79,169.0,949.46,865.0,30.44,2.0,497.37,373.0,377.02,562.0,85.48,932.0,249.0,107.0,27.44,30.94,30.6,37.0,35.0,14.0,550.0,0.0,0.0
8478470,2024,Sam Montembeault,MTL,G,4on5,42,12430.0,20.89,21.0,359.0,16.76,12.0,36.57,37.0,182.79,169.0,1.0,0.0,109.04,98.0,56.98,78.0,19.59,173.0,47.0,26.0,4.13,5.62,11.15,3.0,7.0,11.0,113.0,0.0,0.0
8478470,2024,Sam Montembeault,MTL,G,5on4,42,10872.0,2.18,3.0,45.0,1.33,0.0,4.3,1.0,26.15,29.0,4.82,2.0,8.93,9.0,18.35,23.0,2.16,28.0,5.0,3.0,0.78,0.6,0.79,1.0,1.0,1.0,9.0,0.0,0.0
8475311,2024,Darcy Kuemper,LAK,G,other,29,3137.0,8.36,11.0,102.0,4.88,10.0,12.84,10.0,63.15,58.0,0.63,0.0,34.5,23.0,21.33,29.0,7.51,47.0,28.0,9.0,1.72,3.39,3.25,2.0,6.0,3.0,18.0,0.0,0.0
8475311,2024,Darcy Kuemper,LAK,G,all,29,103607.0,73.18,63.0,1627.0,56.67,78.0,207.96,161.0,849.85,768.0,28.97,3.0,464.02,365.0,333.62,494.0,70.0,882.0,213.0,69.0,24.92,26.95,21.31,29.0,21.0,13.0,463.0,2.0,1.0
8475311,2024,Darcy Kuemper,LAK,G,5on5,29,85331.0,48.7,42.0,1299.0,40.67,51.0,167.11,129.0,656.66,590.0,24.1,3.0,358.66,287.0,268.8,395.0,47.26,725.0,142.0,39.0,19.0,18.27,11.43,23.0,12.0,7.0,393.0,2.0,1.0
8475311,2024,Darcy Kuemper,LAK,G,4on5,29,8681.0,14.25,8.0,203.0,10.25,13.0,25.66,22.0,114.73,103.0,0.69,0.0,65.86,52.0,34.09,59.0,13.43,101.0,34.0,19.0,3.93,4.2,6.12,4.0,2.0,2.0,49.0,0.0,0.0
8475311,2024,Darcy Kuemper,LAK,G,5on4,29,6458.0,1.52,1.0,20.0,0.67,3.0,1.95,0.0,12.99,14.0,3.39,0.0,3.98,3.0,8.46,10.0,1.47,8.0,7.0,2.0,0.2,0.81,0.51,0.0,0.0,1.0,3.0,0.0,0.0
8471734,2024,Jonathan Quick,NYR,G,other,18,1906.0,2.68,3.0,43.0,1.64,0.0,4.9,5.0,22.39,18.0,0.4,1.0,12.67,9.0,7.38,13.0,2.58,14.0,16.0,0.0,0.51,2.17,0.0,0.0,3.0,0.0,13.0,0.0,0.0
8471734,2024,Jonathan Quick,NYR,G,all,18,59316.0,49.4,50.0,988.0,35.87,55.0,132.7,71.0,539.16,498.0,17.75,3.0,289.92,239.0,210.12,319.0,47.83,536.0,154.0,46.0,15.97,18.76,14.67,21.0,18.0,11.0,252.0,2.0,1.0
8471734,2024,Jonathan Quick,NYR,G,5on5,18,50630.0,35.35,35.0,830.0,28.36,45.0,113.97,61.0,445.2,414.0,14.76,2.0,240.06,194.0,178.19,274.0,34.3,468.0,112.0,31.0,13.85,13.36,8.14,20.0,13.0,2.0,219.0,2.0,1.0
8471734,2024,Jonathan Quick,NYR,G,4on5,18,3537.0,9.68,9.0,97.0,5.35,9.0,11.88,5.0,59.0,54.0,0.48,0.0,33.33,31.0,16.92,25.0,9.25,44.0,23.0,12.0,1.33,2.89,5.46,0.0,2.0,7.0,18.0,0.0,0.0
8471734,2024,Jonathan Quick,NYR,G,5on4,18,3243.0,0.78,1.0,13.0,0.37,1.0,1.37,0.0,9.22,9.0,2.02,0.0,2.75,3.0,6.47,7.0,0.78,8.0,3.0,1.0,0.19,0.34,0.25,1.0,0.0,0.0,1.0,0.0,0.0
8474682,2024,Dustin Tokarski,CAR,G,other,6,698.0,0.86,0.0,15.0,0.41,1.0,1.57,3.0,7.29,7.0,0.23,0.0,3.78,1.0,3.16,5.0,0.79,9.0,0.0,1.0,0.34,0.0,0.52,0.0,0.0,0.0,5.0,0.0,0.0
8474682,2024,Dustin Tokarski,CAR,G,all,6,21499.0,11.75,13.0,300.0,9.93,12.0,36.65,34.0,150.96,132.0,7.02,1.0,81.77,54.0,61.89,94.0,11.37,160.0,38.0,9.0,4.05,4.75,2.94,7.0,5.0,1.0,93.0,0.0,0.0
8474682,2024,Dustin Tokarski,CAR,G,5on5,6,17234.0,9.0,12.0,242.0,7.67,8.0,29.41,26.0,117.84,99.0,5.57,0.0,64.05,41.0,47.92,75.0,8.88,125.0,32.0,5.0,3.33,4.09,1.57,7.0,4.0,1.0,80.0,0.0,0.0
8474682,2024,Dustin Tokarski,CAR,G,4on5,6,1755.0,1.01,1.0,34.0,1.52,1.0,4.65,5.0,19.24,19.0,0.23,0.0,11.87,12.0,6.32,7.0,0.98,21.0,4.0,1.0,0.33,0.44,0.24,0.0,1.0,0.0,8.0,0.0,0.0
8474682,2024,Dustin Tokarski,CAR,G,5on4,6,1812.0,0.87,0.0,9.0,0.33,2.0,1.01,0.0,6.59,7.0,0.98,1.0,2.07,0.0,4.49,7.0,0.72,5.0,2.0,2.0,0.04,0.22,0.61,0.0,0.0,0.0,0.0,0.0,0.0
8482137,2024,Yaroslav Askarov,SJS,G,other,13,725.0,2.01,3.0,25.0,1.08,0.0,2.49,1.0,12.24,10.0,0.31,0.0,5.77,6.0,4.04,6.0,1.91,10.0,4.0,2.0,0.44,0.45,1.12,1.0,2.0,0.0,9.0,0.0,0.0
8482137,2024,Yaroslav Askarov,SJS,G,all,13,43008.0,38.69,37.0,755.0,27.48,44.0,94.2,56.0,396.58,357.0,11.46,0.0,214.78,190.0,157.04,218.0,36.93,405.0,101.0,40.0,11.37,12.67,14.65,15.0,11.0,11.0,209.0,0.0,0.0
8482137,2024,Yaroslav Askarov,SJS,G,5on5,13,36519.0,28.98,27.0,622.0,21.19,34.0,79.27,49.0,323.23,296.0,9.39,0.0,175.26,154.0,130.33,181.0,27.67,335.0,81.0,30.0,9.63,10.27,9.09,14.0,8.0,5.0,176.0,0.0,0.0
8482137,2024,Yaroslav Askarov,SJS,G,4on5,13,2774.0,7.18,7.0,95.0,4.85,10.0,11.38,6.0,53.27,41.0,0.32,0.0,31.14,29.0,16.45,21.0,6.84,51.0,14.0,8.0,1.08,1.64,4.45,0.0,1.0,6.0,22.0,0.0,0.0
8482137,2024,Yaroslav Askarov,SJS,G,5on4,13,2990.0,0.52,0.0,13.0,0.37,0.0,1.06,0.0,7.84,10.0,1.44,0.0,2.6,1.0,6.22,10.0,0.52,9.0,2.0,0.0,0.23,0.3,0.0,0.0,0.0,0.0,2.0,0.0,0.0
8477465,2024,Tristan Jarry,PIT,G,other,22,1356.0,4.84,3.0,61.0,2.26,4.0,6.03,5.0,31.24,22.0,0.47,0.0,18.39,13.0,10.4,18.0,3.85,30.0,6.0,7.0,1.15,0.81,2.87,1.0,0.0,2.0,18.0,0.0,0.0
8477465,2024,Tristan Jarry,PIT,G,all,22,75125.0,59.48,69.0,1223.0,43.7,63.0,156.32,115.0,645.58,597.0,21.74,0.0,353.78,264.0,260.71,383.0,56.7,681.0,154.0,61.0,19.89,19.45,20.14,30.0,21.0,18.0,327.0,2.0,1.0
8477465,2024,Tristan Jarry,PIT,G,5on5,22,63345.0,43.73,53.0,991.0,33.82,51.0,130.51,93.0,518.56,471.0,17.77,0.0,281.84,210.0,209.49,308.0,42.25,549.0,125.0,43.0,15.6,16.02,12.11,25.0,19.0,9.0,274.0,2.0,1.0
8477465,2024,Tristan Jarry,PIT,G,4on5,22,4680.0,9.18,9.0,131.0,6.24,5.0,15.63,15.0,71.84,75.0,0.27,0.0,44.28,37.0,23.29,35.0,8.89,73.0,18.0,10.0,2.32,1.97,4.9,1.0,1.0,7.0,30.0,0.0,0.0
8477465,2024,Tristan Jarry,PIT,G,5on4,22,5744.0,1.54,2.0,34.0,1.22,3.0,3.57,2.0,21.49,27.0,3.21,0.0,7.9,4.0,15.96,20.0,1.52,25.0,5.0,1.0,0.64,0.65,0.25,1.0,1.0,0.0,3.0,0.0,0.0
8482982,2024,Jet Greaves,CBJ,G,other,5,459.0,0.96,4.0,16.0,0.7,1.0,1.55,1.0,7.97,10.0,0.38,1.0,4.99,2.0,2.54,3.0,0.95,8.0,2.0,1.0,0.38,0.27,0.31,2.0,1.0,1.0,5.0,0.0,0.0
8482982,2024,Jet Greaves,CBJ,G,all,5,18098.0,16.3,15.0,320.0,11.71,27.0,41.45,42.0,170.84,159.0,5.56,1.0,92.97,58.0,66.76,93.0,15.49,168.0,51.0,16.0,5.22,6.43,4.65,6.0,8.0,1.0,85.0,0.0,0.0
8482982,2024,Jet Greaves,CBJ,G,5on5,5,15410.0,14.0,10.0,287.0,10.23,25.0,38.42,40.0,153.25,142.0,4.23,0.0,83.63,54.0,60.44,83.0,13.25,155.0,43.0,14.0,4.71,5.24,4.04,4.0,6.0,0.0,75.0,0.0,0.0
8482982,2024,Jet Greaves,CBJ,G,4on5,5,783.0,0.65,1.0,12.0,0.51,0.0,0.94,1.0,5.51,3.0,0.1,0.0,3.19,2.0,1.55,3.0,0.64,3.0,4.0,0.0,0.03,0.63,0.0,0.0,1.0,0.0,5.0,0.0,0.0
8482982,2024,Jet Greaves,CBJ,G,5on4,5,1446.0,0.69,0.0,5.0,0.27,1.0,0.55,0.0,4.11,4.0,0.86,0.0,1.15,0.0,2.22,4.0,0.66,2.0,2.0,1.0,0.1,0.29,0.3,0.0,0.0,0.0,0.0,0.0,0.0
8475717,2024,Calvin Pickard,EDM,G,other,21,1871.0,2.02,1.0,49.0,1.83,2.0,5.36,2.0,23.85,22.0,0.6,0.0,14.88,16.0,8.0,12.0,1.74,25.0,6.0,2.0,0.83,0.64,0.56,0.0,1.0,0.0,16.0,0.0,0.0
8475717,2024,Calvin Pickard,EDM,G,all,21,68640.0,43.77,48.0,964.0,31.31,40.0,120.98,84.0,500.07,484.0,21.81,1.0,273.73,209.0,202.59,307.0,42.32,523.0,124.0,42.0,15.35,14.99,13.43,21.0,16.0,11.0,275.0,0.0,0.0
8475717,2024,Calvin Pickard,EDM,G,5on5,21,57898.0,33.76,35.0,808.0,25.73,36.0,105.07,72.0,419.36,408.0,18.18,1.0,229.51,173.0,170.04,261.0,32.77,450.0,96.0,32.0,12.85,11.79,9.13,19.0,10.0,6.0,230.0,0.0,0.0
8475717,2024,Calvin Pickard,EDM,G,4on5,21,3877.0,6.77,11.0,83.0,3.06,1.0,8.03,10.0,40.01,39.0,0.31,0.0,24.17,17.0,12.69,17.0,6.63,31.0,18.0,7.0,1.26,2.02,3.49,1.0,5.0,5.0,27.0,0.0,0.0
8475717,2024,Calvin Pickard,EDM,G,5on4,21,4994.0,1.22,1.0,24.0,0.69,1.0,2.52,0.0,16.84,15.0,2.62,0.0,5.18,3.0,11.87,17.0,1.18,17.0,4.0,1.0,0.42,0.55,0.26,1.0,0.0,0.0,2.0,0.0,0.0
8474593,2024,Jacob Markstrom,NJD,G,other,36,3213.0,5.71,5.0,92.0,3.68,6.0,10.3,6.0,47.67,40.0,1.3,0.0,29.43,29.0,15.26,19.0,5.01,40.0,18.0,8.0,1.68,1.85,2.18,4.0,1.0,0.0,26.0,0.0,0.0
8474593,2024,Jacob Markstrom,NJD,G,all,36,127672.0,89.34,78.0,1981.0,67.68,89.0,253.39,196.0,1016.9,886.0,38.84,1.0,557.85,448.0,402.19,592.0,83.96,1065.0,251.0,89.0,30.73,30.66,27.95,43.0,25.0,10.0,576.0,0.0,0.0
8474593,2024,Jacob Markstrom,NJD,G,5on5,36,106041.0,62.48,58.0,1584.0,50.2,64.0,210.35,168.0,809.05,714.0,31.21,1.0,441.64,346.0,327.81,483.0,60.89,872.0,197.0,51.0,24.53,24.11,13.84,33.0,20.0,5.0,464.0,0.0,0.0
8474593,2024,Jacob Markstrom,NJD,G,4on5,36,9790.0,17.51,13.0,255.0,11.98,17.0,28.01,21.0,128.51,103.0,0.72,0.0,76.28,69.0,39.93,58.0,14.52,128.0,23.0,27.0,3.54,2.97,11.0,5.0,3.0,5.0,77.0,0.0,0.0
8474593,2024,Jacob Markstrom,NJD,G,5on4,36,8628.0,2.85,1.0,39.0,1.4,2.0,3.47,1.0,24.74,25.0,5.23,0.0,7.64,3.0,15.76,25.0,2.74,20.0,9.0,3.0,0.68,1.24,0.92,1.0,0.0,0.0,7.0,0.0,0.0
8470594,2024,Marc-Andre Fleury,MIN,G,other,19,1857.0,4.21,2.0,60.0,2.36,6.0,5.91,1.0,29.97,26.0,0.52,0.0,18.46,19.0,9.95,14.0,3.83,26.0,10.0,6.0,1.1,1.18,1.93,1.0,0.0,1.0,18.0,0.0,0.0
8470594,2024,Marc-Andre Fleury,MIN,G,all,19,64505.0,43.62,46.0,1048.0,35.3,42.0,131.83,85.0,538.99,512.0,17.16,0.0,304.2,264.0,217.14,313.0,42.05,591.0,123.0,36.0,16.41,14.96,12.24,20.0,17.0,9.0,298.0,2.0,1.0
8470594,2024,Marc-Andre Fleury,MIN,G,5on5,19,54120.0,30.26,33.0,868.0,27.5,29.0,111.59,76.0,438.84,421.0,14.24,0.0,248.5,215.0,181.51,261.0,29.4,503.0,92.0,19.0,13.53,11.38,5.35,16.0,15.0,2.0,254.0,2.0,1.0
8470594,2024,Marc-Andre Fleury,MIN,G,4on5,19,3992.0,8.26,10.0,102.0,4.96,7.0,12.55,8.0,58.98,53.0,0.22,0.0,33.87,27.0,17.57,27.0,7.94,50.0,20.0,9.0,1.47,2.31,4.47,3.0,1.0,6.0,23.0,0.0,0.0
8470594,2024,Marc-Andre Fleury,MIN,G,5on4,19,4536.0,0.89,1.0,18.0,0.49,0.0,1.79,0.0,11.21,12.0,2.18,0.0,3.37,3.0,8.1,11.0,0.88,12.0,1.0,2.0,0.3,0.1,0.49,0.0,1.0,0.0,3.0,0.0,0.0
8478039,2024,Kaapo Kahkonen,COL,G,other,1,129.0,0.0,0.0,1.0,0.0,0.0,0.0,0.0,0.0,0.0,0.03,0.0,0.0,0.0,0.0,0.0,0.0,0.0,0.0,0.0,0.0,0.0,0.0,0.0,0.0,0.0,1.0,0.0,0.0
8478039,2024,Kaapo Kahkonen,COL,G,all,1,3496.0,1.85,4.0,45.0,1.51,5.0,6.2,2.0,24.1,20.0,1.21,0.0,12.76,6.0,9.81,16.0,1.79,26.0,5.0,2.0,0.73,0.59,0.53,2.0,1.0,1.0,12.0,0.0,0.0
8478039,2024,Kaapo Kahkonen,COL,G,5on5,1,2559.0,1.61,4.0,34.0,1.15,4.0,4.98,2.0,19.52,17.0,0.89,0.0,10.47,5.0,8.1,12.0,1.55,22.0,3.0,2.0,0.69,0.38,0.53,2.0,1.0,1.0,7.0,0.0,0.0
8478039,2024,Kaapo Kahkonen,COL,G,4on5,1,411.0,0.04,0.0,8.0,0.21,0.0,0.91,0.0,2.91,2.0,0.01,0.0,1.79,1.0,0.95,3.0,0.04,4.0,0.0,0.0,0.04,0.0,0.0,0.0,0.0,0.0,4.0,0.0,0.0
8478039,2024,Kaapo Kahkonen,COL,G,5on4,1,397.0,0.21,0.0,2.0,0.14,1.0,0.31,0.0,1.67,1.0,0.28,0.0,0.5,0.0,0.76,1.0,0.2,0.0,2.0,0.0,0.0,0.21,0.0,0.0,0.0,0.0,0.0,0.0,0.0
8478024,2024,Ville Husso,DET,G,other,9,689.0,0.41,2.0,15.0,0.4,0.0,1.7,1.0,6.8,7.0,0.28,0.0,3.59,2.0,2.7,4.0,0.3,8.0,1.0,0.0,0.25,0.17,0.0,2.0,0.0,0.0,6.0,0.0,0.0
8478024,2024,Ville Husso,DET,G,all,9,26329.0,19.02,27.0,417.0,14.18,16.0,54.95,35.0,220.98,202.0,7.57,2.0,118.96,101.0,88.64,123.0,18.43,233.0,49.0,21.0,6.44,5.87,6.71,15.0,4.0,8.0,114.0,0.0,0.0
8478024,2024,Ville Husso,DET,G,5on5,9,22202.0,14.69,18.0,361.0,12.25,15.0,49.82,34.0,194.3,174.0,6.11,2.0,106.15,92.0,78.59,108.0,14.28,209.0,44.0,15.0,5.6,5.19,3.9,11.0,4.0,3.0,93.0,0.0,0.0
8478024,2024,Ville Husso,DET,G,4on5,9,1378.0,3.23,5.0,32.0,1.17,1.0,2.59,0.0,13.65,13.0,0.07,0.0,7.07,7.0,3.55,5.0,3.16,11.0,2.0,5.0,0.36,0.26,2.61,0.0,0.0,5.0,14.0,0.0,0.0
8478024,2024,Ville Husso,DET,G,5on4,9,2060.0,0.33,1.0,6.0,0.24,0.0,0.44,0.0,3.74,5.0,1.1,0.0,1.29,0.0,2.6,4.0,0.33,4.0,1.0,0.0,0.18,0.15,0.0,1.0,0.0,0.0,1.0,0.0,0.0
8478971,2024,Connor Ingram,UTA,G,other,21,1812.0,4.73,8.0,51.0,1.76,1.0,5.25,4.0,25.46,22.0,0.63,0.0,12.85,10.0,8.52,10.0,4.22,17.0,10.0,7.0,0.76,1.17,2.8,2.0,2.0,4.0,17.0,0.0,0.0
8478971,2024,Connor Ingram,UTA,G,all,21,69091.0,52.35,62.0,1116.0,38.05,55.0,143.82,110.0,585.99,534.0,19.66,0.0,308.93,281.0,233.1,287.0,50.22,583.0,162.0,51.0,16.74,19.37,16.24,27.0,25.0,10.0,320.0,2.0,1.0
8478971,2024,Connor Ingram,UTA,G,5on5,21,57269.0,38.49,40.0,877.0,27.54,40.0,116.1,87.0,456.74,418.0,16.26,0.0,240.32,226.0,184.31,229.0,37.28,467.0,117.0,38.0,13.62,14.09,10.78,21.0,15.0,4.0,255.0,0.0,0.0
8478971,2024,Connor Ingram,UTA,G,4on5,21,5411.0,7.01,10.0,155.0,7.76,13.0,19.16,19.0,81.57,72.0,0.42,0.0,48.12,38.0,25.99,31.0,6.65,81.0,25.0,5.0,1.74,2.87,2.39,3.0,5.0,2.0,44.0,0.0,0.0
8478971,2024,Connor Ingram,UTA,G,5on4,21,4599.0,1.4,2.0,23.0,0.64,1.0,2.13,0.0,15.88,18.0,2.11,0.0,4.91,4.0,11.45,14.0,1.36,15.0,5.0,1.0,0.51,0.63,0.27,1.0,1.0,0.0,2.0,2.0,1.0
8480193,2024,Daniil Tarasov,CBJ,G,other,14,984.0,3.1,6.0,31.0,1.34,2.0,3.72,4.0,19.78,19.0,0.11,0.0,11.31,8.0,6.87,7.0,2.9,13.0,9.0,5.0,0.52,1.06,1.52,2.0,2.0,2.0,4.0,0.0,0.0
8480193,2024,Daniil Tarasov,CBJ,G,all,14,50701.0,45.98,52.0,862.0,31.29,57.0,110.7,65.0,461.19,421.0,13.65,0.0,252.74,192.0,175.77,265.0,43.96,438.0,147.0,47.0,13.24,18.68,14.05,17.0,26.0,9.0,230.0,0.0,0.0
8480193,2024,Daniil Tarasov,CBJ,G,5on5,14,42785.0,35.12,39.0,715.0,24.18,49.0,93.25,52.0,373.5,327.0,11.15,0.0,201.7,151.0,144.14,220.0,33.74,364.0,114.0,33.0,10.78,14.41,9.93,13.0,21.0,5.0,204.0,0.0,0.0
8480193,2024,Daniil Tarasov,CBJ,G,4on5,14,3373.0,6.64,7.0,98.0,5.19,6.0,11.91,8.0,56.27,61.0,0.49,0.0,35.48,30.0,17.83,27.0,6.2,51.0,20.0,8.0,1.61,2.68,2.35,2.0,3.0,2.0,19.0,0.0,0.0
8480193,2024,Daniil Tarasov,CBJ,G,5on4,14,3559.0,0.56,0.0,10.0,0.33,0.0,0.89,0.0,6.99,8.0,1.69,0.0,2.27,2.0,4.75,7.0,0.56,6.0,3.0,0.0,0.18,0.39,0.0,0.0,0.0,0.0,1.0,0.0,0.0
8478492,2024,Ilya Samsonov,VGK,G,other,22,1462.0,3.91,1.0,49.0,2.12,2.0,4.79,5.0,24.13,18.0,0.26,0.0,14.36,15.0,5.99,9.0,3.51,14.0,12.0,6.0,0.57,1.36,1.98,0.0,1.0,0.0,17.0,0.0,0.0
8478492,2024,Ilya Samsonov,VGK,G,all,22,79303.0,62.81,60.0,1287.0,44.56,75.0,166.27,123.0,667.26,580.0,23.99,0.0,356.11,322.0,257.4,329.0,59.35,668.0,170.0,72.0,18.88,21.4,22.52,23.0,22.0,15.0,377.0,2.0,1.0
8478492,2024,Ilya Samsonov,VGK,G,5on5,22,69630.0,47.52,43.0,1088.0,36.19,60.0,144.95,108.0,563.47,493.0,20.79,0.0,299.37,265.0,223.6,294.0,45.32,587.0,134.0,50.0,16.11,17.38,14.03,21.0,16.0,6.0,317.0,2.0,1.0
8478492,2024,Ilya Samsonov,VGK,G,4on5,22,3985.0,9.47,13.0,126.0,5.42,11.0,14.09,8.0,64.59,53.0,0.32,0.0,37.42,38.0,19.41,18.0,8.91,56.0,20.0,12.0,1.88,2.25,5.33,1.0,4.0,8.0,38.0,0.0,0.0
8478492,2024,Ilya Samsonov,VGK,G,5on4,22,4226.0,0.57,1.0,13.0,0.36,0.0,0.98,1.0,7.83,7.0,2.59,0.0,2.36,1.0,5.52,7.0,0.56,7.0,2.0,1.0,0.13,0.2,0.23,1.0,0.0,0.0,3.0,0.0,0.0
8479312,2024,Alex Lyon,DET,G,other,22,1885.0,4.49,0.0,56.0,2.49,7.0,6.35,6.0,31.02,28.0,0.64,0.0,18.81,20.0,8.61,9.0,3.9,23.0,14.0,5.0,0.88,1.7,1.92,0.0,0.0,0.0,14.0,0.0,0.0
8479312,2024,Alex Lyon,DET,G,all,22,67100.0,55.64,50.0,1082.0,39.7,61.0,139.93,108.0,574.15,522.0,17.78,2.0,318.43,254.0,222.3,322.0,52.15,563.0,171.0,62.0,16.15,20.68,18.8,21.0,22.0,7.0,286.0,2.0,1.0
8479312,2024,Alex Lyon,DET,G,5on5,22,55668.0,39.32,39.0,865.0,29.41,40.0,113.75,91.0,450.45,409.0,13.78,2.0,247.65,191.0,181.36,266.0,37.48,465.0,118.0,44.0,12.48,14.49,12.35,19.0,17.0,3.0,238.0,2.0,1.0
8479312,2024,Alex Lyon,DET,G,4on5,22,4285.0,10.88,10.0,142.0,7.21,14.0,17.59,10.0,79.65,74.0,0.25,0.0,47.37,41.0,24.09,34.0,9.82,61.0,37.0,12.0,2.29,4.29,4.3,2.0,5.0,3.0,32.0,0.0,0.0
8479312,2024,Alex Lyon,DET,G,5on4,22,5262.0,0.46,0.0,12.0,0.34,0.0,1.08,1.0,7.68,5.0,2.98,0.0,2.36,2.0,5.53,7.0,0.46,8.0,2.0,0.0,0.26,0.21,0.0,0.0,0.0,0.0,2.0,0.0,0.0
8475883,2024,Frederik Andersen,CAR,G,other,9,358.0,0.78,0.0,8.0,0.43,0.0,0.97,0.0,5.52,7.0,0.31,0.0,2.61,2.0,2.04,5.0,0.78,3.0,3.0,1.0,0.09,0.48,0.2,0.0,0.0,0.0,1.0,0.0,0.0
8475883,2024,Frederik Andersen,CAR,G,all,9,32227.0,24.09,19.0,425.0,16.65,28.0,54.92,32.0,237.57,220.0,12.06,2.0,125.18,99.0,92.31,143.0,22.46,225.0,69.0,27.0,6.53,8.73,8.83,8.0,7.0,4.0,104.0,0.0,0.0
8475883,2024,Frederik Andersen,CAR,G,5on5,9,26346.0,14.69,16.0,319.0,11.15,15.0,41.66,24.0,174.37,163.0,10.06,2.0,91.71,62.0,70.15,118.0,14.23,175.0,46.0,14.0,4.89,5.9,3.9,8.0,7.0,1.0,84.0,0.0,0.0
8475883,2024,Frederik Andersen,CAR,G,4on5,9,2872.0,8.2,3.0,87.0,4.77,13.0,10.91,7.0,50.11,42.0,0.2,0.0,28.44,33.0,14.87,13.0,7.03,39.0,18.0,12.0,1.33,2.14,4.73,0.0,0.0,3.0,18.0,0.0,0.0
8475883,2024,Frederik Andersen,CAR,G,5on4,9,2651.0,0.42,0.0,11.0,0.29,0.0,1.39,1.0,7.57,8.0,1.49,0.0,2.43,2.0,5.24,7.0,0.42,8.0,2.0,0.0,0.22,0.2,0.0,0.0,0.0,0.0,1.0,0.0,0.0
8481519,2024,Spencer Knight,FLA,G,other,22,2204.0,3.68,4.0,51.0,2.31,5.0,6.59,4.0,30.62,30.0,0.73,0.0,17.62,18.0,9.64,10.0,3.57,28.0,9.0,4.0,0.92,1.19,1.56,1.0,1.0,2.0,10.0,0.0,0.0
8481519,2024,Spencer Knight,FLA,G,all,22,74321.0,55.77,51.0,1124.0,41.88,64.0,150.24,128.0,611.66,542.0,22.88,0.0,332.19,270.0,237.92,323.0,53.28,620.0,159.0,60.0,17.32,19.81,18.64,18.0,19.0,14.0,285.0,0.0,0.0
8481519,2024,Spencer Knight,FLA,G,5on5,22,62194.0,41.66,39.0,913.0,32.28,46.0,125.81,111.0,494.72,432.0,18.9,0.0,268.84,215.0,196.63,269.0,40.24,513.0,126.0,43.0,14.14,15.51,12.01,17.0,14.0,8.0,231.0,0.0,0.0
8481519,2024,Spencer Knight,FLA,G,4on5,22,5236.0,8.0,6.0,132.0,6.32,9.0,14.77,12.0,67.81,58.0,0.58,0.0,39.9,30.0,20.63,34.0,7.69,65.0,18.0,9.0,1.94,2.33,3.73,0.0,2.0,4.0,40.0,0.0,0.0
8481519,2024,Spencer Knight,FLA,G,5on4,22,4687.0,2.24,2.0,23.0,0.8,4.0,2.53,1.0,15.65,18.0,2.6,0.0,4.39,5.0,9.43,8.0,1.57,10.0,6.0,4.0,0.12,0.77,1.34,0.0,2.0,0.0,3.0,0.0,0.0
8475852,2024,Petr Mrazek,CHI,G,other,31,2140.0,4.78,4.0,62.0,2.81,9.0,7.17,3.0,33.95,36.0,0.84,0.0,21.47,20.0,10.43,12.0,4.08,25.0,17.0,6.0,0.91,2.15,1.72,1.0,2.0,1.0,14.0,0.0,0.0
8475852,2024,Petr Mrazek,CHI,G,all,31,105589.0,88.26,96.0,1871.0,66.9,122.0,237.72,182.0,970.66,928.0,24.42,1.0,528.74,430.0,379.13,502.0,83.99,971.0,267.0,96.0,26.86,33.03,28.37,29.0,48.0,19.0,537.0,0.0,0.0
8475852,2024,Petr Mrazek,CHI,G,5on5,31,87328.0,65.92,70.0,1536.0,51.14,96.0,198.88,153.0,779.05,738.0,19.56,1.0,420.54,344.0,309.87,408.0,63.25,796.0,208.0,69.0,22.34,25.95,17.63,26.0,34.0,10.0,463.0,0.0,0.0
8475852,2024,Petr Mrazek,CHI,G,4on5,31,9051.0,15.28,16.0,236.0,11.67,17.0,27.81,24.0,130.8,129.0,0.72,0.0,78.16,64.0,40.64,57.0,14.39,127.0,31.0,20.0,2.9,3.63,8.75,1.0,7.0,8.0,58.0,0.0,0.0
8475852,2024,Petr Mrazek,CHI,G,5on4,31,7070.0,1.94,4.0,34.0,1.11,0.0,3.48,2.0,24.44,23.0,3.3,0.0,7.51,2.0,17.22,24.0,1.93,23.0,8.0,1.0,0.71,0.96,0.27,1.0,3.0,0.0,2.0,0.0,0.0
8475809,2024,Scott Wedgewood,COL,G,other,14,1531.0,2.66,2.0,34.0,1.61,3.0,4.05,4.0,20.07,18.0,0.43,0.0,10.99,11.0,6.99,7.0,2.53,14.0,9.0,4.0,0.63,1.05,0.97,2.0,0.0,0.0,7.0,0.0,0.0
8475809,2024,Scott Wedgewood,COL,G,all,14,45620.0,34.57,36.0,716.0,25.68,36.0,92.62,79.0,377.93,354.0,12.32,1.0,206.03,162.0,146.42,204.0,33.38,382.0,101.0,35.0,11.2,12.0,11.37,20.0,10.0,6.0,198.0,0.0,0.0
8475809,2024,Scott Wedgewood,COL,G,5on5,14,36378.0,22.81,24.0,568.0,18.99,31.0,76.36,67.0,296.55,279.0,9.88,1.0,161.78,120.0,119.0,166.0,21.92,319.0,72.0,18.0,8.83,8.68,5.3,16.0,8.0,0.0,159.0,0.0,0.0
8475809,2024,Scott Wedgewood,COL,G,4on5,14,3868.0,8.28,10.0,103.0,4.64,1.0,10.88,8.0,53.71,48.0,0.24,0.0,30.86,29.0,15.67,24.0,8.13,42.0,19.0,11.0,1.47,2.15,4.66,2.0,2.0,6.0,31.0,0.0,0.0
8475809,2024,Scott Wedgewood,COL,G,5on4,14,3843.0,0.82,0.0,11.0,0.43,1.0,1.32,0.0,7.61,9.0,1.77,0.0,2.4,2.0,4.76,7.0,0.8,7.0,1.0,2.0,0.28,0.12,0.43,0.0,0.0,0.0,1.0,0.0,0.0
8476412,2024,Jordan Binnington,STL,G,other,39,2535.0,4.26,8.0,77.0,2.89,1.0,7.51,5.0,41.95,31.0,0.58,0.0,24.12,16.0,15.92,26.0,4.18,35.0,20.0,1.0,1.53,2.43,0.3,2.0,6.0,0.0,21.0,0.0,0.0
8476412,2024,Jordan Binnington,STL,G,all,39,134711.0,108.23,108.0,2160.0,75.0,111.0,276.71,221.0,1133.52,1042.0,34.33,1.0,609.15,491.0,443.9,619.0,101.86,1152.0,270.0,129.0,32.35,33.44,42.44,41.0,37.0,30.0,609.0,2.0,1.0
8476412,2024,Jordan Binnington,STL,G,5on5,39,114817.0,77.27,74.0,1791.0,58.64,88.0,237.01,193.0,929.65,857.0,28.47,0.0,500.7,407.0,371.13,513.0,74.44,981.0,205.0,90.0,27.13,25.53,24.6,36.0,28.0,10.0,515.0,0.0,0.0
8476412,2024,Jordan Binnington,STL,G,4on5,39,9478.0,25.11,24.0,258.0,12.5,21.0,28.64,22.0,140.37,131.0,0.67,0.0,77.19,66.0,41.79,57.0,21.65,112.0,43.0,35.0,3.08,5.21,16.82,3.0,3.0,18.0,68.0,0.0,0.0
8476412,2024,Jordan Binnington,STL,G,5on4,39,7881.0,1.28,1.0,29.0,0.81,1.0,2.97,1.0,18.45,19.0,4.5,1.0,5.91,2.0,13.43,20.0,1.28,21.0,2.0,2.0,0.54,0.27,0.47,0.0,0.0,1.0,4.0,2.0,1.0
8476899,2024,Matt Murray,TOR,G,other,2,367.0,0.16,1.0,6.0,0.17,0.0,0.53,0.0,2.87,3.0,0.09,0.0,1.7,1.0,1.36,2.0,0.16,4.0,0.0,0.0,0.16,0.0,0.0,1.0,0.0,0.0,2.0,0.0,0.0
8476899,2024,Matt Murray,TOR,G,all,2,7119.0,4.42,7.0,122.0,3.84,3.0,15.95,15.0,61.54,58.0,2.17,0.0,35.97,25.0,25.72,38.0,4.36,75.0,11.0,2.0,2.16,1.29,0.97,5.0,1.0,1.0,34.0,0.0,0.0
8476899,2024,Matt Murray,TOR,G,5on5,2,5862.0,3.42,5.0,101.0,3.15,3.0,14.06,11.0,51.68,46.0,1.86,0.0,29.7,22.0,21.87,33.0,3.38,62.0,11.0,1.0,1.82,1.29,0.32,4.0,1.0,0.0,27.0,0.0,0.0
8476899,2024,Matt Murray,TOR,G,4on5,2,319.0,0.83,1.0,13.0,0.51,0.0,1.23,4.0,6.23,8.0,0.02,0.0,4.31,2.0,1.92,2.0,0.81,8.0,0.0,1.0,0.17,0.0,0.66,0.0,0.0,1.0,4.0,0.0,0.0
8476899,2024,Matt Murray,TOR,G,5on4,2,571.0,0.01,0.0,2.0,0.02,0.0,0.13,0.0,0.75,1.0,0.21,0.0,0.25,0.0,0.58,1.0,0.01,1.0,0.0,0.0,0.01,0.0,0.0,0.0,0.0,0.0,1.0,0.0,0.0
8477424,2024,Juuse Saros,NSH,G,other,41,3693.0,5.38,9.0,84.0,3.02,0.0,8.59,5.0,43.88,41.0,1.83,0.0,24.06,17.0,16.61,28.0,5.32,33.0,20.0,6.0,1.27,2.45,1.65,1.0,3.0,5.0,25.0,0.0,0.0
8477424,2024,Juuse Saros,NSH,G,all,41,141608.0,112.5,116.0,2243.0,81.59,111.0,292.72,211.0,1202.89,1137.0,42.15,2.0,643.92,501.0,474.21,705.0,106.98,1198.0,333.0,114.0,35.29,40.64,36.57,51.0,36.0,29.0,598.0,4.0,2.0
8477424,2024,Juuse Saros,NSH,G,5on5,41,117045.0,80.93,90.0,1835.0,62.61,92.0,246.56,172.0,974.34,921.0,34.45,2.0,523.5,397.0,392.65,588.0,78.1,1008.0,257.0,74.0,29.28,31.41,20.24,48.0,28.0,14.0,496.0,4.0,2.0
8477424,2024,Juuse Saros,NSH,G,4on5,41,11001.0,23.35,14.0,276.0,14.23,19.0,32.66,32.0,153.15,141.0,0.92,0.0,85.82,79.0,43.97,60.0,20.73,128.0,45.0,32.0,3.84,5.43,14.08,1.0,4.0,9.0,71.0,0.0,0.0
8477424,2024,Juuse Saros,NSH,G,5on4,41,9869.0,2.42,1.0,44.0,1.58,0.0,4.49,2.0,29.3,31.0,4.93,0.0,9.66,8.0,19.93,28.0,2.41,27.0,11.0,1.0,0.79,1.34,0.29,0.0,1.0,0.0,5.0,0.0,0.0
8482446,2024,Joel Blomqvist,PIT,G,other,11,665.0,1.88,3.0,17.0,1.02,2.0,2.15,0.0,10.18,11.0,0.13,0.0,6.55,6.0,1.93,3.0,1.47,5.0,6.0,3.0,0.14,0.73,1.0,1.0,1.0,1.0,3.0,0.0,0.0
8482446,2024,Joel Blomqvist,PIT,G,all,11,35628.0,34.45,35.0,629.0,22.59,36.0,82.16,67.0,338.29,337.0,10.45,4.0,179.7,150.0,131.83,174.0,32.59,314.0,110.0,38.0,9.08,13.59,11.79,13.0,18.0,4.0,167.0,0.0,0.0
8482446,2024,Joel Blomqvist,PIT,G,5on5,11,29463.0,23.93,28.0,497.0,17.14,28.0,68.65,57.0,271.96,268.0,8.55,4.0,142.61,114.0,107.77,142.0,22.93,267.0,78.0,24.0,7.48,9.92,6.53,11.0,16.0,1.0,128.0,0.0,0.0
8482446,2024,Joel Blomqvist,PIT,G,4on5,11,2773.0,7.67,4.0,97.0,3.75,5.0,9.47,10.0,45.3,47.0,0.32,0.0,26.53,29.0,14.12,15.0,7.22,30.0,23.0,10.0,1.08,2.56,4.03,1.0,1.0,2.0,34.0,0.0,0.0
8482446,2024,Joel Blomqvist,PIT,G,5on4,11,2727.0,0.97,0.0,18.0,0.68,1.0,1.89,0.0,10.85,11.0,1.45,0.0,4.01,1.0,8.01,14.0,0.97,12.0,3.0,1.0,0.38,0.38,0.22,0.0,0.0,0.0,2.0,0.0,0.0
8482821,2024,Arvid Soderblom,CHI,G,other,25,1913.0,6.31,5.0,67.0,3.49,6.0,7.91,5.0,41.14,41.0,0.52,0.0,23.7,27.0,12.15,12.0,5.89,35.0,10.0,10.0,1.46,1.33,3.52,1.0,0.0,4.0,12.0,0.0,0.0
8482821,2024,Arvid Soderblom,CHI,G,all,25,87308.0,76.55,73.0,1515.0,57.64,80.0,194.36,146.0,826.59,780.0,20.94,1.0,457.53,351.0,322.6,484.0,72.41,857.0,195.0,84.0,24.89,25.53,26.13,33.0,24.0,16.0,379.0,0.0,0.0
8482821,2024,Arvid Soderblom,CHI,G,5on5,25,74482.0,55.54,59.0,1250.0,44.09,61.0,162.58,121.0,670.0,634.0,18.19,1.0,369.07,269.0,271.58,413.0,53.41,716.0,152.0,57.0,20.71,19.96,14.87,30.0,22.0,7.0,325.0,0.0,0.0
8482821,2024,Arvid Soderblom,CHI,G,4on5,25,6781.0,12.71,6.0,177.0,9.47,13.0,22.17,20.0,103.21,92.0,0.36,0.0,60.84,51.0,31.43,50.0,11.12,96.0,30.0,14.0,2.48,3.81,6.42,2.0,1.0,3.0,37.0,0.0,0.0
8482821,2024,Arvid Soderblom,CHI,G,5on4,25,4132.0,1.24,2.0,18.0,0.54,0.0,1.5,0.0,10.62,11.0,1.85,0.0,3.48,4.0,6.92,8.0,1.24,9.0,3.0,2.0,0.2,0.44,0.61,0.0,1.0,1.0,4.0,0.0,0.0
